Feature_1,Feature_2,Feature_3,Feature_4,Feature_5,Feature_6,Feature_7,Feature_8,Feature_9,Feature_10,Feature_11,Feature_12,Feature_13,Feature_14,Feature_15,Feature_16,Feature_17,Feature_18,Feature_19,Feature_20,Feature_21,Target
75.15908713167562,4.45957577340148,751.9980050311672,754.367550586883,132.91524772198568,0.0,2463.262421126947,101.202482133991,1190.9653500970169,9474.497568568318,8985.724852199251,-996.045159846681,26.697205012074516,16040.431457435448,18948.0,-256.5974705919059,16281.746589601044,350.8868023503102,-0.18018737431940973,27445.808996104664,50.98684565829283,0
53.59037144729178,4.562308351960904,751.0004951167116,752.8201110872257,133.46078078666991,0.0,1553.1746219349639,100.19367787322389,1195.6212237145419,9427.18852716949,9093.049048874758,-554.2726872634402,23.31432890677404,16838.287209743325,18996.108990260247,80.08194781468933,16044.495250871345,343.16495086093846,0.2596032048245899,28142.090080526104,49.94582123698153,0
56.87805490351912,4.378285588368795,750.9746125881151,752.6887797635643,132.5571953362797,0.12375063552178386,1528.916199994179,99.33653414488697,1211.7477451358222,9436.144734561933,8975.82969346407,56.44067650182359,28.750963804123828,16869.997938837,19136.416194175155,-146.10655282301354,16618.539043846253,353.995874180635,-0.009487197085653936,27842.917662942695,48.91813032727833,0
24.619835380310846,4.934214636731022,752.3390466313058,753.17367768109,134.87191481853793,0.04984813036834496,781.2407806961053,100.90307276585295,1243.5397894905614,9450.584531347751,9079.718220318797,-3100.2385265606335,28.206712136853834,16623.792075035046,19335.02780264049,28.955641210955363,16037.5045952026,348.37659708173874,0.3233899408634496,28381.469135311014,49.391126542420864,0
36.19434391622487,4.278118501379504,752.1268615346028,753.4736438150255,132.44792076789113,0.06596051462144456,1342.4841592685377,101.35085265721037,1184.8743770090132,9438.518736700456,8989.029793550333,-1970.7517640944698,26.838171081574274,16674.5385367088,19446.839696813677,-113.5256715335409,16180.88143323733,347.4317264797967,0.04482948107977714,27643.296319304543,49.67825873125549,0
72.39278305060651,5.0,751.7702863107091,753.4203507249557,133.16773038817468,0.0,1249.0253600431358,100.68099628223109,1267.7698754323537,9444.112685610306,9021.178237372122,-574.9965436590325,23.025496313917827,16931.6906811402,19721.412529225596,334.2527530128168,16307.666675318362,356.0045734579016,-0.3767511755483272,28093.00868007491,51.0,0
30.75977007605434,4.245899489958424,751.7342225440316,752.8507296570989,130.8339675409566,0.018706128457540185,465.7697685323938,100.98580563212649,1179.1816729015172,9516.146877430792,8970.901619527254,-855.6999427166685,28.18488635246759,16239.446176067731,19528.586753517942,559.5832763712231,16132.743422589032,350.2774284731027,0.2846884216995548,28156.12605922659,48.81307259583582,0
20.910564657587223,4.789153620719371,751.8292034566057,753.41506822022,133.83312492656145,0.0,1444.7032289106196,100.85269194131439,1184.5522978209312,9529.205103483475,9029.16305588856,-1704.836514580936,27.776331000875384,16314.15738245177,19734.33622155783,494.7285740890267,16329.893698386177,353.93866200055663,0.34554827532572796,28169.152305180065,51.0,0
53.00489426779612,4.152329349281494,751.2581150346005,752.6169500287149,133.16353182496758,0.047671491025666944,1478.3061930044914,101.24654012137117,1203.6008576624217,9512.161261771696,8994.936705013464,2116.164496971596,27.695938180716237,16348.431243121302,19051.23945794484,199.5377270679341,16479.540188650477,352.76622989986345,0.3696125703189096,27879.444780693964,49.126886302764305,0
15.107365718348786,4.305695611065391,752.0984619220282,753.3878238205149,131.31602510868595,0.02982285320813329,1560.4487023629592,99.98483507721913,1207.2862393438588,9454.472343874259,8954.230026757541,-191.57584719071556,27.527056844962395,16914.259343505175,19832.3965397129,-612.5877228355973,16300.541012861717,351.83080082806407,0.38575250062657296,28069.761412546733,51.0,0
77.37349531049558,5.0,752.1454404031007,753.7151370244422,132.78701106202868,0.09206883650830994,684.6709825940684,100.4619553245265,1190.5492309331241,9455.450776980995,9114.478720862486,-2365.1633387363113,27.853653273505422,16128.085821500981,19271.4510359235,464.32204116577844,16551.640477404082,344.342393016598,-0.10347660568386503,28123.032139338527,49.220531723013366,0
66.79253704467003,4.551347632275576,751.372628376706,754.8322992387858,134.287589594314,0.0,1410.070119933979,100.14858808860798,1225.584616938038,9419.299427762324,9001.884977353406,-47.78063593934081,28.32085484319012,16248.360774383027,19321.978256333252,-218.4644428870126,16371.827695076961,357.7096082843378,0.3424438610707888,27494.828971208153,50.54624606288729,0
123.6838768209808,5.0,750.9549515484534,752.8651318055315,135.28829138314717,0.0,1604.687460887548,101.20779084688861,1178.9850930423347,9449.60469683007,8876.0,-1541.7813921404772,25.41000823791547,16234.512083641179,20045.125806926968,-635.4966511314576,16425.27087950473,350.02405082092685,0.7549312646035791,27438.18228527127,50.743548867126115,0
60.63602691932529,4.038624261795834,751.9086788100185,753.376570972007,132.33653530809536,0.018837796557646114,977.7040189336421,100.72028970639651,1220.6008056830597,9517.638683797028,8949.834291935393,1542.6090492592348,20.986385125708047,16554.14083477461,19661.258159590958,111.5726688290101,16379.50264332938,348.43089735740494,-0.014990800886508874,27712.223696729383,50.491342839394584,0
70.98862257201361,4.182694256216051,752.1192555637431,753.4575874960693,134.5704820177533,0.07832510158201825,642.1958535028529,100.22351095736326,1222.831126433324,9477.301142871864,9006.233885915633,-426.4740286380675,29.393000892355722,16425.8848227164,19646.10343607918,-99.38245801809337,16480.988891215264,354.57524445458785,0.5097944367766524,28166.384195461193,50.85801667312253,0
60.957570136428984,4.869032060585787,751.5369198299392,753.4702121660123,133.0796783826827,0.021727423776211945,1719.1276831250275,100.03323499138574,1258.0576070545314,9410.472532847545,8950.929313345123,590.2363284713799,28.128001941066568,16780.419987089324,19675.974812479304,-16.453358575199516,16310.70688621713,349.76577076791017,-0.08829449482918207,28218.703150609403,49.68970295784738,0
35.68673072818656,4.36816064647577,751.8850112225472,752.8056339048044,131.98556835516217,0.037314865456742466,1454.3165976035266,100.26276804994451,1190.9243928108253,9461.659708270936,8940.089085387977,-1915.9970438068249,24.197394925487902,16536.158170021088,19559.26679075185,633.0241480736681,16750.439188156706,348.657431679758,0.17367495051459045,27578.46757057003,49.793094533369946,1
51.71312687931527,4.689700567483983,751.2880934624752,753.6163027405939,135.7085403996525,0.0,1572.845966610973,101.14548868308248,1192.7528428443195,9461.330711885348,9007.78621241704,-445.6707827509488,24.055368039169142,16605.554279220687,19628.05185224035,622.4530850071127,16775.900110049133,359.53250091756564,-0.12419223679238049,28185.42341490397,49.955452023960916,0
125.70335432842651,4.1250916840499015,751.2820813149988,752.7789366621071,129.92774050128767,0.0,695.0251763603615,100.74748204162579,1212.210554978728,9529.634933639421,9051.251335200293,-1104.6476297768897,23.72895583245654,16741.86597158627,18959.567805392242,788.4961370118194,16831.06836959906,347.20356258583837,-0.5006550183364478,28341.31889517144,49.71585768217299,0
97.28342342200797,4.0,751.397765587659,753.2315014631833,133.359694427128,0.0,1740.068827149945,99.8493300027776,1199.531595289082,9457.03929130307,9031.04499429483,154.06770433322762,23.140116011161158,16151.008638294828,19914.70548237962,133.979573432227,16347.983939512073,356.70207258703186,0.2272875407842841,28284.802676897398,49.862292064793664,0
121.85063797907924,5.0,751.5664261394244,753.9547886154184,134.30570193272092,0.15685168040802983,539.4078995129247,101.14247088932117,1230.9792920337247,9379.35167387411,8952.362812528325,-2533.152758773534,25.366179390389473,16807.66501404661,19997.31055751578,21.24278557110427,16943.61915222537,342.9208721145682,-0.49677327862235826,27885.039326221005,50.116899259148795,0
59.354490664771404,4.0,751.6433626661664,752.251193053561,134.3441126005553,0.05037541698602975,558.3457160134915,100.25766254880844,1175.5207496956423,9449.474307228335,9051.4700199287,-1504.0140328116204,27.37937536542509,16443.765915862656,19153.455106212816,-57.835238181619545,16276.130969968468,346.8064122280504,-0.2955613201589709,28539.07372978902,49.836348562151606,0
39.44142919338751,4.635417726540674,751.6321921344073,753.0621828676414,134.25636300650228,0.09191353611114517,867.9144103283853,100.21198023524104,1196.0570602348585,9356.894142340028,8936.978929619543,794.1710630333578,30.349041168443108,16525.77929079526,19656.93443341709,124.78323428676164,17307.015013447843,354.6730259099147,0.13032764373112132,27593.679561952158,48.51587739234055,0
66.40459494709866,4.151024138290732,751.0016957638177,752.7436226827914,131.57559548148487,0.19069662601183343,1935.7635227870126,100.63070415171673,1242.0184145714543,9455.264485980399,8967.285166820555,946.8068431382064,27.47012048222416,16295.911540459527,19374.980511604652,-393.395567173597,16189.042816487297,353.76377397962557,0.9412719042282554,27450.25587071778,50.2607963617317,0
40.90671631009908,4.2854226941907125,751.4011257458246,752.5808873744353,133.362130659105,0.0,1473.5921144722752,100.59953799956364,1197.002573967442,9414.543044791628,8980.471317729747,196.83151309840773,27.371230142031855,16313.319354482157,19481.479838834322,316.94408839856686,16117.227491804319,351.9639696177907,-0.08250778148185717,28087.74524769793,49.194075385344384,0
8.66797,4.0,751.7094024793079,753.4219765302681,131.85578183765597,0.07927757733151976,288.0,100.58785648939167,1171.545209398792,9425.11595224187,9009.399358193643,-1381.599811311153,25.06646264718639,16891.874083276667,19232.861841907215,353.75108208584845,16252.460803602193,351.90023642065574,0.7550488189329303,27102.862579856803,49.167020971132345,0
77.55803688864455,4.4272367537516875,751.864898892581,752.7754991867656,133.42231288526597,0.0,2152.1419345553704,100.82419059885464,1212.101784394316,9435.036923817908,8984.603800548355,-963.6408463866259,27.094115820163807,16475.633523028002,19551.497219799436,894.9995954686265,16753.813160182184,347.87658800227007,0.6593775931858679,27770.91353912095,48.16866705567875,0
30.235845293566097,4.0,751.517066862133,753.2413625908544,135.93571422867944,0.046159982025465104,1103.3929474436593,101.24817884785175,1145.3532220363,9461.80708544899,9042.929436178807,-1985.4744653651278,29.04444879229208,16697.122894895307,19292.27653488999,265.1618270744036,17104.505745748524,350.2644166680292,0.2800463750231146,27754.31058420311,49.124432582234135,0
85.11879078181796,4.101236919375914,751.7207045469952,752.8700543503091,134.04264510829552,0.04687561596648579,2053.6539373425876,100.26050188432698,1196.1926337679677,9411.599319854,8986.611201050326,-172.51404970908362,28.037749939575818,16329.472860007927,19764.675693493235,580.7559143572987,16639.128913530243,358.23307736101594,-0.1267562775056154,27500.082958860934,48.37731286279968,1
104.99237829655013,4.855260344324406,751.6595039853552,753.4371305702539,131.50612877068187,0.27130671547545937,1366.7909047648968,100.71724977696049,1222.2673591630316,9471.952785941727,9017.578821186697,-1313.278575753486,27.294578761555446,17147.265975712646,19939.611697424672,684.4681161334835,16407.43737245633,344.7567803951557,0.1311757400819439,27921.062240920466,50.68807265440557,0
9.804902147901892,5.0,751.6102054065993,752.9080600062009,131.68537941112223,0.0,1891.5496243868488,100.69064706930946,1169.4777370696859,9398.521457262592,8991.640183583319,1089.32970968583,25.391727784526708,16160.040854433,19354.610746696668,-130.1757843509991,15859.769436423336,349.1541122082421,0.08932259218619733,28128.408940931506,51.0,0
93.96220683216065,4.3943674691043375,751.1536625804293,755.1537129922033,133.37904131646445,0.012900742204358552,1250.8317417573428,100.78264891015408,1199.479717055859,9428.348015116408,8981.857649668542,-573.083343907235,24.652947225505716,16390.517258201235,19484.089433818728,-122.42784572732835,16912.392229410874,336.94592252258326,0.6157095894027601,28306.42433837482,48.14030191195658,0
50.10018491318518,4.343172944911405,751.0087914236414,752.6453878905397,131.52970515831387,0.19761722643021043,1976.6270864131232,101.57421567249159,1222.160127275352,9405.385747344319,8982.892967116062,-63.03223436613331,22.886373683706935,16806.33988645127,19356.602585055723,-174.75075488961343,16713.68036283449,351.4980685919441,0.03756456106513987,28278.33852328358,48.9384569885584,0
78.71823954803118,4.824676870967212,751.5372665346754,753.4716842004227,131.30752805253312,0.10960791176171741,1129.2534850270465,100.25113214298402,1230.732717005631,9422.945056679195,8941.925471387738,-2061.7122743660652,27.64477259800453,16224.991396661253,20090.120628358465,-920.0629416280533,16960.618162564275,350.4014702212804,0.14274833212136218,27726.612346074337,50.12902099851581,0
59.20701678475254,5.0,751.7412384336898,753.3400761021093,132.7105853182084,0.0053695592577075535,1501.8320473489655,99.37552127726498,1167.9529027375902,9482.795561158393,9015.121599915426,-720.8154860833671,26.115390541430923,16699.772463763737,19246.513720745326,-350.90913231782247,16584.607041154555,344.80958750818263,0.3437458737337543,27351.83503369075,50.635762555338545,0
74.43912521540665,4.6564091945548896,752.1592491633409,754.47416906454,134.88904737369722,0.0,301.4695562532288,100.1758478551312,1203.9436479025765,9473.468050206038,8973.566977580082,-358.64076774333324,24.101248384116115,16420.067798469423,18948.0,-414.1839542412467,16196.839395542358,344.82133894861477,0.6006377132229761,27595.66780140409,51.0,0
75.05769783824312,4.620869012149739,751.2731114233236,753.75175217233,132.37539250580832,0.024385400526503433,3020.0,100.56574944945989,1233.3585203000482,9422.993316591033,9005.581008796129,1188.7546876966398,24.43549778883926,17126.975365181563,19705.16907579322,-256.6757284807752,16693.997374009807,353.98181359971034,0.4287505765386301,27394.684327418756,49.22312926078302,0
52.94129125382957,4.491440442390225,751.9850014171191,753.3605841834712,131.17436700523191,0.05182051376895368,1730.7947517169036,101.0493672260479,1231.5647766187328,9486.54376610413,9028.483949241578,-609.6304421794785,21.744149553126366,16723.69698403129,19521.317364555503,107.46300271053587,16215.616266078558,344.3268228642139,0.6004430933435769,27890.216683700666,50.35613438655195,0
61.175933042375675,4.543452360881403,752.1378750003674,752.8413218195354,133.43738049480677,0.0,940.5125260496417,100.40860253297322,1209.077784861414,9432.27215399409,9065.402391383397,-1415.0028486963183,25.58100748944032,16470.166410255562,19976.950064256944,74.70800006143945,16794.085050247344,342.4250601762199,0.2875413752709611,28191.02733100647,49.87416835778159,0
92.13862904115817,4.270365150822031,752.3646084103436,754.9482809230946,132.71180838984154,0.0,2368.1120865975163,101.801344501135,1189.5672405846572,9434.693357847755,8994.142894056884,-1854.441265800023,23.676280902738874,16305.566150091041,19162.67418314648,-26.249689172281784,16594.221357690563,356.69900966053564,-0.21614247962088864,28221.682381660878,49.635868191805876,0
58.853882023614716,4.865470994540661,751.145867030908,753.513806816074,133.54856795843818,0.06374858425966075,1487.741834458381,102.0,1186.558664549363,9430.11197694763,8978.32227184487,-1083.7166851721533,24.408375736790795,16945.162273947495,19967.216868243024,-260.29051054947183,16326.968707646465,351.6257240604009,-0.03856367819815991,28107.92471226972,49.971201558254194,0
15.0805905934564,5.0,752.5506540131072,752.7689098443225,132.67250229579133,0.04179672735835806,1521.9883508218788,101.12218735234944,1255.9053342033262,9444.749957641014,8970.204386310777,-1888.5034756900193,24.164896003695254,16588.745409226627,20104.739991610277,-237.09212756765243,16591.60869839227,349.3321661461867,0.6542744386180376,28640.0,49.38099318787775,0
45.719159697155725,5.0,752.014467672873,754.6098202266281,134.20855872192277,0.0,1715.7231612061332,101.45413052258645,1224.747852393153,9473.038688842453,9056.639145128993,601.1623449456075,29.664985094092916,16787.591252833226,19383.51770787485,52.9477137923768,16837.851064309358,345.5685792434334,0.32799159800105426,27775.68428965152,49.83110537399598,0
98.49652822367898,4.623995503161637,751.7086090684246,752.2097366572834,134.46518007935475,0.08000989315121794,2904.9100151219286,100.4096303730394,1208.9996518410262,9462.376361963194,9080.311900436101,-634.1790149142532,26.793665311077106,16775.688742094666,19513.56770023475,-206.0164270172655,16584.167221602274,354.45702550793175,-0.22735183875818815,27946.069126602008,49.244859242594195,0
96.00660775043629,4.0,751.4172366013411,753.5099162568509,135.76037062481268,0.004433976702397868,849.237703140433,102.0,1165.338507893861,9361.157380829756,9027.595691083354,-1031.5294522177596,23.409276569625245,16804.9861330039,19534.59454196329,-257.37945351449844,16214.725276450514,353.5112099732491,0.44005146821020896,27870.915332496723,51.0,0
28.38498754020981,4.0,751.3532273729854,753.193455883344,133.67011954881494,0.0,1535.2962695288377,99.71370989422813,1241.0709135088894,9448.669245325047,9058.985253464309,-206.2894795139959,27.256277218793596,16764.569016479174,19609.562521768214,269.50195474167,16868.582106807014,350.33331631153226,0.46345735503300645,27873.97145220796,50.96630994680649,0
40.13800211327097,5.0,751.6669292091183,752.1566544603616,133.48794365723995,0.0,1904.7625340445527,100.15534441779943,1191.5753137840095,9373.943772262468,8986.2398245034,-2908.9030889557603,21.944721542328207,16820.16800282447,19733.86398738214,174.64542373163732,16293.23656275236,349.1850643856477,0.17981023556520456,27528.018115454346,51.0,0
86.52268566113766,4.418291611331175,751.6991988770328,753.383549236762,130.05762918704974,0.0,753.364159869184,99.89799808115951,1195.898654359429,9526.390045252585,9036.903367498988,-1099.0553743792593,27.557766130086424,17006.503951888935,19784.906990556,14.927720778372224,16373.429465250725,352.6920539570528,0.33786784253312435,28192.82808626604,50.318870816341686,0
91.66313602541483,4.261406043813252,752.3203492048845,753.375478107272,136.5662172528567,0.0,2581.796203773527,100.78252062095241,1186.200452705402,9432.059758926527,8992.355651281106,-126.7325857756004,27.428280556474345,16431.096700824455,19436.005586524378,924.1943976944831,16968.40764453406,351.4607406030942,0.1963711711098032,27941.880521869825,50.30145406242541,0
29.79681524710175,4.400114389630093,750.8831314777684,753.5263914752933,134.3085791681383,0.0,2459.310524256069,99.73271521933721,1164.9100323532682,9461.345568454903,9055.731849820188,1103.8910989383617,24.872994899970486,16912.98478963043,19430.801826087478,-86.47442304363824,16756.95413879597,352.4762544318441,-0.44622583333205695,28381.030895931555,50.91802954072916,0
41.65543282436276,4.726184926858953,751.9240458469957,753.4226885427906,132.41544110910513,0.0,1249.7511561269796,101.50134226899851,1217.4966255396266,9436.74290349662,9042.96806669057,-3323.74399810181,29.057493467880697,16091.049093897938,19311.706050918394,-499.94687994603663,16211.122783561686,354.8669703726164,-0.0049204485466455535,28015.197768981034,49.77024566709059,1
74.57177366831324,4.56694780353552,751.0687254158055,753.9732732482084,132.5048391496771,0.0,945.3378350118597,101.74322902391428,1225.526697829142,9437.650917825178,8991.015758132797,-855.2833417860923,31.47290765867933,16709.79113563892,19603.067172087678,438.708359304874,16595.367580865368,348.1914989896822,0.10308874219661142,27879.84221585411,49.778046303311584,0
82.0526708232566,4.554529585713518,752.0388940974152,753.1671609761261,133.4097374056251,0.0,1961.9942353639235,100.89208039098685,1229.3971078878512,9332.321738900382,9103.991275625778,-677.4485962928662,28.951861631141657,16295.1358640526,19670.2498159634,-471.0206823707435,16379.23467139499,358.4081391463839,0.10534462373829168,27973.412877967174,50.50780389605708,0
75.12827062604386,4.60368777615741,751.8619219765792,755.0265112918196,133.1943325007474,0.03278943840786196,2063.5709758024827,101.45178735560539,1234.3473328473408,9478.473668833218,8954.228422481108,1054.5629067708417,23.083625211057527,16686.664675739405,19167.645525260403,-39.10887228675755,16617.912357997906,350.92022925220573,0.3491863089746244,28425.438017088632,50.172774915728816,0
53.04165801633303,5.0,752.2587767406623,752.3087233254794,134.2298565206943,0.08592737098458027,1044.0599039316924,101.65101615391323,1199.3305668665544,9457.257623816718,8999.181341629948,-525.8689438414178,23.21395154394044,16178.440557816104,20031.18934327393,-380.8841542640515,16287.118545205434,339.28527859667594,-0.07308931105161433,27474.690721455176,51.0,0
90.47689693383474,4.1850700960503895,752.770405602191,753.9624191328536,132.7718942081779,0.0,3001.466496200228,99.61192564819773,1160.1692221974397,9494.343319750871,9120.276371574164,811.1671887734407,27.535189745839748,16771.856057702695,19758.723207096962,320.23664214931256,16605.992401014515,349.89927627968694,0.15632951322336316,27658.93685784129,49.58223067087989,0
9.790208822787072,4.479506357023629,751.2104272249012,752.4015500423822,133.56981842234586,0.15933505880371654,1963.4982485374023,99.47851096970741,1177.3431121683027,9490.96137743687,8961.667833661291,-760.5250769216875,27.499121767130337,16316.005520926203,19483.701658924278,-593.5331000389101,16384.8478140381,350.9128231141855,-0.45283395535994936,28045.61948823556,49.79218993688453,1
76.82417820210948,4.640376937151676,752.342849270313,753.3213060021352,132.60657217311504,0.024415970352995045,1679.9123448393968,100.67261204997457,1204.3234032758385,9423.04229886854,8976.479520351071,-1911.2509175120751,30.62132452919884,16235.655267778779,19190.20882481558,-324.758302335735,16759.7766918714,348.02268079820027,0.6778977436922132,27684.98915168301,50.03238761234096,0
35.39268012496338,5.0,751.1146405770779,753.4594745833508,134.28736488197856,0.055390989048579774,1128.961956194181,100.54085455827862,1204.4077256896342,9445.988025641136,9051.874939094865,1618.3063551984055,24.616332663407796,16198.927135099651,19412.50226222674,1115.177327527389,16334.155364341843,357.1156366077073,0.8490393110025592,27723.805831298436,50.26563345613454,0
108.94352999149642,4.339335621070752,751.5882703667198,752.7921937319228,131.68118628341423,0.0,343.54156230795235,100.66171592487156,1183.0956255000522,9461.731481127294,8935.092418172968,-217.8606183381751,28.23697425532284,16016.968042066597,19582.483912419495,524.8855639991433,16232.431540595284,357.27292702442867,0.3480312931160416,27674.78460429282,49.763128582804995,0
76.99843059424799,4.566540203103883,751.9455733728095,752.5384607970362,133.55316621003337,0.0,1184.966715303728,99.9700502475329,1183.9976562361512,9503.171293760548,9057.780908979883,53.96121593141012,23.22426494054124,16506.131300921734,19890.962569112693,50.76615624145786,17116.69273626616,351.2585499764676,0.2576877799865333,27802.950068983664,49.91539566616608,0
55.77881044254075,4.882089110685403,752.1467402395015,752.6392706443983,131.18086675509596,0.0,1653.2137127092437,99.82297111373666,1146.8785852182973,9468.131295254418,9122.744184156709,-547.0181433407663,28.249889192783932,16622.270420889774,19408.60231075329,390.15614021746836,16462.799032895666,350.6665148801175,0.3092933826162809,27686.737379596812,50.60591134510254,0
55.10741237120655,4.151326449541745,751.9444922513708,752.5550814949746,133.3299742634299,0.010451626375742396,2090.220052956899,100.98662104013057,1202.6049251122672,9485.875811632473,9071.63373253415,3.8206044036557936,26.094355960286048,16215.83212722054,19053.364082340042,-144.36556214292193,16382.80701583377,348.53033790476906,0.2037932370213905,28074.502543643935,49.751281090718244,0
74.85421015237479,4.560783885813724,750.7354221049193,752.5244926090388,133.05763342057818,0.0,1722.7360061061831,101.76534413136356,1235.178346121388,9443.241066424598,9076.292408483678,-395.8588449613285,25.190019618695985,16419.51811172223,19333.75485340497,-180.58189987730032,16578.23523767651,350.16431167770315,0.18245664030082825,28044.474574911907,50.76565379530027,0
88.6778496070419,4.0,750.4569990484181,753.9269065512431,131.12451414164434,0.0,384.24527043302504,99.30781995303977,1217.4406487619926,9483.45256807954,8980.483410891857,-3072.199605442549,24.64560798180527,16712.669127273355,18948.0,68.94721394448425,16531.697485274155,352.1328995855489,0.22884218636919568,27588.004960954568,50.77041961379203,1
55.59790737840162,4.514967403841141,751.2370554872066,752.8957838713198,131.886631519498,0.0,2563.4545318633304,99.62495631345797,1161.0030063308034,9512.890422315735,8997.50119829802,-1194.6848586261187,28.774142761374232,16421.789090737704,20116.30345864316,284.87139754446133,16413.276769469066,359.551898035021,-0.05985568387538923,28143.26484998452,50.04871417311544,1
99.19179419222742,5.0,751.7016624335705,752.6636501831744,134.01259572635308,0.0,2791.581486446022,100.73726294910219,1193.6929949375074,9459.70123832344,8944.768128923643,-1490.228433164435,29.19192686791375,16406.834539651627,19060.056410277648,223.19249961816072,16832.637961084998,352.7895154190581,0.5777128475525001,27658.02052408886,48.66438478789862,0
105.15028250154454,4.36751467704489,751.5655266116786,754.2217178278909,134.16477047714162,0.05986334017289351,2906.2315519202566,100.1620589100059,1227.5594354956568,9454.422912752225,9019.650888401999,952.0275784561454,27.389238254079665,16755.390988843345,19839.273653441232,-170.4424180933203,16325.251263575306,344.4972386806724,-0.6014479924096531,28568.689716510507,48.92064514196551,0
53.725388223960096,4.390411467171378,751.8342198089609,753.8381484805818,134.64575117297005,0.0,1142.698891566617,100.84495485530003,1196.7474137490367,9518.520509006883,9029.95752751807,176.7925454584575,27.792801056518197,16940.629523919557,19511.513397633076,-577.294646425796,16635.68431246528,346.34704291916063,-0.029167358288700613,28092.84905408875,50.80396934523936,0
60.965562909612224,4.682768837302676,752.5055720575725,753.4077781652318,137.39844194641142,0.07151178274631942,288.0,101.19209001084289,1213.2424594707086,9505.389817935322,9038.402140500768,-676.3411731052374,22.88072435049142,16537.448321771655,19132.26060174679,-264.5591514304283,16683.014970159915,357.2603840545996,0.3383399776296708,27515.87207942467,50.16559096412851,0
96.05392096463149,4.224191487963429,751.6217526797443,753.2385705817371,132.04457110277875,0.08030702353199294,1177.6149544296316,100.94594231471375,1180.0179373132116,9433.979278388322,9040.682384306512,-905.2972398867952,30.562466185554737,16481.85938146406,19527.56643083287,396.0564144695538,16180.130972394754,341.1309878612305,-0.4260308454100961,28311.765624561227,49.364110873681476,0
127.259,4.246922924886359,751.7750867735673,754.3818318651954,136.45686909061703,0.2304764020434488,2182.831342839905,101.39171701794633,1218.7779629065271,9484.246625534675,8981.657119164913,-1340.3617427471952,26.058626207898566,16548.77493307916,19278.32760963375,292.9315980870859,16774.906437354275,349.82502023707616,0.7693629846947305,27533.416594123242,49.652219659976346,0
38.9310331203131,4.0,751.6464620703861,753.1364496997677,135.67804601296893,0.07845079068051967,494.59344071746256,102.0,1235.2378431395764,9476.132230190848,8996.705874312955,-1478.3352323311883,25.0986048447153,16915.92088412864,20137.83950483267,662.6632937283526,16413.04172951915,344.1455299780136,0.23732281738744923,27330.51517386713,50.06791758192896,0
55.924113861669014,4.295950362373349,750.9186920503637,753.6120016067545,132.4432718955349,0.0,288.0,100.61629387325866,1249.6736160063165,9520.749537130803,8986.017828091057,-1129.3706556725497,27.287566375595063,16307.24459112439,19555.915359894363,323.35902151448516,16842.96881124084,348.93850650225875,0.10017352315112925,27618.787806681295,49.142903154181504,0
53.56939678333758,4.711988531359785,752.1259867355133,752.6264044674595,135.64522452378918,0.0,1252.9171615219532,100.0855963521693,1139.772244591893,9488.616082473645,9041.352671119072,-815.9081527040466,26.241777378381446,16748.870999660554,18948.0,-242.0873567440216,16734.55419062621,343.51237363977134,0.29809253546152126,27463.848162353774,50.183147256882016,0
59.26652095953491,4.0,752.2468730952879,752.6777414925419,132.004488586589,0.03273313649395233,2137.66486367793,99.88752580290728,1204.8756782794837,9469.794907724912,9039.325558290544,-368.7271567298486,25.112084927385016,16357.054041571806,19476.63103384198,-479.1952147786928,15803.52508393235,351.4618507823165,0.5410480816186791,27138.05655425579,48.99583172546322,0
78.81432695512505,5.0,751.6962665986574,752.6826730262969,132.9962801756054,0.15751526067313013,780.6022339542897,100.04726655558858,1190.6178464390205,9412.650919626398,9012.887928897882,1046.012289947135,26.90834175488563,16524.811810622807,19337.673486493615,-693.5851418969321,16756.81628402174,349.0434286445467,0.1094056404756343,28640.0,50.048280100455536,0
37.88710156299795,4.315758257107552,752.2390306012329,753.3123584729944,131.01163850846274,0.10909806631313268,763.829974682843,102.0,1231.5455890868757,9433.57147375844,9066.573112711887,-474.80162598800655,28.28706567943725,16739.770196557656,19133.791448261356,-292.076048107997,16793.613042294644,347.8354416762438,0.020575220986756394,27593.814838549366,50.1486972046404,0
121.90368710376043,4.0,751.6979154878849,754.2846108336539,133.15951682376283,0.05948973186607622,465.70185162041946,100.95241266017403,1198.3592563738794,9492.820173272192,9062.233683721264,1988.5798544609345,27.576117360332525,16693.41913460049,19516.426292631142,-165.296538719853,16620.34827690547,348.0205569944132,0.24829871331914025,28329.575435561997,48.99839603129718,0
94.35965952657573,5.0,751.6294291149368,751.6393875224576,132.32451233530657,0.14923951705588423,1251.7822933804562,99.89970718820436,1190.040869036968,9486.820685736477,9032.541739369455,-774.4932939972323,25.112614421450104,16484.15687360436,19105.82989813376,694.1557124213238,16454.769221508515,355.13181233498614,0.7867916329784443,28226.210958145854,49.46082137954677,0
72.38320711651626,4.516519397751473,751.2512863082893,753.4703565717874,131.42147001601367,0.13762366612858298,917.735225555809,100.78491630840924,1210.6793415132806,9441.361462145931,9034.393752829896,-1005.006872187683,28.335280199330096,16205.87478537777,19491.423936313276,835.4169213736546,16284.878688362725,346.2229801645196,0.38580102142765355,27961.159129120086,50.09000631293887,1
74.93438074931692,4.845453874175347,752.2203813530975,753.5343221362958,132.9040165149963,0.0828884310612284,2705.749720677183,100.5387802445716,1177.7385334842734,9497.83734650911,9001.623364715808,-2663.503744937111,28.2731351420936,16442.28717315048,19411.674582151525,133.83389036218549,16583.26758967878,352.7448444310217,0.007902401864175061,28069.132754068098,49.599224807657166,0
82.38645856463638,4.835792274838731,751.2360106603078,754.0404243312387,132.43811401919865,0.0972849987654964,1546.8145173724845,101.99204217187719,1197.4080317112628,9437.623437772158,9006.30257074655,-837.2549404084999,28.14955161588645,16127.03747899875,19057.566849814626,-477.30210673502916,16773.65417458981,357.45177558275435,0.13966903801150274,27848.368482683505,49.864329972769355,0
95.0164241478886,4.065658948344554,751.8009904203625,753.9575031515119,134.07760583348295,0.0315655939418105,2026.057592663148,99.0,1221.013140113342,9425.023358298631,8922.359332187058,-41.70907463007097,29.642859566520343,16558.321848725227,19795.289918838334,692.8033945724342,16865.014443551285,357.1196221564331,0.47664198676074304,27927.442658977063,48.519481185078895,0
52.984762042375,4.107645324749288,752.7311811655011,753.0959276719428,133.4801978316468,0.0700215610079409,1302.0467347404895,101.88649753413605,1186.95387087089,9460.11167055813,8972.79175167762,-1830.578281185076,24.475056070871428,16587.60517711036,19287.124086984644,-313.4128639652564,16183.149931268323,349.01865953393644,-0.41769746517624573,28149.07933438602,49.87429364265963,0
16.817831512378444,4.374239344147332,751.3242285082702,753.4664758176582,135.40455018443416,0.0,1356.0566870200612,100.51850270858763,1220.8419894947892,9460.88022913718,8972.351518874068,-852.7619269691872,23.99546026913707,16912.205053104903,19452.795062216715,818.9406264221376,16520.333803556758,346.0788246445729,-0.4212774608555758,27319.2814451101,48.53382222561915,0
68.30514528186016,4.782555861129513,750.9251958524491,753.8975046332996,132.52174779202528,0.02701886811517363,2488.2226523852933,101.29790383915582,1196.2278391329494,9415.21991234621,8907.473675302506,-1243.6070844763074,25.517865600993318,16310.512600177004,19396.70226777038,22.446518082320488,16479.191092627516,346.35341018113286,0.24837581231025996,28046.09405613044,48.93094799520658,0
102.45150727434604,4.4793823019244545,751.6953308674139,753.7576686514544,133.65411552276035,0.11270110533942926,1486.195816802079,100.18497763590277,1212.727720944563,9404.779041292373,9012.233952734126,-573.5490378787779,25.52570903152262,16560.92058758667,18948.0,-250.67612083940588,16558.798036905337,350.1609379542048,-0.22781350420553703,28312.776889831777,49.11129754129726,0
89.272021543843,4.741855374792452,751.3752145393498,754.5563806462688,131.3983934499448,0.10909012219776877,2025.7068902563208,100.14207417000357,1239.7274428063645,9441.727710001187,9020.582513882995,-286.78700895718566,25.717821718945533,16834.86442343309,19736.690734679818,-774.5038535770532,16862.364842471703,341.59322147262986,0.5922407849223768,28267.77675460367,48.930491658193766,0
48.06637909114743,4.0,751.5828118497891,752.997015743624,134.51799339165194,0.15065428660821875,2324.4793264902287,100.22204577260078,1197.7810687922545,9382.46496222057,8969.853413179486,401.44713919597575,30.272556216657424,16238.429966168525,19227.136556623842,-22.635076251774574,16605.73424541983,345.60305113268265,0.350038234029251,27749.623394113634,49.79636079581886,0
76.63891746045617,4.5318039843261815,751.4762158841806,753.1455346610791,133.14572883448437,0.0,1073.3755175524834,101.81541024205066,1217.950198227393,9439.849275742476,9039.503936235942,-867.1859564744835,29.12089653460584,16706.206020483416,19405.509406517405,184.36371305070324,16141.916132306173,344.1119142990889,-0.29398790607809056,27949.29787872991,51.0,0
126.94218258424374,4.8471160424350055,751.9273257157705,751.8795012805213,132.4275055714994,0.0,799.5951818301487,100.51259545679753,1190.896834996226,9370.23273516888,9041.865557160854,-1589.0183252878908,26.690137168410743,17203.276396534486,19106.942276065784,-1115.813093062338,16463.86905607882,354.5855067437238,0.9607484152248805,27504.973021583086,50.207493617032824,0
46.43948926084694,4.475708044770556,752.9590394233262,752.1026169905996,133.68656131875628,0.06111778434375271,2090.1374459100834,100.70883494188085,1211.327847756408,9435.873255233053,9019.675668085369,-876.3419513841436,27.6852782496698,16490.61589747859,19583.602993143737,-23.88244809192132,16817.690363335478,349.16775184507736,-0.5244969040614114,28311.5511164198,49.079480423878046,0
40.813461518336695,4.231241061663876,752.3478057647691,751.6290438909831,138.24591160904149,0.1236374240784835,1437.886325563031,100.59610478992619,1210.7386908127264,9473.61124279788,9037.106027601503,1.6657847418354548,26.300576043697674,16540.85600094121,19389.343145287577,-96.20214993236137,16819.624740578012,352.19996710392576,-0.9891534971222699,28115.36058380941,49.96461667497906,0
59.772018503324404,4.334647733799743,752.2273185920308,753.9367915343761,132.0635746269975,0.05467407161137116,534.3162541961078,99.61926585531309,1186.8473381474182,9487.720896231305,9051.376526463346,-39.86980335560371,27.954737154662993,16748.94072008994,19209.115030094865,177.46799198140548,16736.09391685297,352.95565606066214,0.6544814593920074,28132.325327645958,50.09066433930515,0
92.27803981435217,4.515358420999896,751.2617922299554,753.1055224633619,132.10780054132982,0.0,1159.791123230028,100.05226022680758,1195.1951889750824,9373.775337740419,9017.08799798939,-539.9100579460232,23.940636675219164,16790.66382979586,19789.663158077674,-712.9563745766702,16344.416234796381,345.79327811563616,-0.19287656022966343,28171.552702295798,49.652085595200994,0
52.43389862606999,4.0,751.9920989626568,752.3000029726028,133.38017039443628,0.04089474264136402,2297.9935525999254,99.67147145090821,1138.0,9459.666890987,9090.649833992753,669.2020979541469,26.613124982850803,16455.02918398421,19741.703313478658,-436.1502529622241,16654.895621672546,351.78583075828067,0.6032520961484018,28640.0,50.12361580436468,0
45.136298630769836,4.515831141386508,750.8347625232041,752.7075901461895,132.63838493085146,0.0,1384.2844072313196,100.03013850520729,1232.618877031805,9452.074299140539,9006.771563293138,-861.3982221603376,26.47135013520601,16839.031850542528,19126.153920283865,-298.4357529325731,16459.42846755725,343.0818059513103,-0.14485470670900144,27748.852409015824,50.51127975392025,0
68.16885540847137,4.625238943775873,752.0958142490988,753.1247550683846,133.9027111488049,0.0004522483581249831,1469.7397141463005,100.20686243811838,1139.3904921338487,9446.514044060725,9073.14187201058,363.7045573419819,28.580210443665234,16958.90230699433,19477.555214091444,75.04021739574902,16380.76743664541,347.92337080895425,0.4263468765386269,28292.762448056357,49.6958247738742,0
46.89090656046511,4.528861516811912,751.9756323116547,752.1468644134699,129.6553735485895,0.0,345.9824284946542,100.2618853771613,1199.3901535655625,9433.326445499795,9074.51925951084,-221.90043333560325,26.84950417807908,16779.8621893227,19026.26066923786,442.56275056135075,16516.54929625502,352.5616224986351,-0.2453998253181288,27400.014944230425,50.46583567632822,0
71.56759844022562,4.07828961498145,751.2676699303245,754.069954294326,131.40507268610685,0.1859713748399433,588.0330817406177,101.10732720427576,1194.654206939585,9477.004172750476,8981.984867749952,-700.1151866063709,26.173916630120456,16306.135799211375,19717.328351701304,-235.17210697039155,16478.25296773063,344.7344740145827,-0.838671799998009,27841.179595364658,51.0,0
83.75355428020423,4.518983085911949,751.5597229180715,753.2443921179612,134.15036699917994,0.0,2111.715653255367,101.16409844433826,1222.068824020794,9470.194263339068,9008.11176152637,116.21042691429025,27.607822776965385,16495.156507436317,19234.071466264362,33.363277102908725,16923.674775482792,343.58375299317134,-0.4028922559454628,27956.361061769767,49.84891548388608,0
65.50535505275462,4.650380531267022,751.5788259122248,754.3427258250292,130.7545418995758,0.0,1190.9945464384987,99.42491138035604,1198.654925042446,9520.75825878503,9008.170613619432,-315.72281520851766,22.787368556519233,16418.65524542687,19307.016434971672,-149.81878384903402,16856.677748232407,352.03134576730287,-0.2611625702090111,27982.82449104876,50.20871822483076,0
94.3677341661002,5.0,751.1976707004588,752.6206571347915,131.29730862196516,0.0,1621.7312231102846,101.3646341350568,1201.2712814973129,9438.841827771377,9014.236038344241,-1356.9138488914514,31.506200245142647,16129.559978725383,19512.88071838989,872.3864288323438,16537.237555357256,348.515915054318,0.03896596408030364,27844.622874251294,50.91220389900674,0
8.66797,5.0,751.0008758588651,753.027989760255,132.60682689018427,0.0739604029329332,288.0,100.97738480691515,1256.274730400332,9395.70609935767,9015.99480013843,-1187.7583011476613,27.17593710124029,16603.990429587633,19209.113076435606,201.89527399826795,16987.652811551194,348.51184942639884,0.46773797041178006,27484.34349505051,49.03869777913456,0
74.4334171313999,5.0,751.8574227428444,752.9932555152157,133.28430224758017,0.0,1726.204351818372,101.2872070664702,1191.420618769462,9432.632118109334,9019.525101957333,-967.7061387531464,25.8952750898101,17210.75359911084,19354.139177402016,-167.5554110149871,16373.277862194951,352.908174229183,0.10910939400622484,27692.79687481619,50.87074532504725,1
102.71035393385266,4.228863713426595,750.7878509087178,753.9816914283284,132.20308627282253,0.09543264974259419,288.0,101.29477584545079,1171.5411310189888,9482.278756941752,9007.864105305862,-1472.9626247801452,25.007948202768226,16798.559136994765,19483.89245298458,244.04429541017709,17030.774366389785,342.0551426825262,0.8249624611844071,27936.805839054003,49.08506908927755,0
20.616300418637596,4.434188176322338,752.129868833262,753.132107245995,135.67441812666286,0.0,1259.9333693562126,99.71308014788016,1212.7834602161183,9488.733583056783,8987.701800101859,-3085.066514030762,26.585244978725477,16725.773505007037,19593.60116804602,528.4277325213812,16267.157646718524,352.6073936056859,0.6559120778798136,27327.229833445497,50.06508965893855,0
45.27911063233126,4.487901458726651,751.8536025529776,752.8628904560882,132.21719072594533,0.015049655640044107,446.908667002823,99.83590603139699,1221.052370079803,9404.569514888915,9038.083793927597,-89.19601060748134,21.575364591433246,16400.80638531206,19883.98140439971,-439.4768020595411,16419.1670019146,351.581743391065,0.49306639433412197,27821.5899855318,49.32739170953325,0
102.79295371862608,5.0,752.1574042873129,753.2914364548328,132.00762939915796,0.0,1664.195715939116,100.94510594950293,1239.9666334082983,9478.958220083738,8937.540219920204,486.5286095170283,23.469590691056364,16486.4277806704,19536.947354922046,860.1885665910229,17314.792203793666,352.26186824341875,0.10832427817489183,28076.060649206778,50.5219501498064,0
50.7575533782711,5.0,751.7969963007063,753.6001327734994,134.3381868913258,0.05621849178075289,1903.4747030329765,100.18142650224095,1188.6390618790615,9406.580499307276,9027.571905203733,219.83219278860776,27.258931224019165,17086.742864451167,19442.90229197296,280.86163043277736,16261.984037488244,347.58944021170464,0.4580973236454053,28177.906749555452,49.57153966360892,0
58.19306330408478,4.0,751.5144120249097,753.8940202954784,134.19476820120124,0.06462145417041233,1306.7133752994112,100.64179140685735,1185.9672896553716,9480.958393989657,9026.713185604594,-60.44910947381969,24.698210891369964,15970.421359801785,19848.334677661773,-220.1637272716068,16319.34625969318,352.6697482941608,0.025206765478502407,28246.161326868154,50.304259535514404,0
80.7373283671931,4.0,752.2695937346241,753.4231202464504,132.70162959447305,0.02665710050911224,288.0,100.93791977776925,1176.3022782542473,9396.140369518936,8936.6467127859,545.8644441013053,24.42952073256102,17045.691284808392,19247.96898378132,-756.5275539840773,16255.763947564026,355.2195093236851,0.11919019969474015,27725.521936415036,49.93669208383332,0
75.31040100508653,5.0,752.3834530379955,752.9582930448397,131.18906418160142,0.0,1465.8968672150988,99.92591648232536,1178.193653840614,9466.279448783993,9004.947737852583,-509.04924401716835,24.093147215664953,16531.213958829645,19105.159675708663,377.5481673651401,16794.938196589384,340.7295808064183,-0.18874001356356618,27418.54217899573,49.28515350381497,0
57.839638646481255,4.0,751.2425464817229,752.4761236464853,133.61309287596632,0.01878915616700231,723.3030436682754,100.76696912195717,1188.943420244142,9440.834315140271,9084.76110092196,768.3687802596071,22.68477273442969,16840.383320605506,19743.274660496467,-512.4305644043691,16740.69645296967,356.6399188833661,-0.2655756000751066,27605.993696680613,50.626517486523824,0
68.43556414206425,4.803897485486796,751.8501912935874,753.5200089424508,131.18839317784037,0.12270880527575086,2153.509076644184,100.46743255945222,1202.1217407310844,9388.762986258114,9031.03646293799,17.738206112835446,25.905534543049637,16926.30438640799,19322.134144340715,235.39666797853837,16280.034376440068,349.2986481676633,0.11184390771911842,27975.96231228313,49.510764749348404,0
56.40564711950137,4.940964557227072,751.4760337774887,752.0250682645083,136.05135219996615,0.15821420411356626,291.8767148186637,101.14516704335234,1190.0880129454717,9462.959464300313,9020.838832705747,-770.0736413545517,24.027371912693358,16397.022044290414,19108.11608316631,-374.2745070500246,16518.70070652966,346.0442536900132,0.45272945408544657,28384.49674721491,49.34143280410413,0
67.47754793592418,4.778043094442182,751.9134433211323,753.284428428377,134.45953442641948,0.06266448458351023,333.1649833179722,101.27749047416253,1226.4974954699605,9420.508116764295,9008.960882390562,126.43606644407947,25.52259349818311,16911.321671526563,20314.05203404907,-354.26273963341464,16189.482602365508,350.8377719548196,0.4684562619747124,27828.282415372905,50.976881573547544,1
20.36875175940472,4.8745061650668395,751.3946438288435,754.5145153150374,136.43540426826505,0.0,853.5044317452366,101.27043499161029,1193.1218393357124,9450.188237687165,9008.379262028995,-2416.359115663315,26.031391662125575,16397.259222726345,19263.660049767463,619.173568844404,16220.688264618724,353.2326377994891,0.07020527956763073,27812.453749403026,50.443702404208615,0
70.48218567825566,4.8134506263359915,752.1522669470654,752.9795952923605,132.31753302948863,0.0,644.9064079392924,102.0,1235.857102106741,9396.206351890896,8945.911417654052,-70.367063645739,27.491866792468468,16758.47872353332,19351.22362977399,-65.87898960469415,16617.691131454794,349.8132013053439,-0.7021302006289469,27828.627758233084,49.12317617173021,0
65.5611733737258,5.0,751.8631352277786,752.9929024852551,134.74270506912075,0.06271112585576548,1586.746861915959,101.08406892729701,1257.1189008413571,9405.309811531708,9029.15374748501,-1446.0417535935655,27.513334843952634,16330.487395132835,19291.512214566294,-139.94078062487435,16780.04604754389,353.72746403876283,-0.3146034362001199,27920.80623032569,49.23725108382358,0
22.76002668016902,4.420262033740996,751.5377784935034,755.0439518042183,133.9698917599468,0.0,841.9975635454045,101.3897413790754,1257.9543049908664,9386.494177725717,8920.074848531549,1286.6024398225425,27.081523242110176,16345.183863159235,19641.51939035196,-1161.856317487033,16536.37951215994,350.95061935483227,0.5491423811725908,27574.7878005606,49.8769056201669,0
32.703568389503026,4.6560867190057476,751.2553080148457,752.9221168380112,131.7111307770597,0.0806104822686132,1918.228467414129,100.46357613583727,1204.2617626355345,9392.17456606754,8993.313662227667,-590.1310442507372,32.88898455672098,16274.120499846173,19983.273513192125,424.1153675298757,16605.853328675945,357.67747958419994,0.32935774275899,28029.006816140718,49.76525878159463,0
96.8580908022982,5.0,751.3851057224164,752.2401320840353,132.9645289257835,0.0,1221.038179636129,101.549058152109,1191.2841401387175,9450.29523029173,9009.89174542414,287.7191791254556,20.21905602610265,16421.472740828744,19522.63945805953,512.839938961619,16412.276726771568,340.5868214001661,0.42791527927484846,27697.332621989684,48.85110442364761,0
41.69177358417024,4.436482038283611,751.3951810596709,751.5767304825489,134.70360084807226,0.14688909392689892,1761.7503977694976,99.7976645638401,1197.9835176409958,9451.796118164684,9034.954571678527,111.79424372827327,24.156452931809792,16622.318889602433,19613.0816695878,624.4957803716173,16712.063314406485,353.1191043509204,0.21461070182299916,28359.638052100618,50.137568322821245,0
34.62423090662619,5.0,752.0221745003076,752.8959621843537,132.52738860203593,0.042934790544340705,1619.331389143007,100.78206453181639,1211.4131745961422,9522.349490118635,9056.864780907688,-354.8614262162647,28.517515443596675,16297.288702649312,19591.260041945443,778.8245404317117,16480.897509571623,345.4242523020265,-0.07831446233289628,27550.269003659243,49.17678014699554,0
49.269651375945486,4.0,751.6937755761128,753.9029228539063,131.85034422044444,0.17286003146377887,1655.3316251606022,101.39652337294105,1186.032410518044,9487.395588190993,8956.59538069266,328.5685869632447,26.514684367475894,16759.75239519718,19012.745081049226,-401.8880006659257,16685.18237127447,344.950748083545,0.36561968031210834,27460.430807897137,50.49019435380912,0
23.535662749030376,4.804308661617678,751.9873882152834,752.7060492374529,134.2055524400199,0.03909526067233102,861.6072364280831,99.89288451871207,1151.8614076079314,9466.52181662783,8934.679604874953,-447.9487454556778,25.381688879752154,16796.466474471315,19333.91080837632,-154.94119758040037,16718.92000770692,350.98464321831,0.30708749485405473,28054.94076177296,48.5728834050787,1
82.92316692253458,4.834345235274074,751.1969059098423,753.0448845886973,133.2232812971715,0.0,1521.53703795666,101.69205928260351,1231.5905988980799,9397.812796479757,9036.033312275022,757.1076823578463,27.074220491738473,16916.571751322135,20184.78336789444,435.83823511363266,16598.003457091734,354.32283014936297,0.23891561610416265,27910.7603664476,49.525333272981406,1
107.00356587838279,4.120034550821795,752.423820810906,753.6017203486289,131.07324931187804,0.050487101442762174,288.0,101.09782673311045,1226.4435633125613,9427.575124643841,9012.928592311586,1367.8704763756634,24.751018211399277,16289.594360918916,19989.702409343117,845.7459293917749,16536.45973660576,354.1647411536997,0.7152077347026504,27662.653458829875,49.41764067746629,0
97.07618790168455,5.0,751.9571852085105,752.5690435659674,136.4267816188469,0.0,1015.6465500782086,100.88901974769145,1243.9620549815565,9487.37287974695,9026.43012748353,-88.51490031460095,26.180672353086614,16761.177981149947,18948.0,-140.60333053933775,16596.002223574866,343.99791956419256,0.33501703998404325,27836.827468192085,51.0,0
107.29034750195501,4.296065645079055,751.6136565771704,753.1722275218692,132.57139076776704,0.032144007271686176,695.6683874029947,99.80287816163771,1219.5684548930874,9478.093273797924,8969.925449725482,333.55837139794147,24.423496825807714,16672.237545685864,19746.564248769108,-25.781520267473812,16649.479042619292,346.98139935478207,0.1030422770442223,27836.378055114852,49.20749220707988,0
55.05324637354181,4.0,751.4498548960131,753.0143498877633,132.88042606354415,0.0,1222.3693602668243,100.99011869329688,1226.1629650730408,9425.20157161414,8951.43855648349,-1559.0297651453177,24.79928520699022,16495.7745915239,19161.865890632973,-576.9823583482143,16421.24259871255,350.2623497374679,0.41809081856011104,27722.564366013394,49.47579994691109,0
32.665544770246186,4.512903376833143,751.2778905422474,753.6565575533889,130.4621333367715,0.0,1496.7697757365388,100.77214091612903,1273.7878560479935,9466.528017351022,8960.66827115752,-634.3438272759593,21.44407702364295,16574.900800899417,19138.68149530895,388.5467667317373,16397.834301409697,348.8604064358552,-0.07173441394053608,28465.95032717084,49.54960099313467,0
115.0383898463628,4.935026313423224,751.9182875679751,753.5035700063039,133.90797944017982,0.0,1058.1856458992957,101.25979450964925,1201.9797909470851,9393.968978723722,9004.773841523744,1123.6022143134837,29.312902405965023,16580.32392453562,19794.765909461534,-171.1210110624528,16108.59120079915,345.063028668942,0.8033393134619761,27814.320761139697,49.61222489821654,0
51.379380332361826,5.0,752.4688683337171,754.8883134115183,133.0339867571236,0.042833731098566245,288.0,101.72566042788497,1172.6775282801095,9461.028198151267,8956.346564079406,-1116.3340948791597,23.88812696286751,16421.13008248738,19246.7479093348,-250.476985037419,16744.343846098825,344.21489847836915,0.26902891161100956,28297.318935563835,49.39520757873768,0
38.89829689581823,4.413518989435458,752.2540861202599,753.3728643967115,132.44562198526256,0.06283744415787346,435.5308484139246,101.13901109057288,1213.961315687876,9439.339575400449,8968.337156366713,-1407.2598044884573,27.459467710545344,16956.81707007838,19210.649571177462,189.02206658413147,16012.583179593988,346.66081510137354,0.16888144214440698,27608.525116779958,49.05472801294015,0
40.39512088902998,4.674461929798205,751.5960924991278,751.5522808954556,129.93279240344492,0.0,1615.1736894330438,99.0,1190.1729852000044,9430.308325670774,9071.547075364704,-917.2039780247849,27.064278748777575,16639.601498218064,18948.0,324.28762851444634,16589.506036975443,351.79898773080805,1.7440510664518534,27228.320374036077,51.0,0
51.74928277930748,4.672033886215081,751.6643520679479,752.9100395674362,132.3845695106478,0.04643427805615541,288.0,101.19005300397934,1192.3606924891649,9405.343676592693,8986.346118205014,686.9839329410801,24.674003594975883,16702.94306777068,19176.219110866143,319.7971062646413,16707.302746915262,358.1005571198634,0.11136240144592373,28119.489517839476,49.88686348950541,0
99.01657009254032,4.169753477394874,752.0448457605094,753.0818474476234,133.18394692071655,0.021170250467384494,1459.8170033242839,100.55087691593091,1208.883448049475,9517.312114203383,9052.874657578257,307.9635537622448,24.881700804152523,16339.074715747893,19796.181856787818,371.3696654239877,16904.543734974537,346.56978102736576,0.08987422835683442,27372.262574504042,49.492310133793936,0
90.08144300119,4.29572128865546,751.9945353027895,753.0849867607527,133.79772654764756,0.0,1333.5096017683686,99.0,1198.3657540112356,9384.654767305612,9063.096119317892,218.33841102004442,27.28209183343848,17041.98128595464,19096.08467977656,751.780575024019,16769.11480537147,348.29722028379484,0.6332685264893116,27544.875413395843,49.144806346120234,0
42.162132035192265,4.264529818738202,751.1777134188168,754.1430431451374,132.87619769355524,0.04887786242771813,837.7800089787629,99.29408763191694,1210.332849350353,9373.004664995195,9004.021657993375,-1877.7538114052918,31.24002400934168,16864.18937695523,19483.840737788443,540.6193760965494,16323.470621264754,351.9645299685742,0.26077710895464773,27988.494819583702,50.831373102484775,0
82.1978342024297,4.672730156123272,750.8897239742676,752.5089906878019,133.09143103747746,0.021342380289918333,414.42434953601355,102.0,1242.9729966206646,9476.95997098891,9010.541249912534,-748.388265854724,23.589692602149704,16621.002157446772,19539.724017149852,-553.2508538765604,16619.268956521977,348.6794321205718,-0.578143028350811,27624.484769946437,49.47531114847233,0
116.68421994711565,4.80643187232842,751.0434611260262,753.5913703404964,130.8392785070872,0.12646758434885058,912.8144186266652,100.56753667077047,1237.9814662639787,9398.848706760933,8942.451183902362,-1111.188430813771,28.77017121266686,16155.315496035253,18948.0,-208.07943685292545,16673.78449808093,355.05237267036944,-0.0031134026007388887,27769.82862506495,50.7360983740224,0
8.66797,4.334646574599529,751.7779133802453,753.5638127258552,132.47946541573035,0.01508032172031074,288.0,100.15119701465028,1215.1372326537535,9411.453360883763,9009.936306887248,-104.55122985372614,25.175799559886695,16648.119103379628,19091.005125648986,-101.31160110043302,16688.43678816081,350.1473815893401,-0.05221978721784718,27975.60894903958,50.382764916009826,0
8.66797,5.0,751.5244112358359,753.5460519439783,135.17815870983603,0.0,732.601592370343,100.42381005132518,1182.7347353021567,9523.795684912582,8967.494286816687,-1083.7847342680636,26.59940687665193,16247.820344499774,19299.48524392921,127.49146914844057,16452.128208918075,348.9703223735981,-0.029452129638303428,27412.734019609128,50.06665116716866,0
112.72105904893748,4.537784137184817,751.7946827569739,753.7460732788538,131.2787287929235,0.19233016656775467,1422.0742698665797,101.83989877843169,1184.063048453325,9527.232454173776,9043.1282761998,-0.8392817621498958,26.67654393191457,16525.927271431818,19886.342586296236,50.173680006605906,16042.64112341669,344.1569591183018,0.10726981222079877,28003.379830738035,49.76246950842174,0
96.72082261828527,4.0,751.7553701935989,751.8668356983483,134.4864570811867,0.0013834106099609284,1586.3804731431792,99.99956406458371,1236.7680910712545,9495.135240368652,9034.247784874507,-667.6091873508794,27.576700694208533,16392.253409567948,19759.510028175977,709.0458165449156,16803.79872937221,345.97917368044415,0.3251034097746005,27484.386038487883,50.268373983975835,0
73.78252991981378,4.0,751.1270657065473,753.0156497145316,132.8097911398715,0.0,1563.2173842509117,100.82201733641192,1198.172664172994,9420.817976821878,9055.806413032089,1076.0301963660431,24.808763383034684,16419.878495630583,19625.55523668721,-167.4197299205077,16500.604669969496,352.8868351035682,-0.5787594079295196,28329.803600988987,49.86644403401032,0
48.046112989237294,4.484051851392105,751.6681745369115,751.931788183087,135.64878102502098,0.015811882901411167,1604.0694272200035,101.33824680543896,1176.5172639976013,9471.641159291592,8994.798395376496,286.0974701097761,20.530520037349024,16569.507187268457,19223.32896340081,177.61661094480178,16653.31361483376,346.0824958913748,-0.10223079639678338,27867.195769828548,49.08679181321294,0
85.46651826703794,4.344288001168983,750.2870600036962,752.9470257038445,131.6435811021569,0.0,333.3432812811215,100.71725986241772,1238.0559521371317,9465.014168638188,8979.09334351743,-95.72843693595004,24.872458586182702,16395.838215240256,19020.551134042853,-775.9432290185493,16437.829743410082,350.1524616639349,0.14278393372184117,27768.35876120291,49.04729628638181,0
78.48868521869164,4.0,752.0597776287169,752.4774262849813,132.095892211801,0.0,889.9188307068107,101.35576918433367,1216.7640687907922,9492.518033059972,9031.402033704246,-1619.229796747404,25.20640921128749,16370.874827923199,19934.153789184078,-533.6164107137172,16759.469318322557,353.60757385249656,0.9095095831515917,27770.39192984189,50.38092491315164,0
127.259,4.220268352027986,750.9474090932106,751.8204062027625,134.41215402291994,0.0,987.5303841009325,100.95905366471956,1208.1098905276567,9469.655509383432,9017.504937196587,708.1982284605616,23.588656867564026,16400.9724741141,19160.886682857203,351.34968783895374,16761.148375959496,351.5308002638377,0.6523241902225025,27521.648234485638,51.0,0
105.80421787532215,4.895823888605371,752.5438775905355,751.9876092089739,132.45631865347045,0.0,1814.65154601266,99.86221935892003,1223.0982933284135,9508.729760350278,9039.422760289042,-263.89973685777693,23.496106839710343,16351.436980651702,19904.3898159455,329.152058249867,16525.756505893492,347.4445886536516,-0.6251120906063554,27556.348960053827,51.0,0
22.104727292629274,4.6231871676089265,752.1711633279083,752.288278406724,133.5774325828783,0.11108370854070201,1278.526812792469,102.0,1159.561627052593,9495.83825534175,8999.193859188279,212.97813098359308,27.21607316404211,16384.594079613984,19529.151641743585,-822.2538355723384,16686.690634857605,350.81116102448595,0.435457663660116,28245.572756310514,50.1036716160891,0
64.75149251944084,4.088764535102603,751.3434504214458,754.1158366634555,135.5561354042243,0.0,1303.8618221421368,99.96952910898483,1233.9735270794522,9479.577010905132,9097.171064145612,-1399.095274823882,25.083505294925406,16665.903485640054,19682.645576671668,-105.2655463110248,16316.794102127575,353.55328907426303,0.46828624135723673,27606.391477333982,50.8982040501111,0
95.26481564318814,4.595639394955159,751.7245703469151,753.6422838004298,131.9231499118468,0.014611763895809262,288.0,101.28287311549349,1162.3666129056317,9514.22375923252,8991.902717719084,-747.8588139680483,24.433501784937366,16514.404793533227,19966.49151832086,-1097.267104447507,16855.505469973705,350.9985852024031,-0.2992009173040953,27554.905107209957,51.0,0
32.10404707789239,4.0,752.2336729229288,753.4809803481315,131.80264920552486,0.03443922674739555,493.40935103479404,101.44831827681324,1231.0564569578255,9474.061225976038,9023.964292594113,1179.3645125565693,26.066593022753597,16253.733311928703,19610.21156464037,899.6476773370487,16281.263393367197,347.70997149959095,0.34700714290704643,27885.571175351288,49.01789209530364,0
93.82168223080966,5.0,751.7806605602663,752.5508897154507,130.83665967727353,0.03883319303358753,2103.8177223292955,100.98696725498215,1203.1973989593607,9427.70264339866,8956.584733423631,274.35602888783365,28.445835203040474,16147.62114623106,20029.473828271406,239.52915241069024,16886.232928147594,343.09940437672134,-0.362410959150581,27854.79541728751,50.212388109128916,0
113.95781364475229,4.88107584359395,751.5694502253738,752.4593485915384,135.22993918834092,0.0,2500.509198192681,100.4268805792368,1244.9158968165418,9480.135758680935,9000.85335033099,-1048.4704789702132,25.1800717062128,16723.31741642348,19473.326765533162,-270.36058505279976,16494.031111700653,349.77880545998295,-0.6660810328209829,28051.347465654635,49.01996915304544,0
25.89977184973245,4.0,750.8228177447464,752.2130364826008,132.164526157683,0.21897432593370986,871.4091284925041,100.76765433032037,1213.7485070100975,9457.484552289472,9003.613373227341,-1708.7344868405646,29.843980482314706,17125.443735840545,18948.0,-458.19052699998076,16465.42106882707,344.87463226616705,0.38263965525610305,27667.254400100952,51.0,0
95.87232662803288,4.634715904637968,752.1805694670303,754.0553330036207,132.39387384519907,0.0,1328.1660594183481,101.2719453423755,1206.9021872599433,9386.86573300313,8969.994566858713,-613.3495355778352,25.87046198828944,17173.663880471373,18948.0,209.63037880366926,16908.663748119678,360.08853103945154,0.02027710359553344,28062.11534758293,50.26625864163469,0
66.16630885773417,4.479253971903353,751.8961027813797,751.3322134548762,134.36371101377551,0.02482830251292809,1100.84127867633,102.0,1185.5845948874535,9435.400795111233,9099.503950949758,-1353.903528885074,24.63553271507283,16555.52891009059,19754.060930898373,79.61868404947684,16211.637991800559,346.9074032960433,-0.060508277530893106,27878.022890661057,50.15050259086766,0
72.81535333119359,4.0,752.1983565981808,753.4166220840692,135.47423910420747,0.05862121739253052,2101.8861173696196,100.9806091538082,1238.5164814945826,9473.657887888518,9002.66457939906,1678.7860672423556,28.381454598771935,16765.728880308558,18975.718496689122,-573.5729807986295,16608.88000726941,350.0935414666784,-0.06320227714483158,27948.663228867983,51.0,0
81.09058684400613,4.0,751.6325864444502,752.6250665173953,132.6725048940556,0.0,907.8833454385125,99.71105827670938,1199.9172212247363,9428.887740476037,8876.0,1464.3995035914886,28.90133175671345,16488.664762099568,19451.878642815565,-522.6429439833558,16960.434370391078,358.3294240346995,0.24361485629827573,28234.37548983581,49.948972989545965,0
20.42488671358094,4.3230138111215055,751.7497579906907,752.8873517713932,132.93975193684886,0.001708477247684524,1207.9152883719062,100.67511801252117,1175.484306720179,9422.421121226926,8947.6667273673,414.1112027487664,20.586691146414804,16934.83084335836,19954.659626299268,-143.03652087700354,15883.260449544774,347.7106870855677,0.15569621537018075,27575.855394197268,49.39358120648183,0
106.0118945774599,4.860532697343029,751.2412448413497,752.0317881642537,132.7684384492949,0.0,1644.2965956489213,100.24184567486006,1216.655947706541,9532.073559877806,9044.998146707583,-588.063879773013,25.590693207039102,16494.388807052237,19879.02963059829,-284.9873505143443,16546.865249180686,349.65008330817074,-0.018486905097439135,27458.706027892356,50.067762177501,0
58.509367250895366,4.778320332311398,751.4294244224375,754.1413502321643,131.8993245169136,0.1933423615115412,288.0,100.95717839051294,1215.7113442322284,9419.173892479377,9026.871736379664,708.8359844562973,20.297325515478416,16745.023079752016,18948.0,-432.7092881511643,16943.757172124075,346.6741470473733,-0.2860091407393685,27838.942592682743,51.0,0
8.66797,4.003779147017157,752.4070053166824,754.6180498973782,133.1219073062456,0.0,2853.934214610713,101.81230967839302,1221.04120589122,9418.47743410406,9004.930265752428,-697.7386323798975,26.92857131693162,17021.56560863071,19768.28281277242,-481.4816822980087,16880.445167297625,350.88155930569224,0.45472512844366275,28377.7937040693,48.91391141186424,0
59.26102507639269,4.263293367015428,750.9316124925767,753.4870858642245,137.2559602178355,0.0,1244.6646029312717,101.10891333809313,1206.483631612014,9447.388524425902,8946.988582127404,-313.68522302310214,24.097653708941156,15959.753794282045,19884.158915224987,407.31833353332564,16548.47849880502,350.4863657065206,0.608867712267021,27975.648850267644,50.535110647795804,0
51.44971454191786,5.0,751.8406594329275,753.3728227152387,131.27757379453453,0.041912600239759075,639.9575969690547,100.16591952049593,1181.9065881102035,9407.982873142519,9105.678132020912,759.4577804248773,31.065870109773122,16241.770282687105,19471.156584375007,-575.8432693669218,16361.212050954358,345.09283131027627,0.6746504920218771,27774.748413247708,50.6673112236532,0
78.3655313865548,5.0,750.9741686969588,754.1701012203655,135.09783905623016,0.0,2030.6607154686492,100.88445318347672,1197.3030070809311,9418.000603199336,8973.87445644522,1461.3126634529822,26.069186757484314,16826.500905052406,19154.180657519744,-351.5850751630404,16806.64879771163,343.06438565007403,0.015971745871825177,27914.037985560713,49.89756510705571,0
54.98401295922549,4.726193037765848,752.0197450181846,753.7774461179253,131.72695816529486,0.0,2172.544589469091,101.29628738470979,1167.306717838605,9466.597470841274,8915.518956114962,-495.2383445811843,31.007044058738643,16321.969913951927,19138.215679160417,322.4637883334053,16148.95085009259,346.43449902674604,0.41865272297536293,27697.681136768908,49.61818817045571,0
82.5469268375381,4.739035727908975,751.8146837562092,752.9737466622602,133.87045473848576,0.0,1615.263694287315,100.27015017643697,1198.4790780562391,9411.136507240675,9005.580122675463,-1333.3302118441184,23.16769505413231,16673.84033205222,19523.174796185518,330.69093222718044,16427.505710367484,351.327826173875,0.4004846743877843,28047.011250553413,49.14388979867432,0
64.78952747354904,4.7103784911081,751.6897132802887,751.6658670650783,133.5391416662912,0.24652461094564868,996.8162539432811,100.09970600949235,1213.0379289899877,9464.980834145481,9062.481595959083,-1769.8615448220007,27.971094781283206,16770.59262358292,19392.69865011909,136.76211614071573,16793.486920392923,353.51054260778324,-0.2737253099893698,28168.536568575884,49.75595436831923,0
62.50606784595506,4.5651382365229525,751.6139428304735,754.1195588165754,133.15307214724845,0.0,971.4909526823614,100.76835087710413,1235.4520965937288,9477.000338215363,8967.783340821923,1886.6202744300401,26.756584312874867,16970.35180685645,19389.180953791853,221.75457615139777,16745.88100324405,355.13668395569033,0.6021210196199547,28185.383389309474,49.55455245671221,0
43.26203706857457,4.69463717743038,752.1353934310357,753.0608721842988,134.96936046250983,0.1657759635571673,576.1607339103667,100.01944577499047,1199.584088940101,9464.783805563251,8982.890800537727,779.8388256348481,27.171198986689195,16609.910358335765,18948.0,-585.582876313806,16605.946753390053,339.3830432583585,0.5843162517062619,27851.82205571087,51.0,0
127.259,4.438017735802144,751.6350757587272,753.9727603033202,135.9779802522846,0.0,288.0,100.17790058209599,1218.5215904915776,9472.608688656397,9056.78266909582,-1713.0363933274818,20.038795718210906,16848.631208357634,19140.468224942644,-892.3647884448708,16571.88261706486,353.1384697103644,0.13266035174089333,27754.800238746917,49.67980583729108,0
49.26742241568966,4.0,751.3422664104128,753.6177498659899,133.79396638075207,0.02927868196791595,516.5519918365112,100.50274440457525,1146.2454836462327,9459.444752342884,9073.425028742264,-1981.1233744691076,24.542317836405132,16694.38457321599,19905.575039882806,-206.7983663913635,16362.075158203772,340.15254455233355,0.22241689986032176,28564.11497851407,50.03107197486374,0
59.66543561521969,4.689382948731182,751.680919296083,752.619042743927,134.5869515874205,0.03541007816453952,1282.3939238025957,99.91735751695921,1237.3977500324625,9479.54748774944,8981.576702529273,437.5651759040943,24.77229890050129,16370.348616769223,19165.650156838357,-784.3431734693287,16653.689020056252,340.8003049459418,-0.3077278425429861,27231.080198201875,49.738756987441086,0
55.84297638682736,4.365509684243428,751.1844422789356,752.3501703066586,134.01954811437164,0.0,1508.302440719193,99.98380918282585,1208.0021811068311,9505.949012928171,9034.369281873853,-943.9624123934142,26.73686410809903,16528.220507770115,19447.85690148023,-153.2661051141545,16494.35590423208,350.4065284665726,-0.21415412484981816,27574.14587326758,48.69114322111243,0
12.557182020380006,4.0,751.763010977549,752.5593332722971,134.09739925643743,0.015109302814352365,288.0,101.11955583560139,1224.4942515571497,9410.975062146877,9026.6769704485,-1377.775239633005,26.321632442776867,16229.63737943118,18948.0,-178.24192176703465,16504.530695740814,347.5396986993462,-0.2900495017487075,27773.560502705466,50.024586117683164,0
58.99033183660185,4.619703322787573,751.363716766009,754.1045967960969,131.42600161463724,0.06322886912008277,2162.8110657326274,100.99120013143315,1197.956472577235,9430.223603092398,9055.221545619295,-1931.1494245893912,23.54230533050156,16482.465516489414,19899.990755418905,154.69750802108226,16292.968547091697,347.9504754925135,-0.0632821160134967,27673.238074756777,50.59533220344963,0
19.379493512554077,5.0,752.084903505344,754.0440766333159,132.5535580782442,0.0,288.0,100.24970205788377,1216.1886144873524,9505.650713948186,8955.889853127292,-898.1395019348034,25.673597767418013,16191.348705922033,19662.37290609709,-327.1958316514425,16486.574354499448,347.2845514276764,-0.13294555207690792,27900.74138524045,49.63456459181576,0
49.22935589456621,4.164946518844078,751.840052459021,754.4652940762478,133.5065711985282,0.1172683368759422,288.0,100.75291487838045,1174.5215187502931,9391.00313340552,8972.935387471125,623.2432684212386,28.54017404354866,16669.274408182766,18948.0,-96.80131793907329,16611.1312780701,350.2346562422911,-0.5526627883811225,27614.794442460305,49.75644568398349,0
76.34058344716945,4.0,751.6082242471897,753.3346473039247,134.62858015004343,0.08504380059692809,1709.6104772930232,100.04671461880595,1153.2919366691433,9435.815199826602,9053.624641697224,820.1365265256134,27.916874073731194,16723.616086223294,19584.53656574707,-253.90422145771146,16502.944237417665,357.25645842800185,-0.19393332336704708,28425.783611938718,49.54896928425437,1
99.89904305881836,4.0,751.96826685488,752.6761108608473,131.04801642554682,0.03464208459566876,2032.4290333580363,100.01353136182732,1164.0028216743535,9448.26846963494,9003.150285987611,-5.45055671699646,28.53907756693344,16581.078911154946,20127.1469634096,86.79288879820103,16448.728923760114,341.8326420946177,0.07669471884144843,27794.121641143898,50.58038398196576,0
74.1371932880227,4.0,751.7691679938683,753.7302115715696,135.70109819441274,0.10572696485178,1844.4207913169714,100.68088993922846,1213.4298046949577,9503.725793774582,8945.433148595499,-882.4445099321207,24.056515994746107,16708.97971653684,19897.25848842111,-271.74147669866454,15936.590369036168,347.4713343804329,0.5448449592889506,28077.072081858976,50.15238679801547,0
51.97181568294212,4.0,751.9342807485378,752.6031242603248,136.73827664494692,0.07204282477744392,829.9935522003178,100.18575346448017,1200.826249271139,9442.163670067168,9058.963838823574,-358.9832532838717,24.16306957481582,17149.72041054188,19463.08821568292,324.5637560270776,16383.129174924257,351.1165551804299,0.3050789892616538,27291.275195603605,51.0,0
98.86051737432082,4.330316203300409,751.1557111689401,753.4877233061678,133.42248348402748,0.049214067607794114,1413.9441511547395,101.00988036717784,1241.163650786855,9475.553635771481,8958.554832933594,789.9593705409193,30.33771049919807,17517.64875555885,19031.900178463617,94.93416144213948,16013.818077422507,352.0099921396713,-0.03696245694462854,28525.71013510855,49.184941600771026,0
9.902868451889203,4.29334090037205,750.7354118985467,753.7897677070147,130.0207178854225,0.014444521176327146,288.0,100.40039856211253,1246.2985664714174,9466.976516116703,8967.182768887926,-571.5694087897558,26.114304987184173,16736.240721568905,18948.0,247.60440530905754,15857.888896436754,346.447994491081,-0.013109220420121416,28108.05259055631,49.82618774415452,0
18.369857558919634,4.036884795742603,751.7818872343474,753.1683954159407,132.36988101540481,0.0,1795.511333052605,100.25484154699112,1200.9533428678008,9541.780508190566,8941.220016859072,-2350.097596441235,28.10698892221965,16400.491886123866,19327.957709123886,-352.15414480894674,16470.435064978818,356.9248570928761,0.5005248821113476,28182.15461530702,48.6688758355597,0
25.96481221307487,4.0,751.2966851236482,753.943660228962,134.10266692055563,0.0,1252.211642782951,100.12860548769382,1208.6227561803496,9483.730531543653,8932.312043987944,-248.37075963687204,28.49441315401242,16477.34954508778,19702.57661319259,1217.752788333996,16509.388322859217,351.25849925047726,-0.11253340063110732,27961.699567207805,50.17819392523354,0
66.14722092552603,4.019561298731402,751.7855846372375,754.3220169531897,133.9946739644751,0.113641567130213,1089.848465777183,101.18955236889023,1210.5740613909504,9412.750885413965,9021.964905736722,-1509.8465506272476,24.420106472918498,16653.62061679361,19554.243396930007,-530.3174325212055,16799.633022865346,352.09864833518805,-0.09926720433262014,27405.25103530309,49.69143451442685,0
47.01765021747673,4.585078201036836,751.5114819947762,751.7250134128701,132.6714820125096,0.0,1748.2440846013305,100.12173733577163,1247.2229423117903,9373.030068030963,9067.97050970559,-760.2181647087212,28.30479431792829,16621.679026618152,19863.924338051012,-180.22614008096332,16260.25019227629,356.0878363827056,0.13607415207948573,27974.74848204182,50.8011291408848,0
29.523279213619833,4.825869790234082,751.4023286508906,753.1286490419502,133.39968880408728,0.0,680.1248884505032,101.63285133613712,1226.468696915754,9449.475941157585,9018.470499944626,-828.524380808915,29.59841520274852,16539.976974413035,19530.19788081546,489.2425893456002,16340.746180373373,356.7379786969283,-0.4279434743203679,28430.595405584798,49.50823220180262,0
53.08518075090772,4.0,751.4673553061557,752.4492908773065,132.3247900085617,0.0,1993.3489189793536,100.78966782789124,1211.3180561026,9406.772124250227,8966.382807344562,1216.033184512366,24.153779173463523,17081.4106014655,19355.596751013003,-10.107601931986819,16803.737239067297,355.38914213636014,0.13713616177449772,27777.333968605177,49.76300683116915,0
70.41967986851279,4.9735409140276285,751.6882940496829,753.6908073627637,135.87551710962003,0.051938649746376485,1504.7442071355977,99.51655277921172,1138.0,9468.12290749274,9002.80783686323,-1043.963496030364,26.70128613169277,16580.790618372062,19859.595081606574,26.4889290805005,16348.375646556806,354.064614901255,0.09481694487736796,28073.48081094764,49.423990941074955,0
40.931067148366516,4.570615130283779,751.69243283604,753.5867227703548,132.86071847353628,0.0,941.8149480240685,101.22193725016324,1195.4724099384991,9441.879159246317,9052.917612373893,-1236.5930667162077,22.05169833653878,16551.561045818842,19266.950157549374,-432.96317424426616,16491.588775037177,351.7201770225605,0.17754696073250026,28002.40282543,51.0,0
50.094474950076666,4.667550893675668,751.4411624012034,752.594084054731,132.3607377696,0.0,1540.9075145762733,102.0,1184.507985778298,9434.840606474823,9004.277074601661,-154.4435576507054,26.753397105133054,16972.89048479279,18948.0,-1053.2241016605567,16411.280521548244,354.5683019608096,-0.441949221928175,26929.344190929118,50.26740002072481,0
67.6045057060049,4.0,751.2118959828528,752.501732253936,133.4601685452173,0.0,1642.6819235964324,99.0,1180.8203724181199,9405.509690073191,8995.322128958425,-1066.690462448495,28.14409048386224,16056.16313170723,19461.684925284684,232.65944507854775,17000.757558235284,347.1443695771413,0.31039229578639127,27319.047346559284,48.0,0
85.5498292510145,4.525822232771348,752.2535025080931,752.1995970397128,134.10733948736745,0.21000157654642002,1586.4527925364782,100.84053165937651,1203.4844269034706,9387.118555168741,9070.028542454253,-1137.8162644336812,27.380512143683198,16142.574584431057,19011.324068265196,615.4430518318452,16448.509477078293,356.2419091479543,0.1501051215929387,27306.73406623102,50.525498979276264,0
42.72031106852018,4.877386671064241,751.6983926759978,752.0725666532062,133.54515724159015,0.244791730468481,1641.8671570293445,100.59417005999686,1231.4223792686162,9460.775703702433,9016.913759711939,-1607.4637310902322,26.676084711880115,16900.375350100065,19137.5762858683,610.8188397927124,16512.55474324716,345.2355560576397,0.5783435015023911,27810.1765708452,50.418883286722185,0
51.62058188496176,4.4987324674623235,751.9238196342251,753.4453104015913,130.13067197987635,0.0,1971.886968568964,100.5391468437454,1189.544422862479,9395.896283249505,8957.16069472772,-2516.122455538052,25.80378925985178,16423.882417494406,19089.587691329547,-40.848730914642715,16626.734552086156,359.2504854633874,-0.42054865697920485,28278.355111479308,50.590676762184366,0
37.072056366254415,4.630054293531171,751.465989057556,753.3665628140149,135.67121850202446,0.07577245423397119,1653.6803179637118,100.31927712232721,1164.39458869086,9443.446740873933,9063.124559252547,-2032.932392341191,23.321152480050003,16635.23009968094,19082.94528614939,-357.11693103103414,16429.391762733936,342.98896846197766,-0.20649705239592542,28130.746814986785,48.756432652871915,0
12.628799163286503,4.214086549625177,752.0385645963751,753.0801824207281,132.55096291464992,0.016134187657093582,288.0,101.00137432103242,1213.3020822659857,9435.143116631452,9053.823592321152,-1642.5049698629634,29.003206239277223,16643.461700318647,19321.224063344278,-19.783195694327866,16508.656158297297,355.1465014935188,-0.24731914103574829,27656.167412296385,50.6415112835372,0
42.55186038458864,4.978148268783905,752.5042344814999,752.9268366810626,134.36259305395149,0.0,1839.7979225806685,100.78363644202784,1215.6486899747667,9425.37493516854,8930.217342409527,-49.47571498031284,20.696646099374398,16505.85657062189,19790.99103248874,72.67476729501814,17023.733809557525,354.2288979660289,-0.07903471893068073,27911.864414082705,49.76988362058477,0
13.097357600603575,4.059146432989489,751.4163514209779,751.7034840885509,133.36050523407914,0.0,288.0,100.93464580388374,1222.0082496661935,9461.452347047692,8992.183202443071,36.67455132838243,27.837932401340623,16688.055210356757,19141.78591297492,109.65554299412727,16835.087677239433,346.6043442017315,1.0163118255411312,27732.856609388302,49.834050971711136,0
40.25463013473513,4.640055799718216,750.847688053163,752.8188692852191,131.55888023900957,0.025801693179485056,2021.067698148198,101.11294188791987,1141.1492788273456,9536.493923898404,9020.887765786172,-1299.626507297567,26.47639250003713,16649.789006560713,19199.788651024763,75.30259248091467,16383.31816129087,347.5082820698199,-0.0919236111245855,27439.21528097649,49.92528531837904,0
77.80364912483704,4.785630249412602,752.0809063947484,753.4703422967884,132.44323291264865,0.10064346578123276,288.0,99.97243663394646,1178.009044410601,9496.72002967237,9050.89746532143,-65.05369545657432,28.857500030537967,16341.97880635349,19573.122852982404,-65.75681699283854,16747.73864363267,348.86765461357777,0.028020822357090188,28078.133486720722,50.512711444663715,1
40.378234723552815,4.49810869734665,751.1768070934023,751.357800666924,133.6023305374435,0.07612301978101375,1467.247654191914,99.19899492788113,1194.0720034106062,9360.349436297924,9070.683332540988,-1602.0219877850311,29.335057731287396,16874.252719545926,19113.852094199392,-505.6728258775592,16623.326669090893,345.43981365775807,0.22203737208351323,27746.713578895396,48.37535178101205,1
8.66797,4.641759791192468,751.4159678844659,752.8135939078228,134.38551859899707,0.1361108277307117,1062.9788971180558,100.38542887077432,1216.3585327203748,9395.96402383107,9017.544943371167,-1.966701344467115,27.837958034218236,16033.586123965986,19165.04273282457,-394.55035622169885,16560.562578246587,351.6695841852042,0.7769975570477027,27742.78411093706,49.40777427230065,0
94.65202644263353,4.6766505479760925,752.2964070064818,753.4436868839803,131.45612851641664,0.0,288.0,101.12477379509994,1234.3883581681064,9528.526543572281,9046.277507443834,594.8546815707031,24.557704268221027,16261.157784202354,19757.49662285711,171.2501207455717,16562.45625604125,351.23059334834784,0.309885540008712,28318.63942544928,50.84957669367835,0
76.57730338853374,4.950826695350034,751.9336878706108,752.882395254717,134.48148098527287,0.0,2066.0188862469417,99.75575330477866,1210.745217391257,9417.123337800276,9032.850193973441,-574.2281924964012,21.916472279395226,16721.09603315849,19232.4835577763,373.59625997133895,16535.86588520724,351.2684378545432,-0.19990830917270028,27712.23422639977,49.43908981924648,0
85.90592239041072,5.0,751.2987110423882,754.0335876366936,129.855363894135,0.0,544.0547003146593,99.63925612327472,1161.787965483998,9469.140938712673,8997.281329962838,-170.45783120897306,27.86461783844412,16675.868883176816,19686.790399508565,-41.463830228127414,16238.106402538959,354.38265967951025,-0.05324707875415314,27600.13619231727,49.66488103668971,0
33.08012901197467,4.32021476407288,751.8518589332842,753.488307222961,131.86603648474826,0.0,2081.476541224306,101.00262380255704,1257.6039572931854,9500.857453225282,9060.2364785491,-1896.8550538561128,28.055636149804485,16582.91864017406,19242.38783778849,62.24787336905362,16772.377245326366,351.7640226686028,-0.16842512889797362,28143.382541367027,49.29515642686931,0
66.79923998501535,4.377164189047287,751.5809129269115,753.8011024943005,131.64097276505046,0.21811743693309393,288.0,100.19586866513576,1212.9557831593486,9476.223868567024,9002.545910608536,-597.1509173475546,27.13601661993861,16531.018925676246,19957.171402095646,355.3477047500763,16754.239044266782,344.86702092236305,0.1496442825472004,27805.750549515105,48.999153055263584,1
71.08262156008792,4.260202687899943,752.0017185727787,752.4265479575121,136.003066091803,0.0,1434.9095190942937,101.22049258670062,1188.3159259150254,9487.31055993314,8950.234349582219,877.4428296787767,26.104238121478293,16424.473315443345,19334.963675328407,342.06223820474924,16389.08557585606,345.8862951054416,0.09306336255328423,27521.99746584414,51.0,0
43.42179546950584,4.943744934876496,751.7870807371293,752.4906618259154,133.27600862736296,0.09472890755846462,1126.7132871769202,101.51637318160172,1230.012684640219,9490.057740008413,8985.899157374473,-1595.9535389872751,24.470322720131424,16655.636565907786,19645.621561022373,-959.2000373598164,16533.50076361596,350.1526296728651,0.07076997117932486,28321.053515686028,50.147234141241285,0
99.44407294667866,4.42078945848073,752.1374869037514,754.4514089159316,135.3590880422239,0.0,1077.2472073771887,100.38206194710082,1216.073375282266,9480.442627921822,8968.322933784524,-474.8182294699593,20.809807864709736,17018.92445789358,19256.582146865883,13.283322621540853,16457.944157931903,354.79739231768235,-0.9482020799081888,27897.644737916013,49.72287228636375,0
46.78799861205675,5.0,751.2591667096553,753.8052590155995,133.84862505608413,0.1454699050993409,764.5521382518324,100.09609884200147,1231.9651829863367,9469.650401038287,8935.600296044657,-1067.9186383193346,27.0731120171155,16842.725656241106,19195.23635564634,-1283.451155324453,16666.638782584632,343.6720766245031,-0.6217410444391073,26986.09713270053,50.462691725666254,0
64.17019020655069,4.415949239775077,752.3548264610159,753.7046083261138,135.8406427883516,0.0,1242.948038204972,99.44443411391558,1197.2530892154396,9441.78685984375,9036.243894011775,-496.5776540348415,27.690055156693724,16803.55237561506,20237.23254838778,-148.76290849333986,16299.739768625686,350.5663326693346,-0.13809681903789842,28382.785678881006,49.580185298450004,0
43.446222126657034,4.293314951489719,752.0320484176639,753.1095044205038,132.27100679625764,0.18838124620507773,621.6464750909506,100.66280918419578,1220.343512549128,9384.619133926562,9029.46095118641,-1571.790877476775,28.209003379142484,16317.665914388339,19699.660518689223,471.69281425511,16751.385574136373,350.5909356173236,0.08917674459358065,27716.414513605996,50.99117769935942,0
39.44830404217992,4.010889737402061,752.0065149996619,752.6316754507624,131.78346027935737,0.0,903.9025585398193,100.57558983332173,1209.6266500059035,9491.396943231464,9031.622428402858,-727.5450306667261,25.5515325429755,16747.18485333712,19912.82798765062,44.041434353469185,16417.98265034908,344.74144805089776,-0.39400796160765894,28118.717365272892,50.27286873275828,0
77.56673607489554,4.464370561715752,752.363447126889,752.8652183148232,134.79561445154621,0.007303784913978824,809.0451826020794,101.07350928537441,1213.9882590829134,9466.82456990815,9010.969563101517,-578.1042725016406,32.28402341801638,16943.774136132713,19710.71147782636,37.70426450104272,16787.899094477547,351.8447148720968,0.19167478477832856,27804.747494470328,49.74290116450825,0
8.66797,4.6337308783225275,751.4511437167431,754.4196755992258,133.31600364997252,0.0,1231.3559760120145,99.86518341375063,1215.6583571646506,9464.094788238712,9051.595030599108,-1313.6764903892822,26.155928012236792,16200.321484175447,19702.868594628977,215.42918428289877,16659.768558334814,349.4169897291483,0.34634116027695544,28422.403914233917,49.57867620604154,0
64.46955101826774,4.0,751.2683448017268,753.3007889612749,135.03063892362448,0.0,1090.6768288505893,100.33654981163565,1189.2556809530777,9464.261161963068,8937.810079164767,710.2240260442084,24.335403923994424,16808.936890704572,18978.03687006699,280.9046239383287,16703.90420611867,351.2156924683467,-0.21457995885079117,27983.80975183902,48.85642140501776,0
52.784722115394125,5.0,752.0697284913531,753.2389408959708,131.74434376933795,0.08002089437984859,1283.7308598145923,99.0,1223.7565420666983,9451.063845696262,9062.931901530948,-1611.0247615672752,19.0,16679.796259828425,19552.154890448342,-749.2424140179148,16290.349120731138,362.36295183499305,0.059598386544341124,28139.659601346273,49.284642038094425,0
8.66797,4.443604246554104,751.5584167389137,752.9282713796389,133.10418595155582,0.039501813093535704,1155.5577504236728,99.70451703656087,1215.9929821744934,9371.470093251728,8912.17588704267,180.99573324063022,27.38711565752338,16581.667955366545,18948.0,-320.17567715373457,16469.69672780257,341.9063300720793,-0.1129201278749857,28114.204705513195,50.956005032171326,0
47.809029874466496,4.906240471357157,750.7649784178433,753.721169853453,132.01445466059147,0.0440792205390093,1081.7266288771532,101.61024376917788,1180.3598730401768,9478.013756626156,8994.248431584829,-695.7315519397397,25.588862293057737,16351.780483479575,19439.77613093241,-38.45829391822046,16595.98175522302,349.80667632018134,0.49887941337619174,28201.994790315053,48.962940699542216,0
86.2662521856835,4.0,751.969206245252,753.6914454412844,130.26380790097332,0.02130060645555965,914.8020973702722,100.07707685362084,1238.6376462434785,9425.039753117951,8969.829921915261,-467.14352109019364,27.851908196939977,16557.096971066545,19873.783042060946,220.7139198833159,15989.73494728304,346.9201047859703,-0.042392464549794784,28058.20834373112,48.0,0
127.259,4.793688660096829,751.7579158431805,754.1119692830207,136.99052195448508,0.1039463283209685,1986.5594389438227,100.73295267588155,1199.5539535547073,9432.39425141203,8968.91527256072,-1212.2112392436948,22.552092313475818,16576.279726828467,18948.0,72.24637682267574,16526.430271773028,350.1001898185018,-0.026586012501907865,28640.0,50.901962748713295,0
23.176850546615395,4.644846792423438,751.393611237538,752.4682477598202,131.16689293080225,0.05734804625841096,753.820909381386,101.35024875913673,1229.286384095046,9508.86943177448,8967.69753102627,-76.71716042070948,27.713603495770506,16460.120508657958,19161.212973260128,691.5994482729675,16592.537800332215,352.39936128742494,-0.14597644915070607,27508.296209777112,49.349961456181575,1
56.62809018730168,4.0,751.6815195989345,751.9637458368348,131.51473147436317,0.08271177847529138,1725.6562595394541,100.3476169206594,1176.6062576597649,9409.588334048256,8989.902955663068,88.52324512078717,28.483509277869594,16453.60148214485,19020.871083983424,105.8322396886133,16329.178903612794,346.97282859836,0.708759526561402,28170.78887600002,49.935048109444296,0
22.35957197324806,4.6341281095370706,752.197738726357,752.9464182217874,135.42140841558248,0.14878799013848099,2527.1757490805426,100.8616664646596,1218.6434765378353,9510.534491602322,9027.93770383364,-1030.7283048024847,24.899912254309957,16667.976710773124,18970.476820543874,-73.6523829429105,16810.2977045349,339.1072633653872,0.7920322716570302,28266.374681869827,49.43818416362754,0
76.55253935555794,4.530169317238623,752.278279860383,753.9631059898514,131.07204063186433,0.07382323627932313,1113.58087144727,100.69766304684744,1184.1903550170673,9524.341451653301,9055.405734089007,-1263.7480422032302,22.593595953489373,16485.931608946168,19604.70728590193,93.76576388315365,16849.533697521005,353.12316188328185,0.5671732330607728,28008.836854540095,48.69053500822069,0
54.48829176190124,5.0,751.6614589923536,753.6041351635594,132.78151097438,0.0,1175.8031832628283,100.86447173127931,1186.0886336805759,9442.32039341659,8963.661848742555,552.2693350366555,25.300980382260704,17022.0771633814,20007.013297656853,-46.490625174424785,16282.844693254803,339.6025913278643,-0.4046881440016415,27458.26274406384,50.91672514257067,0
63.78828117600209,4.723090352487012,750.6175200806026,752.3309096330504,134.6878132444434,0.041893288306478545,1157.759532807918,101.05309245668023,1246.100045694351,9442.926865674777,9010.417641312937,-352.9454638980266,32.2937520029961,15986.165627484232,19696.15086652355,-61.22839280508082,16677.550827274514,346.3187604723834,0.1617540660059337,28133.331087735198,51.0,0
84.45307358739858,4.105239656122726,751.4822931593113,752.8882002684295,130.4466773122082,0.0,1823.23413790314,99.69697651795569,1230.7189266080468,9472.232505310378,8973.173519301325,-679.343733415525,30.227628093001243,16812.332756155854,19448.189067883883,-114.8774445598452,16554.729792407554,347.0033368184942,-0.6565341630741292,28564.147957594596,49.93291719608122,0
72.21654142678295,4.499690138519592,751.3324300492835,753.0884138199282,130.75692783041006,0.2533842871088531,335.54730746130275,99.87562102885028,1191.7304626309528,9505.320482134193,9007.875039881095,-1748.631850480131,29.332285030903456,16811.58991351767,19642.918642379624,301.37827870636795,17135.493744604348,359.68253628947485,-0.09209723985902495,28428.73161448882,50.11617756958621,0
75.2301876072364,4.0,751.6042476638528,752.6191855424604,134.59450658343184,0.12523384457477546,288.0,100.62033480313836,1232.6406357246522,9444.347604707707,9040.992084345275,-198.0445767360637,26.95670551404959,16519.28202644958,18997.67625187561,-500.7590538646443,16713.27757994081,349.5008603087507,0.1261105285371003,27765.793766365063,49.562513590983045,0
91.58429585489456,4.361242548337828,751.0407738344771,753.7841931870951,132.9615314839533,0.01475674386877479,2484.7121675196704,100.62142194277082,1210.8337458825736,9403.323829994935,8997.021708731578,54.34016761420435,22.018978959981762,16656.979286770944,19482.016163616183,6.919327176576416,16795.416679835376,350.9817305906341,0.7695786506486724,27581.361718699558,49.917312909631946,0
62.85214771227758,4.0,752.1465441898706,754.9675734123958,133.25853744482146,0.06508425634201581,1332.9870931599758,100.11039258731715,1155.5767022092673,9422.88594273515,8942.690322315153,1123.598855641968,25.767794280637375,16497.524967001318,19771.862601453955,-500.85552152658096,16343.379052298176,349.72941764237106,0.590737296153262,28065.435448801305,50.00771969932191,0
62.66260765878375,4.7283975627144015,751.7833181551484,752.4566517286001,133.35826944146672,0.0,1330.3888694973284,100.28215790403358,1269.7638830191152,9450.416327997506,8942.121133433093,-672.1642976583308,27.41923105943429,17086.41376081758,19228.24388527696,-701.9839594962907,16740.210184855347,342.9185343194294,0.007636083638997842,27819.62115477925,49.75197709457135,0
80.90436151089357,4.187324535704675,751.5545061439084,753.2168953723746,133.52192295275282,0.02181574828956395,1598.7788420573486,101.25882228871194,1213.5429958693007,9470.818968626287,8933.872232042142,-492.02170927482086,27.31550370382117,16810.989315984894,19190.412662064482,-298.83863504114726,16391.68015279397,351.931311831117,0.5927721113005257,27771.112722591806,50.538283522883034,0
64.01681472225815,4.466553917770142,751.584514190562,753.7864084125704,133.80013077318742,0.2532502855111266,624.6298004877486,101.01862634335495,1189.4011774266642,9416.125571727536,9006.698946997076,-406.91210937523897,33.0,16544.70339428112,19029.442508578275,108.08815206342157,16015.687010157875,348.9770458345909,0.18762292964808852,28160.262595522177,50.591095565804395,0
45.29732746997576,4.453410738854712,751.3175071197501,752.383232046795,133.7753373469807,0.0,955.5375444345426,99.90275133680362,1217.6559332539077,9526.54482108351,8946.87866607804,-2351.246152849608,25.742345554571866,16602.984302589783,19525.35114830295,-205.96704861295837,16485.259115211833,351.1372171204889,0.5953792207396316,27270.1030509016,49.5112372831128,0
66.71343193189816,4.0703400052369965,752.5195085928333,752.7519780896923,133.22014256506657,0.07050363388281863,821.9503304772813,99.27493778855505,1192.0343759976975,9494.627361040699,8991.58871925243,-1367.9440806933155,28.476810847659685,16501.941577095673,19257.39592699095,54.14502868368477,16728.662122949605,360.6069329375945,0.5105187768605183,28278.50368125825,49.401022994293704,0
29.70500024228638,4.559714057677015,751.7378413895436,752.4203196311648,133.0082980914914,0.05385218236745741,1541.6013940905548,101.00844014342073,1210.880389749784,9431.103759125406,8983.38514931647,-1712.307520816015,30.71294100204112,16602.32887838737,19362.2910873433,-416.6109045379776,17271.127364028813,344.363158214624,0.010544780693121727,28037.643320327443,50.29075248936641,0
88.9279580600532,5.0,751.9298830677901,752.4371471596751,132.87921608047506,0.04413094330992051,2833.0501226776437,99.60585470410476,1234.7544702186722,9459.504193449808,9046.033039521142,-640.7232482483836,23.87466962381571,16817.385280679973,19685.565314319876,413.28706431133554,16532.199935696422,346.58933257351896,-0.4392182423226799,28168.282462412186,50.148930794682606,0
31.498749183743627,4.259739468146974,751.4615967211939,752.1175762521569,131.99274251023542,0.0,957.161759849155,100.09187462771115,1160.650935681411,9535.688558475847,9065.253369381051,-1302.088494682178,26.77648605472873,16720.152735560005,19882.86977819155,-368.5039740582744,16809.185081120828,346.8334174778581,-0.35048492864119835,28137.450941504103,50.84617667524531,0
127.259,4.0,752.0226637222828,752.9208441006199,134.5238398681527,0.0,314.1790132018767,100.06446042378279,1205.3283318027554,9425.560604917888,9037.747404388476,462.055081379062,27.628029891900407,17070.49753168047,19597.840932969582,-542.39545680591,16877.157678630007,346.5642539337698,0.543628848998782,28412.496018721464,50.17531152842068,0
15.665276252311424,4.070222162036203,752.3229244720718,753.1009898107882,133.41122084136782,0.09205344957079663,1795.628440607484,100.84216741760022,1197.7955643968091,9439.138642568865,9046.963132773297,-0.3220825183804489,25.397691865100015,16913.98552087255,19397.519513031428,-382.93650343318166,16345.356902029542,344.807857091222,0.07281361338640933,28302.42266939535,49.16042555163723,0
65.957157600669,4.200775573732231,751.5609655900595,752.0973244985901,132.93677200316642,0.0,1677.6361437988098,100.80122831212915,1171.8758196279546,9496.89128590545,9016.949391295548,-347.2829397210201,26.043509028822122,16447.41137304123,19525.03607908627,196.53222778369135,16097.810565066446,346.8764099156912,0.07976463637747003,27985.953664232165,50.76779710984459,0
37.291535495069674,4.280013081302886,751.4395640512698,752.6276404958201,132.73655285206658,0.09332621344068509,472.17336425893234,100.95204934638897,1158.689459936524,9428.857544182074,8991.93195274644,1095.0328220163751,25.352135700348853,15956.451997718164,18948.0,3.750590053564707,16689.327492976223,351.1745724026642,0.24794410960118024,28279.287002188845,49.37397748975282,0
87.04655908595268,4.0,751.2506865941384,751.8750225648902,132.85091756469424,0.006504886460104893,1355.3575221423334,100.6822152940359,1178.9687810640658,9444.200340757596,8937.801318607015,790.6100856701414,25.277111273835832,16455.831193001974,20029.143434142166,-553.4630199156508,16253.493095232549,344.2555307844628,0.1542285473840833,28042.756658529335,50.40292591097344,0
127.259,4.0,751.979256109984,752.8105694389908,132.35835455920852,0.0,581.8709245380678,101.87873561058703,1225.3191663679142,9453.024762445175,9069.817333360113,-2018.632095946989,22.603761385854806,15963.239962221165,19187.815624881758,59.48999473949396,16561.30718388326,350.11150443610774,-0.38041545646405933,28163.0319469859,50.000723967434226,0
82.2146170847331,4.0,751.8361856065318,752.338545130392,132.65729129299507,0.06820233559778344,1337.959151672414,100.00866566063738,1203.4246396913618,9388.745298590593,9060.513367189162,-741.6234882948512,28.978845882218405,16444.85251881834,19252.463755087174,-344.7453347652097,16755.07835538441,346.07400850361756,0.4378201469556975,27779.208610528265,48.21866500017783,0
43.30478620606401,4.0,751.7025762597835,752.3365672463694,134.749303141269,0.0017428733733095233,1134.7783281130519,101.12023169343884,1228.503984317976,9451.234766923604,8971.460232504485,-2274.0256719946033,24.281713397932023,16418.407113167254,19484.320037076617,-161.79531726918663,16707.910442453576,346.5274553593584,0.15853942599791904,28286.321081137838,50.08292430812586,0
58.53821836912955,4.228104484937292,751.3814697615438,752.5909003239466,132.43014083932653,0.09171781849197172,1101.2848799504977,99.64127334335471,1249.5667050958323,9465.29451346244,8941.995820415163,-972.7166926925719,26.356031945019325,17095.52090597701,19037.55530956206,415.02634447110654,16886.2058117039,346.45377846196817,0.07078216616832413,27567.531817185678,49.64433590508624,1
59.238205353206666,4.857898312356684,752.2109876894579,752.6676335063211,130.17526417966224,0.009163138247660877,1491.0455494682765,100.82050131973226,1194.7051502652416,9457.223541386531,9077.438030232997,-168.18292391007574,25.09558122738339,16452.53233330069,19382.51243390553,703.4832107119913,16489.603680135253,349.31631538200196,-0.010736782996507604,28258.80222544067,51.0,0
73.78281760308029,4.5699185768381945,751.7039625205746,751.4429446717434,134.4634368102692,0.0256771634578733,1592.9835977973191,100.11195768069902,1193.1918623666513,9435.07215048848,9054.551160195078,-911.0868412618883,31.48829668785657,16724.059833254596,18975.94708932441,-67.22895062174445,16372.24216882534,339.0925542582228,0.8179005482534164,28130.654429056536,50.23685805424699,1
65.2683795300005,4.0,751.4534824329608,753.8576418498787,131.6235411926194,0.0,1097.3392713639437,100.53205243603563,1206.8106052536039,9482.18591905706,9036.753341888643,-288.30314423090726,29.179218319523518,16155.425235819288,19630.472325242165,262.43595556217804,16224.934108911591,342.34367662032895,-0.11567197755858315,27688.857528182416,50.41398057414528,0
41.98453301939331,4.101104783709352,751.3918651959359,754.0648627222205,133.3060428338335,0.0,1185.8896945445267,101.58933603995006,1183.6403933549807,9506.454665672727,9016.958348142982,-697.7965616906636,32.57692011758115,16290.547444558037,19314.9249476267,-549.1777280951392,16774.194001525746,357.3510492229966,0.8459433285887572,28299.25798307841,49.649033714860494,1
49.42689225980085,4.0,752.6661693622857,753.5786024246219,132.50768427398359,0.15254020787813036,533.4785585701031,100.93642230203295,1198.7393912165237,9478.471474182552,9004.256194334292,-1958.4558434161754,26.264124695108553,16904.289270907713,19434.218110711332,327.3035735741427,16273.553294941601,349.28591356633797,-0.06733709199609746,28144.84645033157,49.83331464991853,0
80.93150469550989,5.0,752.0191495355838,753.4320032638714,131.70734155802907,0.011124560127390567,865.9564378557328,100.38287362870291,1193.4517273866436,9411.551283467335,8916.48697788912,-1193.7766718624841,26.570750408233625,16205.233962098166,19450.725374031997,818.5379732505825,16791.883027504016,357.13643921989177,0.33692945552314607,28280.98668751691,49.225680943454044,0
41.09486075061109,4.0,752.2571763370061,754.3804950808492,132.41090059907097,0.0,699.0107204652167,100.91874817198965,1232.7210627992451,9380.011841421638,9026.178606905527,-811.3600547755896,26.362559958509426,16732.26391932009,19375.765913189036,-56.33182627483461,16481.942577169466,353.97129054434646,0.3479281806812272,27974.432860507328,48.78572467371403,1
49.02868624327317,4.977217792729627,751.7044023239463,753.7212299037367,136.0781136322362,0.12178310491290018,1339.5204842792655,100.2597845720396,1138.0,9445.103961177392,8992.093090157878,-159.75055565756395,25.66681467922724,16504.97159195806,18948.0,-421.4901611671756,16654.96910728364,357.4766663812099,0.1424250139319107,28009.146239979014,50.57408880657282,0
36.122686074384696,4.711713238193703,751.3298437577196,753.8748898224247,133.52477663315196,0.04313416325286308,677.2804324007329,101.15794200412292,1257.8566243985379,9410.39421353656,8991.455988648233,-314.8372155226765,28.114320019151606,16435.224386328344,18948.0,582.3065345787954,16726.09524086544,341.2149621427212,-0.060593601208839644,28410.698707160234,50.97248653522278,0
88.35202745398867,4.440681809023096,751.7262018158576,753.1295798281947,135.06906482717034,0.0,659.7359872658623,101.38154992355526,1202.0985765280989,9509.057671689177,8976.080417977817,-594.5989976961237,23.666491421203652,16600.553511623184,18948.0,-224.00398668305323,16175.64870746131,352.6718372573755,0.46647673409597173,27342.874312870845,50.880865133586425,0
127.259,4.551564560080716,751.377675563915,755.3415623425512,131.20025572028533,0.013557130071237745,1404.9037869503118,101.62848209723747,1212.6815093754103,9431.450008865571,8963.118616489048,-875.0031945139033,23.446511765277624,16612.353735292516,19237.52949066994,-663.3933983122588,16850.038089829206,347.0695853964085,-0.32352730671877816,27848.550612720934,49.86297822352531,0
8.66797,4.69415801922986,751.1822378836515,754.5082660919124,134.1137553976073,0.0,705.5853100298567,100.55918091711594,1219.308648690932,9451.011698197593,8997.138068130658,-484.0674542885138,24.495645162129414,16498.316283490072,18948.0,414.01585428469093,16610.404060862824,345.7729983512669,0.9370201570107586,27931.19243806965,48.97458714971582,0
85.90696550095517,4.727305483115642,751.8761782522328,752.908902406731,133.99761438740163,0.0,1689.4731950125965,99.23189527163534,1191.8976979699155,9523.267242114638,8971.651775004786,-1130.9592782344932,24.90142581629782,16244.129264710298,18948.0,-111.77897748011378,16569.57627176285,349.1625268899861,0.12357646788718445,27916.955964111563,50.630683902887114,1
54.64509153707892,4.2420132577925065,751.5509461725073,753.6612123782522,135.51770587945916,0.0,1343.8878306398576,100.88608464427399,1177.2658584080277,9452.90987410139,8939.273874428523,-2269.2201424235177,27.022001486241262,16486.455932144738,19519.329344815415,-18.919326700414665,16290.875195935223,349.1966161524803,-0.3095817119503763,28353.329483750596,48.717341920170746,0
54.48570229301169,4.008291120301093,751.9608145290458,752.9795032368885,132.46545853646344,0.10208198247664278,1291.3300970388439,101.01755177664226,1177.5605373898143,9393.984396176911,9012.171304261137,-852.5591480889715,27.69793542460353,16575.10240552126,19520.356918695517,-719.8644444413474,17008.72311745757,348.63719911428205,0.4589129960623716,27632.349391127078,50.05572574825664,0
21.43633627711055,4.754272330193269,751.514919875923,753.249425428181,134.38885461512615,0.0,751.4680225387766,100.97380965416912,1258.2103981185483,9446.356804099953,9034.599638261096,-645.5848900728638,31.12281586867397,16088.8595490862,19479.74771470078,-720.8081424521001,15907.457063928561,350.80788686016433,0.23677015589470848,27810.810218047354,49.72257039635915,0
127.259,4.399715724482567,751.9317923315597,752.7415329445776,133.75215776308303,0.0,958.6442955612641,101.97782149061439,1234.0894944751822,9457.719449007789,8900.410642624583,-893.7467963739686,33.0,16531.137856597754,19850.564461031357,618.4359001333924,16590.39993011879,345.4515786416081,-0.7881119976415658,28124.51014154103,49.15265509421952,0
65.58920659582326,4.0,751.5585933937185,753.2528150073607,133.7100439866026,0.0,2174.1689547612505,100.19643859311782,1159.4078931182567,9447.558228078766,9008.795772071013,-384.2126221303693,29.612858556592485,16529.450129244495,19400.980808740438,-492.74941516021374,16741.141433536726,350.27590146167677,0.014055588632887776,27286.410937040007,50.96976451380403,0
23.68025268145565,4.2334292178128,751.8587373120328,752.33196388293,130.9243221602016,0.0,1814.2867812188574,100.23456797619664,1279.9222429607169,9410.954704534923,8964.496650456334,-1093.4031844618753,26.70025657024461,16461.279700433603,19670.087425515558,-438.3516394855667,16189.345510590449,340.95512501060995,-0.7038313499176808,27735.30467094153,49.56589862673344,0
41.48006487846156,5.0,752.2773363923174,752.9769796128782,130.4493997283126,0.0,815.4950212611792,100.15201806207709,1184.9878845383764,9425.048693638477,8989.287782581965,-1161.9287995207244,26.609645193041935,16703.501572654885,19110.155408869257,543.8321127050269,16289.957537847931,341.8033366337523,0.3328097999012357,27638.39791833812,50.06640846914641,0
8.66797,5.0,752.0098479026144,752.1044835616569,130.9476131191147,0.189115927813663,711.4744296242108,100.02146316836028,1143.9150135978095,9437.563016644444,8996.64861257925,157.85622052017473,22.4257948077384,16155.041152377213,19610.758902463316,428.4251100494486,16141.846924559157,354.4940840772865,0.19618742039706885,28256.478444767217,49.75150502859085,0
8.66797,4.452735131394896,752.1965289362938,752.5586158410827,132.672085870661,0.0,288.0,101.8690188256495,1179.6543441091026,9472.975076374043,9003.18431318215,687.4429051356475,27.1243194335191,16529.89474213339,19116.453357269045,337.22977550939737,16066.10177836728,352.4460124220255,-0.25622159513424647,28308.431004114133,49.93772268122175,0
79.55974883760094,4.569527155473507,750.8428000319434,752.5833286570527,134.34840759140585,0.029129493853058044,2162.129595184126,100.93395390878179,1177.943524595667,9419.152927973351,9011.972451663161,-2801.608297954949,30.42315564310492,16727.234054822144,19896.08655544916,-701.187598805767,16847.38688075051,359.9007033847344,-0.34452065033293344,28152.752384795,49.808877902123896,0
14.224107720144906,4.774647934412906,752.087489897526,752.777638848331,135.12862825063056,0.0,288.0,100.7373087148756,1203.9251645265642,9422.439422777055,9044.724397613649,-22.472825723132164,28.301031089572596,16562.495717347338,19666.502062293606,-205.67443845124686,17050.16315272661,345.58921823124047,1.0192406533320815,27914.316571775347,48.70162493730622,0
101.17220344438049,4.591448517468448,752.09592309349,754.1436216174114,133.81969882686462,0.0,2006.9012060500786,100.6371402051816,1221.2221927282021,9363.02099639652,9027.918598912682,-1164.9031018832363,30.370754083865744,16780.118885442243,19533.14488543961,201.21318797895933,16285.352387636649,357.0410707511156,0.9738929365604676,28030.222221829925,51.0,1
43.339591232652076,4.130675147995338,751.7059561167033,753.5531260101443,132.66256610248323,0.06856397006924618,1500.764087897499,99.90044122868267,1216.8469546988888,9487.767812644714,9015.149587562177,584.8999111163691,22.89866966610803,16734.875903336866,19014.69876893986,-497.50696236905236,16377.440106573875,344.9803100845357,-0.03688106557839722,27833.694001476237,50.48133089311422,0
50.742883079954375,4.0,752.2349981494775,752.6010222556856,133.19259092587478,0.05886967283757847,1420.0186551990696,101.44342063945325,1215.8049029383803,9416.455393006425,9108.171141288647,-351.2490852524335,25.683902500086475,16879.51837309045,19536.67188473444,163.19385688504946,17160.005222928827,348.11590272354886,0.054762066826010446,27940.76272254531,50.669834076462365,1
15.355541908959497,4.0,751.4036664792801,752.0046001384518,132.61380354855135,0.06481633270005539,595.4981078960869,99.58445482361107,1205.076214609414,9487.727098400072,8928.646661421584,260.1729210368174,28.194748578944743,16876.648614906386,19892.94148397639,950.2780386801167,16446.307009458214,349.92452541279596,0.015484277828947835,27903.662073607295,51.0,0
20.177431463182607,4.098757945768242,752.3491259563035,753.9910646429215,132.71134504748747,0.10220954318264754,1527.0994896574068,101.74287125561608,1205.2116747513544,9494.469903212224,9129.650374013703,43.17757934693397,26.195804111280694,16809.095392949148,19310.661937956163,1031.4642145459836,16580.654464019528,348.12619004809864,-0.15139498996948783,28258.231425745962,50.505487179346225,0
45.4828730442447,4.8163651568340144,750.9601565662159,753.3660253935489,134.00118823087666,0.19284182553775667,686.1882143819325,99.69393809347518,1179.8101081363204,9396.806088505238,9069.151873273224,971.7318985404713,26.90089054093893,16954.57571130933,19494.210329349688,-52.63160820093691,16452.08380388423,347.9500839259064,-0.4348455781151543,27988.570794609685,49.77554350090675,0
82.58200486196495,4.575285322821936,751.607945212122,752.5754965481334,133.39949003890192,0.08986585106967292,404.4915712045698,100.70108541094295,1209.3634839339784,9422.377766041958,8979.957568934915,-315.81078916003395,23.11726563575752,16700.4554701526,19115.77713419136,452.92830761276525,17121.327868511853,345.3625555061622,0.3938812757824338,27667.749812014143,50.64525243386152,0
22.55841254620717,4.76850910812822,751.2660691075654,753.072650520663,131.65546722492007,0.09880374106373128,636.1574036850479,101.04359626939136,1194.2488149817086,9447.332944324624,9014.050556068434,-1285.2914562621017,26.61496702710757,17044.701733009573,19158.888346309697,500.49796438340456,16910.915018519354,345.57224959634834,-0.397928411265603,28000.77761645594,49.36769062892595,0
116.1144867152824,4.545974043817919,751.3001416975599,752.368938148893,135.00846102895358,0.0,1302.2179010478426,101.34138290820617,1190.5781747626472,9450.16683736844,9006.434713455901,126.43168880064079,27.605038234765185,16534.213978220876,19468.360673683157,-173.4227271077913,16165.285415055094,350.6204806390022,0.934415681493484,27616.93067947946,49.186216668132936,1
34.33644934455797,4.890317552083676,751.9021241539112,753.1089125818756,131.83411955755886,0.021236589476502515,288.0,100.74234448048391,1226.0845899607975,9400.335635346493,8936.175875380375,1001.818129264507,24.475080671607657,16929.68571630979,19388.34150957637,-81.81488841255295,16645.387649790668,345.25328367852853,0.23398360325219683,27779.520362436666,48.745876941100995,0
70.40548601801089,4.397153472260167,751.6106785801318,752.321782150166,135.8012787137995,0.10458044052580609,1998.161526366943,100.41135109760523,1157.9750103456017,9532.807974970736,9004.370949497077,-1272.567843631014,27.152288412938717,16938.77676186767,19436.485023483136,547.1108594183631,16806.903160677943,344.3488038967362,-0.08695245464158116,28213.011045269814,48.0,0
55.86879252844041,4.0,751.4568821747831,753.003912484833,132.7190713659245,0.0,439.4241011052357,102.0,1252.1670688028332,9404.0208006295,9080.528035612426,-931.3135771185829,26.403667244215818,16579.95356558424,19202.399037732826,418.4368473241507,16567.077343934347,347.16888561823174,-0.33803698204432925,27613.733506986762,48.48777920618426,0
60.69544951307835,4.0,751.5584379400844,754.2530853687088,135.1814037577845,0.0079908634829905,1203.2221905821289,102.0,1216.8983661418417,9438.512770151625,8941.11177572832,-156.32464871097153,28.22602870880482,16414.196149291936,19552.02219541225,-169.84016616936606,16489.4203391937,337.71295680046296,0.09296591947060849,28216.841530903162,49.30013117698167,0
61.89862120529921,4.151223839421476,751.8597467243209,753.0655109590658,131.80056878837803,0.15301780272237872,1971.5255307105822,100.19053063625115,1216.2968651722595,9474.28472580788,9036.970957890317,-2196.1557157447837,28.68747212475691,16432.26353474271,19313.402051803558,1140.57501431151,16611.174720192856,347.5930943213601,-0.6965552266616867,28352.93833851181,48.72599701818344,0
30.374585686301963,4.3631853444495325,752.3680086399345,753.8063396938167,133.0358960195919,0.0441797901823277,815.0683031232854,100.7395623968365,1205.180959162405,9492.118967771812,9052.027836171741,-58.53587580157218,25.12426707638369,16814.745864374614,19411.14692792179,-483.4630700852121,16434.481077872788,349.8067789913161,0.543548159541441,27843.607480393435,48.835394271575915,0
62.02446222101488,4.585235741543799,751.7757059107548,753.9160920588787,134.89624552079223,0.0,803.1524132109196,99.86955051580067,1221.5615441955445,9511.966365464174,8992.59968276851,-776.9339704980542,29.885248956410805,16745.84345553773,19605.344455646722,-531.0526735029184,16705.603951595724,345.04107114671353,-0.2701432812886899,27790.75976542693,49.33681638512371,1
