Timestamp,Machine_ID,Operation_Mode,Temperature_C,Vibration_Hz,Power_Consumption_kW,Network_Latency_ms,Packet_Loss_%,Quality_Control_Defect_Rate_%,Production_Speed_units_per_hr,Predictive_Maintenance_Score,Error_Rate_%,Efficiency_Status
2024-01-11 23:15:00,29,Active,78.11675714569874,0.9739264784135979,5.152070701705231,30.8139135249602,0.8410652867564821,1.2540006087986622,428.0819812906365,0.9217463039821993,6.817839874753373,Low
2024-01-01 14:20:00,42,Maintenance,58.386540533130706,4.952167293616916,7.260996375939259,25.546322427790475,2.862298187272467,6.771318379520925,339.9222769554816,0.1863925345040298,0.3432261945036357,Medium
2024-02-23 08:20:00,47,Active,57.00242106039868,1.159641127299615,8.908120378787972,15.659787862505048,0.6970017972532213,4.134732167118886,339.14314266689826,0.9503011332697178,10.753538483615715,Low
2024-02-08 02:46:00,3,Active,63.0126634496533,3.928236524591144,5.400848031531146,40.54451841522315,2.196409936879508,8.141018044776612,189.5721361499011,0.4550806924487631,13.016139614607571,Low
2024-01-05 08:25:00,31,Idle,85.76710305346985,2.4364863350349326,3.3549490830543554,42.135007793456296,2.972783511551538,3.994222331495551,89.70902644214308,0.1794778787067881,3.8309095985290633,Low
2024-02-27 05:06:00,36,Active,57.014192695426104,3.1001939440374824,8.4375969853108,5.432773795839995,3.01870234717813,8.181718298737094,388.4785444385072,0.0429295295704124,3.815111594741022,Medium
2024-01-26 19:54:00,13,Active,85.65553315934157,4.3194250381660355,7.9200597950519365,9.29844899360668,0.8157724041471659,8.52686003840273,246.84902890935325,0.8701809990164416,2.6029718662306403,Medium
2024-03-01 18:18:00,50,Active,37.3147260376537,1.6167460180217605,7.90474228473672,24.399038013112897,4.103321045223651,3.6497400816229413,233.19906968662588,0.7210416122660953,4.536556072697789,Medium
2024-01-31 15:31:00,27,Idle,46.84179147111482,2.009459269563659,8.83154766167494,10.86113864590984,0.6365589445580528,0.8606729425849707,479.7118222082525,0.594492496268461,9.771265267176847,Low
2024-02-11 20:23:00,49,Maintenance,80.36676416961303,4.530513893461384,9.975463827901514,15.725920909644364,3.9859826420578166,0.6984643281939081,83.09973573331617,0.5377217458683791,7.813773087330855,Low
2024-01-12 03:03:00,30,Active,73.00494928790246,0.65217756449791,8.328686172214704,19.31266706143999,1.1558800850078081,5.137960982776406,181.74495851111973,0.4292071286176706,4.9426298693824124,Low
2024-01-29 12:50:00,25,Active,49.24602574058033,1.9866602897853833,9.777862263394313,47.649067802004666,2.1151387232212775,3.932950362968706,51.7648597856167,0.2797112643788617,12.308187661336106,Low
2024-02-16 16:21:00,2,Idle,86.76762820040409,0.5450709615256948,2.036022996395396,26.475299667588953,1.6726751815880012,0.17699738162795786,124.8604435972825,0.7222122856659462,9.329415395203295,Low
2024-02-15 00:20:00,33,Active,48.26227225889906,3.8528894609729254,7.068298136484937,11.994537576186207,4.04815143715662,9.13683893813902,453.28123242319873,0.1477738616730119,0.7863078197157742,High
2024-01-01 12:49:00,44,Active,68.77966290262475,2.411832132822325,3.222613893831652,42.8565276850659,1.4869559650083737,3.7040867633881245,162.95463509521892,0.5468329087936673,8.895539166678523,Low
2024-02-11 11:35:00,39,Active,34.912453803812625,0.9081506527432276,3.331845137928398,48.810388919610176,2.247945656233259,8.373646082244523,64.08118621030474,0.424892875315693,14.463934012756209,Low
2024-02-13 17:15:00,38,Active,36.14279996385151,3.9382623592773793,5.135747093043784,45.25228866448189,1.7161385363580977,9.439945778978323,412.6496821767349,0.4169957093254618,1.9453875106322707,Medium
2024-02-15 02:05:00,6,Active,47.00595165602292,1.329540460193866,6.920339231762887,1.00002542338376,3.5247192364933126,1.495127208645816,440.39139536590557,0.9673214620974288,13.583374954679677,Low
2024-02-17 04:49:00,2,Active,54.27138621894154,2.7181989044103263,8.324168759316661,36.14107931231409,0.0557481457897032,4.252870672607093,361.40205028105095,0.9871041693408568,7.441182655508603,Low
2024-01-04 16:31:00,42,Active,32.40602578695531,4.453327900150092,6.194987249652001,28.699169231102275,2.685254331089208,7.878719701770912,267.5927493903251,0.2042988274362953,9.12884204283484,Low
2024-02-27 17:04:00,47,Active,47.64478496709287,2.954799336250664,2.768047501111391,36.92058361448247,1.6653409307547322,8.795671528574115,370.87264709464057,0.2922966010398848,8.348499294250178,Low
2024-02-07 07:07:00,47,Active,63.308268557026864,3.5908931876211443,8.881854684461102,20.30700968261423,3.0920710814713783,1.7735069040143934,460.1251952209571,0.1781452423163428,13.133416770622638,Low
2024-02-29 05:45:00,46,Active,71.11581720315534,3.7145094560851377,5.520451305928878,47.360436219962345,0.04172398560033912,4.308212050984532,485.44997775133476,0.2297064043962553,0.45259804330451997,High
2024-01-20 22:13:00,10,Active,83.8063699002429,3.871948942757524,7.418381061875927,31.23522306549171,2.4178377850297488,3.3764527400391837,469.3188973111271,0.82190773022242,1.3756800047223032,High
2024-02-19 22:52:00,25,Active,69.04687071940175,2.7707695131352774,1.5268286549913805,42.260028562572444,3.2569279523268637,0.5614352026760143,96.42793769050083,0.7227174441016896,1.3274863862958362,Low
2024-03-05 14:16:00,46,Active,40.81980831553762,2.7577729909745856,9.310537481094528,7.272336764818661,4.443558722788508,2.459450446055456,97.88709904947349,0.226520947773314,9.936314719971312,Low
2024-01-18 19:38:00,5,Active,84.63349907087405,0.4271714130765552,1.7460190237783784,23.974958417721357,3.63971764397651,6.255111305811758,406.69949108545785,0.9256464068138452,8.21044543741016,Low
2024-02-28 15:58:00,14,Maintenance,36.540357845572544,0.1467412807120571,4.738399196738313,30.04973109798902,3.736491291553435,5.026376012346016,248.51964003468123,0.034048222070134,13.817246506901311,Low
2024-01-13 19:11:00,37,Active,40.61534592342198,2.7206495691534434,6.215217322064643,17.22988447584481,1.7774128794898298,3.2227261807481984,90.50846997723538,0.5763369988325556,14.999868808717553,Low
2024-01-02 21:47:00,40,Active,35.31090639409331,0.1000109137489653,1.6054405419928852,20.20857742525177,3.1604104811463847,6.061804491111423,425.5751077248363,0.9096663472642088,5.4801528698545985,Low
2024-02-11 01:50:00,16,Active,41.42781448180466,4.336611071230852,3.23813399197493,42.91491261507726,2.443309706957589,8.519796553217837,141.02666441565682,0.7339802633564517,8.507889122604885,Low
2024-02-15 15:25:00,3,Active,56.96433933091757,0.8458802782159395,6.492057481938741,20.23256307594286,1.6710226982140832,5.56416480027714,174.48964545681926,0.9985039846827496,12.515556116303769,Low
2024-02-28 18:54:00,25,Active,68.43118277980496,4.1119819503904855,6.892440089660369,10.662228737683925,3.4026846550559022,5.463161714803561,377.89812276156295,0.1785472192064275,11.810716391034424,Low
2024-01-25 20:13:00,18,Active,68.28220538803717,1.8536061771962673,5.242218411307799,33.43774419622081,4.513457086363774,0.40664644018462126,117.64084385332832,0.6349262047640126,10.479960422933676,Low
2024-02-16 19:55:00,35,Idle,71.83665484677105,2.0372461495535727,6.567402621879613,40.346404786816485,3.4590028205539274,2.2613456757825645,473.26402821492286,0.9121623359562228,9.875438145273362,Low
2024-02-09 12:06:00,1,Idle,42.97272498882852,4.553574471623914,3.073381024495769,26.056804003995936,3.7002610711950585,4.767460143027653,297.6554787096134,0.7971351763502472,3.498368345086661,Medium
2024-02-16 09:23:00,38,Active,64.46560270957424,0.6057962601827204,9.13943768818076,2.585934894718486,2.7566280837494266,7.568367746700108,156.98216788638715,0.6399893551350548,13.437519537691312,Low
2024-01-22 21:51:00,13,Idle,79.91510785286069,4.34685311260025,7.000819640152587,38.21861363370327,2.5677942270278327,7.713367800695485,103.15463299329538,0.9678268798466272,12.620349790357526,Low
2024-01-08 21:54:00,32,Active,49.95081932192826,1.125102029587935,1.5586255303986865,41.80790712388082,0.011635295864822454,7.874866855028366,199.78609670148165,0.2451873884757981,7.42449750399212,Low
2024-02-17 23:32:00,12,Active,30.112509664598914,1.830769428049727,5.645533851256377,44.71348876716548,0.6212622262693799,8.22748038512443,52.38867580777121,0.2204991557715124,14.198655140939238,Low
2024-01-03 16:50:00,33,Maintenance,70.50162914507827,2.2983921355616452,9.734481436292599,9.49776712412714,2.4009221751849776,3.6791187743217915,253.7463219483203,0.0528770652608322,9.119202183465841,Low
2024-01-29 21:26:00,8,Active,34.490648809672955,2.991024319784945,8.189105466056667,25.876330913911666,4.408325032290908,2.4992294774694526,99.64297551403413,0.123120852598227,6.750783908599471,Low
2024-03-07 20:36:00,17,Active,59.0756743325466,0.7078854972853987,3.34936696094323,16.34127928698501,3.992804698421988,1.6183326310338524,82.49048620152645,0.638596540847711,6.9445622645560645,Low
2024-02-25 13:58:00,24,Active,77.43790354581003,1.5398210637808647,3.006461559323072,9.31230889698804,1.5827584470943,2.781158991987377,331.42952073677395,0.7437846250336138,2.4785231319700594,Medium
2024-03-01 15:13:00,43,Active,65.46509973872801,2.4756672766151904,5.8457370158408395,22.924245334653353,4.93838908729539,8.298273693191764,320.38741504803227,0.82216076828361,10.249039391090172,Low
2024-01-08 09:07:00,41,Active,69.19210817063006,2.9681153646300094,6.339141133230865,25.471830465371855,3.505643760750349,3.931201467341265,265.44901153595373,0.4723428038745062,3.180157472406389,Medium
2024-01-07 02:32:00,17,Active,41.93178058998388,3.076119389660389,2.618022275820746,4.062670628339605,4.680648125214333,5.380526650137162,335.11201147516715,0.2066404278624006,13.205301165192909,Low
2024-02-21 08:49:00,7,Active,65.02895283761289,3.049700283621038,6.947380227993268,29.769274525054236,1.215851369250112,3.6924810936551538,141.60797014171266,0.2507709802528578,10.958260795235464,Low
2024-01-30 20:41:00,23,Maintenance,75.081360684884,1.3639040339969697,6.740465230074386,3.799221726206501,4.328701291169732,9.439719112299835,74.98503616548815,0.0658981404391571,9.96497741786688,Low
2024-02-23 03:52:00,35,Active,66.4411945875948,1.9089937940364103,6.97528244587431,41.44636853593559,3.5430896965744836,5.252261693751219,201.91415055693304,0.5251217549662884,7.332194495641646,Low
2024-01-17 14:17:00,49,Idle,31.984253829712234,3.198488605179243,5.115818202051813,49.09870562874478,1.7745333910063306,7.043841481984072,195.4657072700976,0.9486237960223664,2.9155872724275134,Low
2024-02-17 07:48:00,11,Active,86.23561700258509,1.3897879468721728,4.078017136804415,10.613511819531999,2.2589102422637124,2.714078966477848,300.5196168852535,0.2434718544170134,2.386870491435049,Medium
2024-01-17 07:23:00,7,Active,52.299592250932854,3.657467507531684,5.233312544798909,20.770191747787734,4.166669287082685,8.861430624430467,161.25989146966566,0.9477297764727332,11.60843150271145,Low
2024-02-03 17:15:00,32,Active,48.23542430804989,1.7550206531781514,8.470130912961233,47.90381953811876,0.15643617036986923,7.567970131510858,447.67923238976385,0.9591487338717926,4.868099138661995,Medium
2024-01-12 21:59:00,22,Idle,32.84870572944219,1.3036700369707614,9.207513057606393,33.25588523891318,4.0289286655336864,9.829604897143208,152.17590741962184,0.2774552353180446,1.7682691203354857,Low
2024-02-25 14:37:00,11,Idle,46.626670566686386,2.2310861403019673,6.950664892559216,36.55916596112775,4.680267302194196,5.589501109789109,178.34710161334166,0.5097805427711609,11.15330402511564,Low
2024-01-25 22:40:00,47,Idle,51.982315737450314,3.7473494151755786,8.450829381481674,27.37942595148492,2.977747568675345,5.743734098338285,179.33101853003154,0.3824405427749321,11.171224610714598,Low
2024-03-04 22:27:00,26,Active,57.75220297509927,3.210502313983033,5.897289467883896,36.89298791437374,2.562953992724088,7.143008847504497,121.34367048083809,0.3150000917767661,11.37037126935403,Low
2024-02-16 14:41:00,5,Idle,73.21963137510228,4.344239185319053,2.7535123406079327,27.774141654131988,2.6965092231198624,5.372523094353865,404.3006488364483,0.7166762049823324,0.29520697417165237,High
2024-02-18 05:59:00,41,Maintenance,56.394962764724475,3.563367913464055,6.426066899006454,21.110031359672707,0.7968131244804924,2.7115946287681987,471.98523442655267,0.4095428023341431,14.93973831805292,Low
2024-03-03 03:15:00,18,Active,64.84014595651466,4.884836374789888,6.703640564887221,46.462539090981394,2.2149817467339115,0.3825408179971006,65.932881663448,0.4234440782540984,12.542726793611507,Low
2024-01-14 12:17:00,15,Active,49.55885630876941,1.5942651092131614,8.949021336186316,14.110528035421488,4.830918286445751,8.04070205668312,485.2585970084631,0.7136650158885582,1.7449821839344481,High
2024-02-16 05:17:00,18,Active,57.46249618566313,1.388090861877598,4.034273274692843,46.03377310295185,2.8385963092567787,7.82151835397355,438.4663589829569,0.9547769553504096,14.087205202873712,Low
2024-02-23 14:29:00,20,Active,44.705625362781184,2.750708624318803,2.7633982081970867,1.810506462972651,0.5463002359129866,1.9650217177746279,473.1764643384003,0.7378767724836642,1.1091501154684382,High
2024-02-24 19:53:00,23,Idle,56.9981983828732,3.0222033245504005,8.659460678712747,35.40222504965102,4.772217970837957,2.024760578360059,499.99676771056613,0.9870601531025373,3.191958632479107,Medium
2024-02-06 19:15:00,48,Active,81.25183719520098,4.797669246724894,9.349095410260452,31.94919740274991,0.7495610248302951,1.5552726813534126,166.20065746838722,0.2818541745693325,0.521617510611977,Low
2024-01-29 07:17:00,48,Active,33.75302214238829,3.6910279618874773,5.719841710534873,31.823854743846983,4.193756241674794,2.9201925878341477,434.01955165416365,0.1750937015867151,13.593949548462389,Low
2024-01-07 17:32:00,20,Active,49.82660814187538,1.567308182043501,8.175720818503866,45.706203974283945,1.3362062261259264,6.782237124313505,291.70486299558695,0.5806933278455342,9.674688475349965,Low
2024-02-01 18:38:00,40,Active,41.58077421080332,2.184847228970517,8.302198640628932,33.0145915039419,1.8999517657032075,0.5498948230047209,412.078561899502,0.0664688216249652,6.78568240921964,Low
2024-02-20 06:49:00,24,Active,69.6329458425577,4.145634015080592,7.4743080043942935,26.561379509474037,2.926634258041745,1.3884172184832524,331.95811526919437,0.4532611345968188,9.442815373289886,Low
2024-02-19 10:51:00,26,Active,30.044776334002385,3.3145785100163647,2.3167242361308613,29.617814927199454,2.9418915582716103,2.540942784711873,458.137750587451,0.5746691416988866,4.517822512538844,Medium
2024-02-15 14:57:00,29,Idle,70.81727915099268,1.8197322237450326,7.830387827042956,34.289509796786284,2.513997008103265,3.4499751771722664,329.3451717344273,0.7903088743619581,14.605129202966728,Low
2024-01-26 17:45:00,35,Idle,34.07214944632831,3.311664639998059,6.2601581497534955,18.360956443567122,3.604690713011929,7.946548407048434,65.18732529516014,0.9322640167047268,5.4038138250543275,Low
2024-03-04 22:53:00,29,Idle,50.50447764776742,3.507727157131804,1.5001828372282835,24.425041723015948,1.214678856657231,0.731337880473149,396.9395544827587,0.4240314740908791,6.345314851412786,Low
2024-03-09 22:59:00,24,Active,42.599541572062805,2.08405962800004,1.9640625956148596,9.320186844237487,2.3672045016589958,4.100957387486622,291.1525294137898,0.4208817435880183,7.4437528094763685,Low
2024-01-23 15:26:00,10,Active,80.97195368198929,4.708450257727953,9.154624805404822,10.222368201793394,1.7039624877287192,1.2515884101853918,59.94921025074682,0.9812841423864828,1.8484762721769998,Low
2024-01-09 00:14:00,23,Active,63.513777571838204,3.2815661142028536,6.025616326386487,31.43291393071478,4.2509871673103605,7.376288668413318,439.4077437480671,0.7650292092988363,9.617960554483284,Low
2024-03-06 17:43:00,2,Active,61.12761344451304,0.41125401014888274,2.328225464524925,27.770005355720755,1.4711075254199761,4.091379830659719,382.3620008915673,0.6194106474252108,2.608489754413097,Medium
2024-01-29 01:17:00,4,Active,48.57560039765508,2.0684445610163023,4.3593015063120175,18.456544017043054,4.072216657936534,5.430546930267828,280.16926961647926,0.0337199786317818,3.6807347276982783,Medium
2024-03-04 11:07:00,19,Maintenance,43.277944728127046,0.5778308304955704,3.9876397153665812,36.46613536763586,0.3740947220003616,7.916704955667695,441.8125828655756,0.460109153288021,8.911551984930442,Low
2024-01-01 16:56:00,37,Active,49.24163750439996,2.5817378446690586,6.402446373161353,48.605569111028615,3.647014895809904,0.2722351892396236,464.7186887704319,0.4676884433302339,10.86870769523918,Low
2024-03-03 08:29:00,24,Active,36.19456008521744,1.1656330041044183,6.156857271461283,3.5296068220518673,2.427529420742385,2.7726071683806524,65.67658725789698,0.8201138405260152,13.023084130237105,Low
2024-02-08 14:31:00,43,Active,46.10525723586398,1.391276585141653,7.419123964144758,17.286304350043643,4.574603429744723,4.351411277603339,111.27665824741844,0.7347130650921082,13.48130297886856,Low
2024-03-03 08:52:00,44,Active,79.28418005399281,1.5043881819591811,7.506385452248486,45.139780260456895,2.21943158399411,0.538218753016918,252.02139222585527,0.6843406486909692,12.648228524387061,Low
2024-01-17 03:27:00,28,Active,60.69897587513176,3.654715818174383,4.337462637579671,2.55500001312757,4.437422136489145,5.037069002971378,267.40751272248764,0.2586762039084478,3.539900021252925,Medium
2024-01-17 21:00:00,1,Active,39.78371100733887,3.2804830537479233,4.288321620690178,37.82103455580558,0.17889072602361938,5.640521708057473,333.3516795836593,0.2983992082246051,1.0971168656284713,Medium
2024-02-21 10:25:00,19,Active,51.4995864950137,4.776446903618235,6.538564142884959,49.61013438449046,4.644266189305936,3.3154167211029395,417.56106117025,0.0632875772335228,5.990017033533262,Low
2024-02-27 11:58:00,6,Idle,84.96552752316133,3.660232419669681,8.947844693310188,7.683036913608404,1.8453318341674019,0.4570718998347941,187.6008638812506,0.6128550164766158,12.866531016811143,Low
2024-01-07 10:28:00,5,Active,84.07413145946676,4.644223461910841,2.6114089019372932,37.96182330916236,1.4160616893199967,3.545223105428538,445.42785663948314,0.8898225045652463,2.1376332882065174,High
2024-03-01 06:47:00,36,Active,64.36947232468218,1.8616533875935444,6.974896366033133,22.614516969618954,4.683265649841358,6.860134797629881,421.65539519613117,0.1798883071095893,6.505553422244069,Low
2024-01-09 11:05:00,33,Active,52.20237222819848,1.5105861829139862,5.70562902283956,21.37967451386488,4.602150614556044,0.3385354715101704,205.35028025924979,0.4815927885804053,4.817125610120825,Low
2024-02-14 05:44:00,30,Active,55.52831262631229,1.2324030351054862,3.590310088206013,21.48942966626902,1.847555891675275,7.308032445239277,391.3687318871416,0.9427389428923296,0.37262276701804886,Medium
2024-03-01 06:19:00,1,Idle,80.10892392307498,4.6770430354740204,5.409829496121529,39.16815684114165,2.193469471169727,0.6231513924714763,172.5726136273814,0.5177062839170481,12.731906263232222,Low
2024-01-28 03:39:00,38,Active,43.58745560034446,2.0737716816149576,5.036176301486504,42.37433163601661,1.1671116259858139,9.406069111142067,131.6113639955603,0.6900084275962282,2.4832163121899367,Low
2024-01-06 22:51:00,37,Active,42.538580375723214,4.33414857145563,7.4386352652318335,47.51889790916522,0.12210706006444276,1.6519109292663665,460.78902196673243,0.8436261430942057,12.893853573877658,Low
2024-01-27 10:04:00,18,Maintenance,45.909033458108496,0.830368752814535,5.4702759803423975,27.569184060745666,0.42704743292628233,2.619846952200179,177.83368887759195,0.8612717097050198,0.18613075550115576,Low
2024-02-05 13:34:00,9,Active,58.970683396017776,3.979041256699602,7.6873551599279635,15.43538892786965,1.956973104492269,3.941360317540472,467.4386712736915,0.4153940280399503,13.269299475548571,Low
2024-02-12 12:28:00,2,Active,69.13385976759612,1.2868703787161124,1.8397258025420755,20.492813595203682,1.1345216083933578,7.706360818768147,201.37971417716045,0.5871430341271341,6.528343754270143,Low
2024-02-04 00:24:00,2,Active,62.062813862758205,1.113847304454708,9.418551907710736,1.0067961984926561,2.3560759561683797,8.556302372936079,61.39894496194688,0.5969147359983348,8.496964691368886,Low
2024-01-29 07:34:00,27,Active,56.050269082151814,4.319572727332179,2.8615155724260193,13.583568185224157,2.516018646698555,4.637938056978419,347.26605242464694,0.6209149671430495,6.1473046619565235,Low
2024-01-02 18:48:00,35,Active,66.0352933645934,4.525796355517811,1.6743848691611147,42.6391360800288,0.15169549864842496,1.4852022470562958,158.29283165064206,0.853828738733883,13.79514759117212,Low
2024-02-13 11:12:00,39,Active,54.616295400864786,4.379814931944552,7.573153708160429,38.713014573097816,0.734497742158933,3.7318206181682267,119.2749775173941,0.895949938571069,6.105408795864401,Low
2024-02-16 22:03:00,23,Active,38.936823586175784,1.9308885269878515,2.338397509353646,22.11880953005776,1.518685740485987,7.428105863282319,270.62306726271845,0.1234639756469975,5.628162204825413,Low
2024-01-02 20:55:00,39,Idle,70.81716097878392,1.5748927114447862,5.7615543636041355,39.885184666871275,2.8409462262811487,7.785871574867083,398.0900738109671,0.6726101260716103,7.908035577577519,Low
2024-02-03 11:10:00,35,Active,39.50847779643106,2.0634932272866306,2.0967177436626554,34.88782626509095,1.7434227937295155,6.029006425500436,152.1706455037027,0.0590482707846462,1.3442143646667009,Low
2024-01-04 15:38:00,50,Active,46.05317885217093,0.2676522443547491,6.127529544384665,29.240167330917245,2.936482797368627,7.040740722140392,50.000374764752834,0.3214035446873531,9.683867635222239,Low
2024-03-01 18:58:00,5,Active,61.77435289533283,0.46678034701583687,4.171736590143519,10.296160024585493,3.2137082977521603,6.18738618261395,151.424181964805,0.6854085880449514,2.767172536582681,Low
2024-01-28 10:24:00,44,Active,86.58199214835105,2.2540494956796415,9.083710673442964,32.72470288400416,2.9722968494304913,3.7010407286236635,302.32078364602944,0.6737440724743907,14.801267188836047,Low
2024-01-24 00:39:00,2,Active,48.26835734770863,1.2388494464413125,3.126538447797266,7.398427980274448,2.8763287996374878,1.1704066848296537,306.79516314994044,0.013386204271269,14.918385896791765,Low
2024-01-10 17:06:00,40,Active,67.95844421716458,2.3802555042625833,7.900747506899465,36.33275682600123,1.3393103413761085,4.8371253127537495,320.8982665755414,0.6265926071628933,7.007288656251167,Low
2024-02-12 22:58:00,34,Idle,41.77819133216181,3.7141119476479187,5.762182625727395,39.79496974483361,3.7350076923446287,5.246585777622512,142.3635031211354,0.5658902546327836,2.673233958087173,Low
2024-01-09 19:06:00,38,Idle,85.74939972948061,1.8630614742334375,8.051264151702322,46.73842232332843,3.564506840984099,6.457715896082529,489.88454985304276,0.8126886485553765,5.786333269939098,Low
2024-01-27 20:20:00,43,Active,41.36291219276638,3.848744095177275,2.9071094905493062,24.499192087036803,0.8433780165551514,8.689662797758618,153.76736471855654,0.3363289114995773,12.67123970686048,Low
2024-01-03 11:21:00,40,Idle,88.23615052857878,1.784358700034998,7.965717085031685,14.535071555922157,1.44586836179211,8.772923023837048,450.14216256778377,0.1153304789177909,11.808319068732931,Low
2024-01-19 15:34:00,26,Active,42.415261635850634,4.6681745580891585,4.810812443667183,16.68843587633967,2.1161905165076256,1.5478842074361077,81.21825810970788,0.3160995473003493,4.787103551454702,Low
2024-02-14 19:05:00,2,Active,31.003563871751172,0.5665564706823367,9.99988898643713,2.665422500788221,2.1917673641018447,7.159919835527921,361.47337953418395,0.7303618088328064,0.775624852127018,Medium
2024-02-06 06:51:00,25,Active,66.94877872248486,0.3289242673441219,9.057685142567605,27.157384780350657,3.4227160932793,4.704782718657133,374.0979934684091,0.8516201250056249,12.658803061984898,Low
2024-01-16 17:42:00,33,Active,55.490936457451504,1.654738462582489,2.2459419397117526,20.676172727654134,2.0587810102222477,1.591982973475543,387.82298129444433,0.62810544775961,2.5006212096495104,Medium
2024-01-06 19:52:00,25,Active,57.03129027754696,3.3308050488446588,9.924778553940023,7.581262521579726,3.752405321561049,3.667481376978083,99.69292825676793,0.8639274881907603,0.6891968428779345,Low
2024-01-22 04:55:00,4,Active,85.06437355118652,3.0743941648770243,3.6733755373412613,29.16328483751061,1.7908952963892588,8.523230008302232,314.6533079553471,0.780609447126147,2.6106623312352912,Medium
2024-02-24 14:03:00,38,Active,54.21500617787572,1.9815449744545917,7.572029738298662,31.157966977165504,0.8679783247961509,0.0004488894314802,279.168136490035,0.5393977796591148,5.247253008618053,Low
2024-02-06 06:56:00,1,Active,86.52482664493763,2.9353339934284746,9.192946409487957,40.85720800339031,2.2996117959717215,8.975150473033283,267.4615079185432,0.242699576145595,4.631013631451037,Medium
2024-03-02 21:35:00,25,Active,89.99897908395114,0.7959503645059469,8.014968791124042,48.32976601612932,1.8154632612735468,2.651923340618426,393.58956372904595,0.71127124596472,13.29667528013787,Low
2024-01-25 11:02:00,38,Active,55.01329216023416,2.903269992782244,9.043843675668084,38.889238547689494,4.060629067449546,0.34410126418227693,322.5917905550113,0.0772347186105592,0.4665066776004087,Medium
2024-02-23 17:33:00,43,Maintenance,56.18973205185251,4.829648128715663,9.396062507101439,15.309363358702617,4.814235414743377,9.95482612120814,328.50293511060727,0.3973220674534108,14.204106018967723,Low
2024-02-25 06:15:00,45,Maintenance,86.72672597854115,2.1996925372936116,9.739887632428125,39.82658926020569,0.10955066206043176,7.183821157254495,467.2466704123355,0.4026306195388529,5.71106982112209,Low
2024-03-07 21:54:00,39,Active,63.03923869884571,4.669225839678024,9.593746357687937,18.762292576934264,0.4057877903333407,2.5557021455609976,197.16922197629754,0.799288197463511,1.5250097889447665,Medium
2024-02-28 18:51:00,1,Active,85.88692740828675,2.839011456467784,7.788501874198804,34.315874631169486,0.6338271799092681,2.1975668368235373,479.69090819451077,0.5426483067911426,10.458703130951363,Low
2024-02-13 23:35:00,26,Idle,50.88113885983112,0.12125567901945843,9.989383962781387,37.56014106332394,4.00674588466466,9.733892810588054,64.7819501537241,0.3183058620106159,13.376544734794104,Low
2024-01-08 14:45:00,25,Active,59.601064844844025,4.2946486427274,3.6911290646686528,15.700443375861841,4.285542361473661,1.224673840359839,282.79083731716827,0.574209805185231,12.418989294977852,Low
2024-01-18 00:58:00,39,Active,49.51560694565409,4.67677013758276,4.135793643460582,15.138062170931827,2.6560455350999623,4.714071805109716,302.9770845140714,0.7258963577207787,13.931719393367828,Low
2024-02-19 00:32:00,10,Active,44.513293820370045,0.9878315490875164,7.7801529741757465,24.574645780413896,3.997314123416613,0.04156765737522082,313.20146964451936,0.0500753396430971,8.543066103409464,Low
2024-03-09 01:38:00,12,Active,51.373216693755225,1.2477419724530183,2.107617027724836,10.78535701096289,1.6133336132479565,7.66129899606248,341.13543557766116,0.9106935959135064,14.906747566161423,Low
2024-01-06 15:10:00,4,Idle,53.076711544920414,2.7783782589251214,6.2686374089393935,28.443250528504088,1.0127468886323698,9.730294953111608,376.79094806835565,0.579535667464848,0.7435651679316346,Medium
2024-02-25 01:49:00,5,Active,40.115523566933646,2.3530314011411027,7.449702329825414,33.83790694982862,0.6719983210864335,5.862556631717386,254.11911338799158,0.3677103948726159,8.570189842303334,Low
2024-01-19 22:26:00,2,Active,79.27876661006836,2.4725265080057715,1.6097987481474205,2.630386672542465,3.9422175122936416,1.6238238914140715,383.47599256702864,0.3924511881174454,4.67416810305877,Medium
2024-02-06 19:12:00,8,Active,77.04211579478097,1.618087331686896,1.8582706299011935,28.323380855649475,1.2153410752457021,6.447738985521131,214.82519098941336,0.7462912034529878,13.901805418979404,Low
2024-02-27 14:28:00,2,Active,63.98673267095858,3.508814438533841,8.735846557636407,3.1841676070711373,1.1441834844265433,1.8119582184929246,212.44120585341605,0.909089229593938,2.1309333240116253,Medium
2024-03-09 14:46:00,3,Active,79.35902926936473,4.879173364164987,4.277370629006505,18.36370672603483,2.2057340202593703,4.578306796782734,178.10193333561722,0.2168706691232562,9.41330540824032,Low
2024-01-05 19:10:00,34,Maintenance,31.75769929246565,1.4387717201965138,3.5235404458499975,6.048149178115549,0.2696156779909931,5.340510519823723,262.91526235588407,0.6082846717502662,14.342580928765265,Low
2024-03-04 04:22:00,38,Active,30.259296535033258,3.679464863716319,8.941127171751988,3.5605076886201825,0.8503357390098671,8.569756149697366,376.36257365651625,0.7308916770311402,14.445857275679348,Low
2024-01-01 03:26:00,50,Active,45.15691245117014,1.880259088748409,4.26422824623223,2.643602192702821,3.0352078839670624,3.5204624150828496,151.67334771790115,0.750206996947825,1.6301785909703295,Low
2024-03-01 10:54:00,25,Idle,74.6874003402257,1.0591492859381038,4.008718908167739,13.388087647753435,1.8948123309334248,2.538863349235769,284.9224718524899,0.1033900798207493,13.8254965282791,Low
2024-03-02 00:57:00,33,Active,48.767146856271566,1.8981595730614798,3.361534594337219,29.85180922958753,4.02200932538907,0.8995833976846522,71.27405465602187,0.8660468862433413,8.672066229924367,Low
2024-01-17 06:19:00,47,Idle,43.03421335422709,1.832341313277067,9.49618569893453,24.722727318027786,1.7521559082813785,4.351527199729019,391.22289434486237,0.0590197509023037,6.242565902477394,Low
2024-02-05 03:56:00,9,Active,60.06935842383206,4.720164057870399,5.269918113272896,49.859574647996844,1.63775529904862,9.712372984358536,189.0190008067179,0.102767016410288,5.3177887059719025,Low
2024-02-04 17:35:00,45,Active,58.81474052271002,0.7115418611936498,9.60225682265269,1.1921831189606087,0.5646924272902165,5.023299623690252,340.96894367786524,0.1369368018592648,2.6820612346493973,Medium
2024-02-07 16:28:00,29,Active,30.68613536005071,0.33832849173370416,6.998333010037083,38.560807387236444,1.564084274069882,7.916965975823654,309.26860638040904,0.0844457400167806,4.152901147377401,Medium
2024-03-02 01:39:00,45,Active,49.284867331999926,1.0845951255539352,4.201659490786079,49.50468278722747,3.1937492345832608,7.919564203603909,138.43388053775172,0.3017944994197796,8.308916000305624,Low
2024-01-13 14:21:00,43,Maintenance,37.483738534338144,2.2543318102016108,4.353205343312791,26.895229456737102,4.391072258991804,9.635963412219905,220.10506578584997,0.969624130436208,14.774753845633573,Low
2024-02-25 19:16:00,2,Maintenance,76.33394877297098,2.1370551600480545,6.509307407292328,38.51622635902328,3.934090459058293,7.715732400283654,213.24705674030963,0.4820033337964834,7.931240645742478,Low
2024-02-19 22:30:00,37,Active,85.00278722561534,1.5427577086483013,6.550030559488851,8.798209447426078,4.277092955029468,1.2234118844935113,259.7766574741599,0.3894526204769776,1.1136789583539755,Medium
2024-02-08 22:04:00,5,Idle,51.26136611297185,4.068231578999578,2.678809018137368,45.7495632486043,2.4936620537396457,4.404293161481067,498.8476624842272,0.0483086007547215,1.2533398771620663,High
2024-02-16 16:14:00,35,Active,72.01649295987768,1.3998011260166066,2.607031310272168,40.016282992328804,4.158442863237205,0.7792911832013681,129.34105025720598,0.6977564448438881,9.447580107021981,Low
2024-01-24 11:47:00,43,Maintenance,70.7607634433987,2.247151641921713,1.5989249223974942,38.177741860837074,2.4015437117143543,3.220190884340509,461.36695131547106,0.6004687349973127,13.425946812148627,Low
2024-02-08 18:20:00,13,Active,72.02508942151618,0.8782360975788712,5.6212143254308815,9.066418445927885,3.0777459558093967,3.392967068361354,75.14191202716421,0.8642523322912651,3.487736785280381,Low
2024-02-13 11:43:00,19,Active,66.81532965968195,1.0950238755356465,4.972738403469938,39.78642693465032,3.523263084929375,9.001353766212361,390.8599173456252,0.5195591539733357,6.309546704276329,Low
2024-02-26 18:14:00,23,Maintenance,78.63301400197605,0.3109585318068587,9.009416725283078,30.174398798335094,0.15020401573344533,5.223300191299472,218.51825109031512,0.2670617465922871,2.064804638746924,Medium
2024-02-22 09:30:00,21,Active,84.53778237714732,0.2361837776737531,5.335954463600163,34.49282925547131,1.3723648088185272,7.759280677486718,346.108470459273,0.2190219732415714,4.339812791614874,Medium
2024-03-05 21:06:00,42,Idle,71.62278120230467,1.8026033628502536,2.824435468823007,22.564210525543285,2.8092060143035633,8.914630242522732,153.70163018300494,0.1544822205939933,2.516953133114279,Low
2024-01-16 11:39:00,12,Active,70.00245564612055,4.660205480155572,7.758399789379389,31.065897300729063,4.41909622831881,5.5273542567407805,210.5126483709404,0.0639943143501154,8.980499747456467,Low
2024-01-31 06:25:00,40,Idle,62.75803891569411,0.6244181686824686,4.169652425552774,30.636094803870108,4.733305827728447,9.274207386818446,320.8380734229958,0.1656696505331273,5.429192837601264,Low
2024-02-14 11:24:00,29,Maintenance,88.97855551688292,1.8100771372930164,4.392676315334166,10.873041578512762,4.026736745259138,2.885473171530416,59.90961019190317,0.6575708628978134,8.448383786635386,Low
2024-01-30 13:17:00,37,Maintenance,34.281187542984746,1.8454929768136412,3.757283346163926,7.1153227278807005,3.3585360111237565,4.212467958933116,286.6079349004448,0.5477151619278713,8.444641681660476,Low
2024-02-04 02:00:00,37,Active,45.4452037877792,1.3599503822707624,4.944642856783262,20.424768638319435,3.421906925018003,6.832262972437823,333.65210468819777,0.4565548786061671,7.03359658153431,Low
2024-01-02 20:53:00,4,Active,44.498626046188974,4.5879506601325,2.29078744229274,36.863268681911556,1.7739070865000492,6.830864843735961,365.3723168468829,0.0152750226935072,3.1376188734612582,Medium
2024-03-06 23:23:00,50,Active,50.32778742388098,3.7850623010497415,5.5965506267181535,3.1191867773276987,4.467207325431391,7.552466511421563,182.98831420410127,0.3679768906519599,0.6903138210524303,Low
2024-03-07 03:39:00,44,Active,70.23546020141531,1.9095911242714596,1.6737051172941595,8.528714502359083,4.262203280343632,7.8895335846000885,338.93329214224616,0.7685697449470259,6.786047941974337,Low
2024-02-18 00:43:00,12,Active,30.140974722446185,1.8817835677312165,5.9136151017215335,48.209155016177746,1.0672198643624349,3.7487907887254486,79.28391980851647,0.0528263216794564,13.86886838201345,Low
2024-01-19 00:19:00,35,Idle,68.53007625930115,3.799824752914125,3.56014323658509,1.971582686418294,2.7748035053886393,7.337945514996195,232.87870982149113,0.4384150473632082,12.852494950579809,Low
2024-02-03 23:25:00,43,Active,67.321532528281,0.8819007195960995,8.654202156484489,11.009333403516042,4.700084362144572,2.344218570446164,181.54363933366946,0.0179683023864635,1.2821351410256387,Low
2024-01-30 19:41:00,47,Maintenance,67.57869939066534,1.8459992528969271,7.216847596004229,18.733981821351897,3.9120780245073807,3.0330957897898885,313.966587148521,0.5069898297121895,1.50459010860611,Medium
2024-01-16 03:54:00,14,Active,79.20118253761324,2.378828696639371,2.6274059697102623,35.43513976150146,3.012072446616985,6.047246271105418,215.1991737905556,0.8085533838318323,0.5889254130798877,Medium
2024-01-13 12:47:00,39,Active,80.7389034907422,2.9789236080451067,5.3722994530426265,35.52758541222567,1.2572783742858507,2.6629812482061967,451.0738360095179,0.4792471897289726,7.322435342115028,Low
2024-01-19 03:05:00,42,Maintenance,45.46990433904333,4.240985096243787,5.619880348918453,44.19602127550187,1.0305839640674155,7.800353529681609,69.03319719451412,0.1054535121517236,4.902347593505099,Low
2024-02-22 14:46:00,11,Active,33.607841979848565,1.1298763586488505,3.4506150363236974,45.277879223029565,0.989951410054276,6.713029947633366,393.7815333563992,0.1821258883940026,12.150633365875748,Low
2024-01-11 21:47:00,6,Active,88.32021530271629,1.035603154855028,5.673352056928946,1.00002542338376,2.5141018149599668,3.1737085481633587,243.65590873431307,0.2014079371170541,6.941659078926362,Low
2024-01-16 06:16:00,13,Active,48.760497896567315,1.9483298585248963,2.560125825344321,46.13151403285718,3.772169134749289,9.242196076890911,280.12589296940087,0.2844369214740398,2.8694664183478515,Medium
2024-01-31 17:42:00,23,Active,70.67181782057224,2.5387159245860595,7.670330077123042,18.71548468394097,3.1745718892709283,8.156878043760992,74.53972231856567,0.3430202070626943,12.729620357542343,Low
2024-01-17 12:16:00,50,Active,49.07854321159742,4.8941962653129405,3.0558226870698926,43.95976418629833,0.10629203334907084,0.3196804803652864,412.3873632742928,0.5881216593012522,10.577585368461929,Low
2024-01-21 21:20:00,47,Active,77.77820398952784,3.0989281326328895,7.77178325656849,13.401789929723778,4.240705867243569,1.4061914019935133,373.4278513381974,0.8260325226608235,14.682551983978408,Low
2024-02-16 10:02:00,7,Idle,79.09097354801101,0.3628131464771655,4.027950999392859,12.277730811623044,3.6217173816848827,2.0372229033511284,446.49822408423086,0.5217938894014024,10.57625506686227,Low
2024-02-12 14:53:00,33,Idle,51.320190138824756,0.9423672942644615,9.058982016396037,30.79004637378091,1.6975845009973836,6.603215744659995,252.42793891280968,0.3472661546863576,9.58269660944436,Low
2024-01-05 16:56:00,47,Active,68.10962920836916,4.7065936146110925,6.661450573001424,11.409915817623844,1.2124074744717326,8.914726545992279,196.20139294613858,0.2484548150253274,11.185459954762775,Low
2024-03-05 10:27:00,33,Idle,59.34515408675679,0.6599259891082883,8.044102055620229,29.36178462511702,3.3034208943686707,2.4944126751220033,128.7418861753314,0.3633155258363773,0.12866112723264028,Low
2024-02-08 04:56:00,29,Active,56.447054867881974,4.968672580348188,2.1925145431435435,11.223003322746536,2.948622461864431,9.194935619810355,51.86504372825352,0.7505653396805051,14.310779035534676,Low
2024-01-07 13:54:00,42,Active,72.28291257899167,3.8544056202411667,3.347251011536086,40.740930604164696,1.4132269967053004,5.614357707091203,439.9418130574416,0.1011610991871031,5.387809828980134,Medium
2024-02-10 07:33:00,28,Active,80.77027202370674,4.026270775752644,8.577504974525759,28.841382923397084,1.9992521288961582,0.4708439847311884,154.99319482437002,0.2335464776551338,2.4061252693946447,Low
2024-01-16 05:59:00,28,Active,41.384627535687834,1.5482468518955719,5.694887803367173,32.25465196854798,0.11704323287174365,3.91132787878098,130.81222950135268,0.6635772833805983,12.513373959598908,Low
2024-01-04 20:10:00,11,Idle,36.346817444148094,1.5533817295589132,6.030303811025122,6.829563709413664,1.678757715855138,3.7737147604176475,158.73892463483205,0.8842626976928813,1.3589920004685472,Low
2024-03-06 20:56:00,15,Active,87.81921936329303,4.292627874689846,8.935890401053085,14.333972167899718,4.324470213957724,8.732404547326588,155.57705126926183,0.6612466158635383,3.1567296187514327,Low
2024-01-03 14:28:00,50,Active,68.89504750241268,1.581733687882966,9.267823861705146,10.414685055868434,0.6804597983838458,1.9266111598219051,386.2483092071312,0.6553746111654994,14.800497192951848,Low
2024-03-08 17:04:00,34,Active,78.50906669889906,4.874631428494957,2.9225393459795983,22.641489341348972,1.6181176761280813,6.943653493795731,487.55864452381513,0.1216077637529576,2.273081499868158,High
2024-03-09 02:58:00,6,Maintenance,67.3179968305341,0.8870381133633782,1.7263238137697736,8.504553254735338,3.9856857985958185,9.782115313060002,395.0620013217419,0.8949986689308536,0.0001122884510773,Medium
2024-01-10 09:45:00,44,Maintenance,47.433752046618864,1.8731950368123704,7.7456454509369435,47.66779553752408,3.2654501990929488,8.270071079633656,156.2395166951738,0.859827789047346,9.31310478057475,Low
2024-02-15 23:19:00,38,Maintenance,32.9846163513533,4.619788280418541,8.881956499027561,37.42201812160394,3.8381050636570784,4.6617357275060956,142.90789995192944,0.778394792736308,3.472735317262396,Low
2024-01-25 03:26:00,8,Active,83.8332977490636,3.2892732170245313,9.754292487851218,39.080142704143206,1.0800969416325428,3.1352794233800867,201.02296501519382,0.8164660556771968,14.22285055132933,Low
2024-02-21 01:30:00,39,Active,35.50934697686003,3.91140965142898,6.651451470857263,21.784314687295748,3.019410254326707,3.3651465542134047,342.42080400590925,0.3543518741807157,3.8172236086791065,Medium
2024-03-05 23:17:00,4,Idle,79.85244731504535,3.682765901188054,7.878313622107253,1.3560317401294115,4.645993377923954,8.745697176162386,131.55324038382534,0.5581876147733067,4.479259112856831,Low
2024-02-12 10:07:00,37,Idle,60.63944719941988,4.437344825879994,6.726539489034128,25.437680747061606,1.4723912088327047,2.868153161336882,68.76668541513897,0.0755356925308154,11.778214552358449,Low
2024-03-07 13:19:00,28,Active,43.15532839244626,3.609189706946091,3.0688842280084545,24.59270033598311,0.7504428461584978,7.356901235522025,328.3272587945352,0.7372879537863934,14.836683593332411,Low
2024-02-17 19:20:00,5,Active,71.00074750597773,3.5219084467809068,8.861739305836828,43.11223791347514,0.5581670386091865,3.1287170204137102,144.42509185548127,0.3304673027800321,6.935161186061654,Low
2024-02-07 18:24:00,46,Active,65.30711647386572,2.620917445528597,6.36318718468041,12.478896673675571,1.770094255012842,9.913599271758782,139.7002504628499,0.1472794674739453,4.7280166540361055,Low
2024-02-05 10:05:00,6,Active,57.051393679500585,0.8803827010674858,9.040509173188587,11.427439416266843,4.999974649170845,9.472412703835955,96.3075702593738,0.6553581708571727,5.216603804554314,Low
2024-02-02 08:16:00,3,Active,83.19251322244273,2.2697754335568066,9.276263042635414,48.21850540854161,1.9201105894213417,4.409988917613275,182.26370596151128,0.3186362516642309,1.5729887924674097,Low
2024-01-28 07:53:00,4,Active,71.33827173060195,4.65201280882569,7.0104544024030035,40.37217151125014,0.47228840754712953,8.624320079202196,113.03041040670955,0.9849828212097868,7.7668090678320585,Low
2024-02-13 01:23:00,48,Idle,41.53811531312829,0.5835492761141806,9.650091958644026,49.11111131290378,1.7632914040126797,8.62254314680543,227.1852286560979,0.426586118381179,9.807023829761471,Low
2024-02-27 18:51:00,41,Maintenance,64.25153580256293,2.773028410680988,2.5561068026174705,30.86739156935256,4.800057194342962,9.772702804696888,62.6966895149467,0.1341993605100182,9.774394067848586,Low
2024-02-06 14:53:00,48,Active,52.909208425879115,3.2671138502297516,5.345472751314882,25.484630618848076,0.07208239305509251,8.34965820659938,141.31116801529797,0.5044464222192884,4.437303861086219,Low
2024-02-15 08:38:00,16,Active,69.11563015899041,4.716435329229149,3.01423959413534,31.31515665927371,1.7127139682588735,3.7428318182643627,311.51795453422443,0.116978488448651,8.49292946216727,Low
2024-03-03 03:14:00,36,Active,39.90955404194982,0.4248214329107334,9.99988898643713,30.513063200004037,0.44133451763653947,6.468040724000958,421.43270946599074,0.7182103460346085,8.040452990516775,Low
2024-01-17 10:24:00,26,Active,34.4742146566156,4.426724698956006,3.6346539515047094,23.24690642955097,3.1124505826227926,1.8563769141029218,223.22574246179042,0.8922252677811184,13.32467105278789,Low
2024-02-16 15:32:00,15,Active,82.98780130862453,4.163266711883049,8.116141256490254,21.361136314746577,2.30804329660806,5.210812643265692,287.68092591130835,0.4335104101682053,1.1946801995907328,Medium
2024-02-29 10:56:00,35,Active,74.67238380454462,2.851676322250901,2.2267739872003096,44.613491901275864,3.50667533230922,1.401362407415025,92.56841167060945,0.435893036701733,0.09783130740608437,Low
2024-03-05 18:24:00,28,Idle,42.40304999017797,2.9431210627029976,5.55517291103735,7.786885238766319,1.9403764233136964,3.4101319594796013,194.9310843638046,0.5813233407370935,14.282314572648723,Low
2024-01-19 13:36:00,33,Active,61.15078703429446,2.3959775548436757,3.159409913325381,22.119842273861874,2.5675542952469415,3.1094934830308203,116.78578903273862,0.2832205191056067,1.8959377193111497,Low
2024-03-06 10:09:00,26,Active,41.895166080374764,4.639439899926089,2.516722814328434,33.97989913334969,2.0918670009181852,9.23261881566948,284.95424222616083,0.5548167926045569,7.237146929520055,Low
2024-01-01 14:14:00,34,Active,48.35570259411728,4.424355900254936,9.68574690152862,42.602857076572576,3.5676657271188406,6.160235295720699,491.0930191852393,0.5043178609434584,7.72317485494351,Low
2024-03-03 13:24:00,38,Active,39.63253303397431,2.2459323768218433,8.304547695093108,13.20281409287665,0.7113901658889532,2.517995641680304,317.39482843170947,0.6256411175129636,12.854197314499842,Low
2024-01-27 19:43:00,18,Active,63.76562590446268,2.065544347937444,1.5001828372282835,38.33262402952751,0.16333137614022372,8.89888792331224,225.87484886162036,0.8424241428043758,7.790744031075079,Low
2024-01-06 03:12:00,8,Active,86.30247502593575,4.659774247622246,2.32029312609408,1.981717099860559,1.7183456452886392,6.585098200117086,322.82188519135497,0.8616297530044305,1.2105426320482922,Medium
2024-02-08 16:00:00,32,Idle,52.03219843598635,3.4618991668536165,5.433262713064956,19.324074349632895,1.987214864289275,6.531858673526869,344.61645734224663,0.7200173564067619,7.6005068632581585,Low
2024-02-02 10:37:00,42,Active,52.020686627876294,2.8000048317361412,4.6985509790778215,31.135528716302638,1.4536235069019796,9.780447109331586,217.91689883057398,0.7208493613578136,3.6211758334944526,Medium
2024-03-01 11:32:00,18,Maintenance,79.90190160092159,2.919005707762681,4.5810158679901765,18.097803671190434,4.150740083846226,5.482323252729692,333.8030706805065,0.3794067111485819,7.960965386196444,Low
2024-02-05 07:39:00,24,Active,41.8983762629083,0.9503412631392621,2.996918880806808,43.66187236916613,4.02677395788333,5.982936384768116,182.03009071286172,0.4417576407136173,0.0001122884510773,Low
2024-01-19 06:29:00,28,Active,30.424208553621636,0.3957898214032786,1.8948919914073474,24.41805086224054,4.456313235480409,2.848048474312376,189.2022232484857,0.4462090943302492,6.592122778603117,Low
2024-03-01 17:35:00,4,Active,46.14380992294722,1.6324993079789722,5.428580055052789,8.877613776053677,4.091493339057853,8.473092840480161,258.52444123449726,0.1798358157906109,9.167567280286415,Low
2024-02-14 06:14:00,18,Idle,48.85924719437675,2.070982304435699,6.869853744362614,34.304522095499124,2.269289454880525,0.20110766128848787,376.1116740916137,0.3744710392749873,4.809315485340871,Medium
2024-02-18 22:27:00,33,Active,58.945437531350905,0.23457432657722288,9.964834109715111,14.259318908368643,3.208445421182507,6.221304744962197,312.074808630939,0.2314957457570612,1.7845328609229159,Medium
2024-02-06 13:42:00,19,Active,50.828462098961865,4.083309957859411,1.7515892735776903,48.15637579921084,0.756370284345452,6.609551123738489,413.7458180053047,0.7100330611660632,8.964673580466247,Low
2024-03-09 09:46:00,10,Idle,88.19046643972553,0.5674906401866595,1.5115795185853913,35.91270367814664,2.1430314476087378,5.910773651630536,97.81614100463777,0.4023619315429018,10.449558293517017,Low
2024-01-09 19:28:00,4,Idle,30.000137890957085,4.767193753986907,1.8949164488302361,19.579370974940883,3.932523319183228,5.203915916410329,200.1668911413155,0.6458254544232281,12.905025299331037,Low
2024-01-18 14:22:00,36,Active,51.3379204055825,2.180905869576235,3.421758491469232,12.990870709594393,4.247613135358598,4.003195712804926,398.75752239856195,0.655894679821927,0.94735657558691,High
2024-01-26 19:17:00,35,Active,63.432469701341056,1.6422428380485459,4.200493730106368,28.485836036702384,4.349283569056746,5.068226154972366,135.3302695549101,0.8796847208899453,13.431089182679669,Low
2024-02-17 03:03:00,7,Idle,54.635673933461064,0.6808528640626037,4.306215430017608,15.59480504102523,4.959739987627913,0.11871854759297704,196.15259648396014,0.666964008826149,0.16421075743082503,Low
2024-02-06 04:03:00,37,Active,71.5350059163354,1.4293111351813865,4.934070230470358,12.494110734451512,2.920718060023507,6.766075647249724,53.99633795616048,0.1311299062709956,1.2923925102301634,Low
2024-02-15 15:33:00,27,Active,77.41062114237684,4.386728515137255,8.03076425594814,22.50690936569568,4.07485865857098,9.669334107695907,283.33815138785377,0.1227977683228096,14.06955949637837,Low
2024-03-02 20:05:00,15,Idle,76.64922402305551,0.35546526726882327,6.487919335707115,23.215971909278412,2.656561064021642,3.345596094934667,443.91824821476393,0.3381681985164033,1.4514644874548757,High
2024-01-25 02:18:00,47,Active,89.44233061249466,4.296915581048028,3.4491811204575,22.85461685000664,4.936927168391893,4.621594392743747,250.5466008993114,0.9492220690650232,7.486804925800469,Low
2024-02-25 23:43:00,15,Idle,46.62778436370159,4.974968466665496,7.131142387095199,14.466311787463066,4.707994347981296,3.6387827905636754,213.70885363450176,0.5564912963969106,3.917980153873622,Medium
2024-01-16 17:51:00,6,Active,49.64579892323235,1.038438302136818,3.861298132045219,22.416756385984172,0.4337837719750805,9.953826960763589,279.3955508811987,0.8200696959445624,5.504686551894298,Low
2024-01-18 11:44:00,39,Active,45.87646505490063,1.4834536366557174,2.37502854672235,48.73278615049416,4.620109561047424,1.4280049849007834,60.63023821329532,0.5125345963949869,0.3428428727538754,Low
2024-03-05 20:24:00,42,Active,74.85882207308498,1.560815402465328,7.254666412583383,23.536068863024987,2.123565253004944,4.763754745391483,499.99676771056613,0.5545844503493846,0.9694739882828429,High
2024-01-30 05:47:00,50,Active,46.815194579898986,0.6673700844263971,3.246661509946051,33.25280826336836,3.3152371209243428,8.271146577890516,51.215501103714665,0.2519137391925463,6.867504851100475,Low
2024-02-29 20:42:00,30,Active,57.20407708111911,4.93251379297732,3.6935889484172386,33.82924891773206,1.379517889701727,6.063937015305931,195.45341415348085,0.5136002524958272,14.07025779906368,Low
2024-02-05 21:03:00,50,Maintenance,36.510262688686204,2.24065996153944,3.8878923855385454,25.875189235977484,2.5919948191155506,8.521653737872999,444.79287124009016,0.9976011556246864,0.704180139522264,High
2024-01-11 21:48:00,14,Active,74.33496938804477,4.878749298359221,1.6918354946277714,10.043701205197822,2.811872612884668,0.37203313521036063,124.31823734094628,0.6704665133320649,14.465285594280179,Low
2024-03-04 19:46:00,28,Active,54.92481899059908,4.614265779948158,1.8039642136363319,37.472916759688054,2.310784313534832,8.008562376546344,422.5632959460624,0.1848436000229961,7.560931832014485,Low
2024-02-04 14:11:00,19,Idle,87.46398474216835,1.5044230568988186,7.631726111691871,2.9995624209649536,4.999974649170845,6.5954985659790495,459.9328498589482,0.7487771875824804,8.681876437206455,Low
2024-01-02 22:51:00,7,Active,64.41874717699797,4.424900046750288,7.0840990321836435,8.490275426671074,0.9470233916704793,1.6250605035634202,438.63891107478224,0.8081018930539742,0.6742746344867682,High
2024-02-09 01:30:00,20,Active,64.1252632960665,3.7327317617167313,6.621780591808586,29.758772181649412,3.5623171791843147,8.745680842165486,192.01339971642489,0.5359706001962398,6.458654257821014,Low
2024-02-20 01:22:00,15,Maintenance,52.28154890239402,1.2038718335689043,2.789525822044889,27.289634983813087,3.109892056814216,9.56254436050316,233.31500990056296,0.2181247935256414,2.55507726454632,Medium
2024-01-25 03:14:00,38,Active,36.8039001687574,3.3562434577644025,8.081467200238624,9.660774000152506,2.6001615418224335,3.232454683459864,330.06548460543956,0.0885717115033594,6.703573366688447,Low
2024-03-07 11:42:00,34,Active,85.64739842103393,0.9657198528917622,1.9321104980488766,16.73533856748031,0.16944293357253032,8.409967720968211,238.8399413961323,0.3487187575336721,1.5328157117602372,Medium
2024-01-08 22:11:00,27,Active,84.83021666359181,0.4262037386774021,8.84191135373087,2.483547806898889,0.8097226624900858,7.725149859454839,430.9430450035244,0.507373894458297,11.369012627095358,Low
2024-01-03 00:31:00,15,Idle,58.20697798541328,2.49611842376834,2.6025169190561126,12.02887264616256,2.3623875956533418,4.00429818995048,50.000374764752834,0.8895145777614343,7.3670585390649554,Low
2024-02-16 17:10:00,45,Idle,89.99897908395114,0.7022703101325897,2.5673602048550404,30.562406188525582,1.4188980435116088,5.67783551576099,383.35986697559593,0.6200034071427407,9.364293792273946,Low
2024-02-28 04:03:00,38,Idle,41.9470589374541,0.5927196552146986,8.747319990695214,18.690337627744686,4.932717865474665,9.320299267870624,486.7605616110951,0.8975603224108817,12.443722455108022,Low
2024-01-07 00:40:00,38,Idle,64.80125620750731,0.9535588118135928,1.8372331239322834,38.55417565200142,2.472369161359071,6.191788158678602,398.50057145789737,0.2955417919563703,9.944173602260584,Low
2024-02-28 22:56:00,16,Idle,69.76744933974864,1.3392466687481162,5.041568645954782,45.78564744582423,0.07298329958333728,9.86405143033088,190.58288236068725,0.0144903792866216,11.757943805154369,Low
2024-02-28 05:59:00,36,Active,52.91505143582809,4.001694329218999,2.286558340583466,25.407660227294723,2.416043593016233,0.5251270438805119,176.67367601283132,0.4114918545103656,7.060927524968385,Low
2024-02-19 12:15:00,28,Active,31.24667483864876,3.57072493675021,5.59216738052876,33.91168745844789,3.1221601815456475,1.7301435998523467,200.55597023634422,0.8813710010604325,7.794573110512391,Low
2024-03-02 12:54:00,44,Active,81.62406923975942,0.8727180567737874,5.734840903168603,14.10108540106636,0.7018156258002016,3.3676526089275325,308.43960632457595,0.1353726378647949,11.935484008091972,Low
2024-01-08 17:11:00,38,Active,83.19676858921119,3.7232820419460753,7.792030393253518,10.086362517035456,3.3459175592450907,0.23695362750671442,193.01203944951914,0.4730272263394209,3.6587779494440547,Low
2024-01-27 01:04:00,6,Active,67.17725237203223,3.0872847257790466,8.099799163191966,32.211694814554846,0.10493897409725002,4.499992407802708,497.1868185512063,0.459265257237468,9.456034136168874,Low
2024-01-02 06:02:00,34,Active,52.78158933358923,3.9505313120054795,5.416320057035253,12.717923314009125,3.3528205521347254,4.0282131076541425,330.5996416765501,0.8226691192887794,3.874833958527668,Medium
2024-01-06 15:55:00,24,Maintenance,40.95073919862608,2.575378678816523,3.5089858291427967,22.24955847034694,2.4633975794081446,8.792762388885283,343.9828508776658,0.6728506407375883,5.8989270771399624,Low
2024-02-21 03:36:00,18,Active,32.239043321827666,4.880023829634781,2.977989646799816,25.150133587260875,0.5658793185249176,7.358235119455777,402.20246604298984,0.0152216821871531,10.394406960387363,Low
2024-01-28 08:24:00,41,Maintenance,68.58402312669155,0.7062401661804432,6.4810337136311675,1.8623166676190916,1.3270565841971143,3.780349101371825,159.43847543543475,0.2032846858435767,0.735279482239916,Low
2024-02-02 19:34:00,33,Active,37.278659419001,3.495560541844603,5.901558169682845,35.25866198075251,1.6424917980840974,1.468842509974991,196.594358983244,0.98844950864361,7.265925232653874,Low
2024-01-16 05:18:00,18,Idle,55.54351734111601,2.4201919072936278,8.71558186301299,49.99991742818677,4.509963442646794,0.9014914987441685,433.46857696043605,0.9119257583335988,0.019374292165628058,High
2024-02-29 17:01:00,2,Active,52.4685775322545,3.8942369465761106,2.557928006853271,15.622161655794288,2.8550612029350684,3.0236394384357603,341.77442016891735,0.2682689469988025,5.062934857804738,Low
2024-02-12 03:53:00,20,Active,66.21410628400135,4.6821770209353755,9.31442558800218,41.25268674845956,1.2483206581689488,4.669567640482719,101.2678599250987,0.8517741148826288,8.861128565482383,Low
2024-01-22 01:06:00,2,Maintenance,86.72173009669157,1.589629842945642,7.18696264232569,20.0986582556612,3.184642149132198,4.461077645299721,431.3389058584024,0.0387427053315725,11.856998950914425,Low
2024-01-12 13:26:00,44,Active,79.79705561255027,1.9006671873417942,8.213936204719808,8.624951403696361,3.0110782832362477,9.616465360883515,267.62120155853006,0.3848403918387091,4.89131731291372,Low
2024-02-02 12:43:00,47,Active,80.15781750715493,0.2411031834778699,3.2845703176367143,32.53880087319299,1.7703872315845173,7.7145381560885795,179.32974392888923,0.1680845442937879,0.09408415167247355,Low
2024-03-08 02:01:00,29,Active,52.4606295004706,1.0729164785246659,7.015386782294285,28.630146264693277,0.5431709350456947,6.676045309836574,120.72645620483372,0.8688435105227712,7.2592722087081345,Low
2024-03-04 00:15:00,26,Active,30.391967809107097,3.9374321122063036,6.244045017425547,24.881830575294806,1.5330892356253487,3.0218748361095344,326.8709229913989,0.057436962627954,6.338114175445406,Low
2024-01-12 08:51:00,9,Active,31.130046824256745,3.8421366973237343,1.7128467596337118,34.40282393953162,0.5175468651102052,6.186737851502591,101.49230642385407,0.7982737813200593,11.97586701241411,Low
2024-02-23 17:31:00,14,Idle,84.18351992254591,2.4832612593945482,8.756345480526898,9.319307433611456,0.7499899186229564,3.79425549400181,209.82525130641383,0.2942448202060747,11.363646377085237,Low
2024-01-02 10:09:00,22,Active,54.819727199250394,4.213179694974194,2.7689779061531192,3.82093515758765,2.8367775294546953,8.105413974657452,471.9521537896162,0.7531177881741083,14.039495783845137,Low
2024-01-22 22:56:00,32,Idle,72.21811892745146,3.9943776651082916,3.7002028097239394,38.22812435306649,4.775702341254353,9.813449436161054,138.92163798415376,0.1322857491676087,2.652752568796441,Low
2024-01-15 12:52:00,10,Active,45.185471792323604,1.8958600986099752,8.882675595859913,40.07083243848039,2.067003611370534,6.9378219896698585,85.52374700499135,0.8507949175489926,7.067732302075998,Low
2024-01-21 17:35:00,41,Maintenance,31.908292936977695,4.977203857676327,8.019511458897766,28.27407127261695,0.24946688250093488,5.56319793694092,379.6623374339741,0.2121988686699262,13.774882994489626,Low
2024-02-12 15:54:00,20,Active,56.71570927156951,0.7422059996350552,9.288832822355284,45.03239992086364,3.7972859417784983,4.316621459695713,194.43513339043182,0.8398493473196357,6.970431843161321,Low
2024-02-20 11:34:00,24,Active,78.67041789822729,2.9067415954430085,9.67006705938743,9.854045194339067,3.298394636261347,1.395477228258457,455.9900122609694,0.1277429415019382,2.6726522984021868,Medium
2024-01-30 20:56:00,33,Active,36.732228132854274,2.207474091505905,3.869701852906343,30.713351115581446,2.858553808249873,7.9980614432805845,491.69055352945844,0.2267241204285821,13.828146535040146,Low
2024-01-06 03:20:00,49,Active,50.69627262070281,1.799201509928983,5.756147453740085,12.551571209369872,4.406061355836741,5.468646287326578,233.40852333694124,0.5967311630507026,8.53622459455085,Low
2024-01-30 14:42:00,14,Active,87.43046610409255,4.407483835098697,3.846345750652352,47.95604785220018,2.7646794910532977,3.8283911290275863,377.9899224678098,0.6573892840182326,8.75711496779103,Low
2024-01-11 12:31:00,5,Active,69.60337198417429,4.054431342864728,2.556093813445442,43.43193292581242,3.2162137711503114,2.963025719496515,290.7366482794934,0.6844313808310322,8.626857304014441,Low
2024-02-05 16:47:00,50,Active,67.805596392341,0.7005798258470506,7.896860419967988,40.65973062619077,3.156756325050031,0.9300299650753433,284.7517082229708,0.8953083938626468,11.944636641545308,Low
2024-02-16 07:30:00,27,Active,66.82067856589265,0.6683884241895766,8.277096273564185,12.364289846860668,4.60053882888311,0.9581646766953769,90.37972882109064,0.7368295447923104,2.1563706305593353,Low
2024-01-04 02:59:00,35,Active,38.870391725033954,3.78218959174714,5.1867556300424065,14.259266528589725,3.3586530207327066,4.428988831149498,474.80116650549235,0.736600519846546,14.410186442012703,Low
2024-01-05 08:55:00,12,Active,46.10095682704856,4.999973585355236,4.747870032735308,6.534338105337921,3.3894334183335673,6.754067458212902,60.256923165467164,0.4013830353119156,11.227710570895415,Low
2024-02-11 00:00:00,3,Active,61.43191266240628,3.7328324906813672,5.153651188479868,37.28164570406327,3.7408322731484644,0.12807717758082685,414.8809834846888,0.0054242552241999,6.812544972861783,Low
2024-01-09 11:03:00,37,Active,89.13090174018937,2.306679599861454,4.951231909669677,43.11650800318341,2.734536832496392,5.167600721952667,225.98559941812735,0.6865333742836408,13.10066506199118,Low
2024-01-21 08:19:00,49,Idle,84.63919091183088,2.17973763251201,7.0055493881452495,32.71777621332746,0.9935490405998729,3.348991941744349,472.8623429254828,0.823558050217082,13.614102692795454,Low
2024-01-09 22:34:00,9,Active,44.704184126485266,0.1000109137489653,8.969829044127204,37.26999887695021,4.3677192655245864,9.099733133087256,441.61379655271037,0.2308942482688467,6.602975671157117,Low
2024-01-23 17:11:00,27,Active,81.08902321853294,0.2572285893956863,3.145391886201892,4.8106288527111865,4.316828151803938,8.630164849267471,252.9192546501323,0.9959742020831392,14.778915798761332,Low
2024-01-04 20:19:00,17,Active,75.03162627650423,3.697593278951859,8.656171324676452,16.759310183262798,3.3313027714313628,7.18327054837063,399.45302369450485,0.5332988657591934,2.389733245396864,Medium
2024-02-07 01:11:00,48,Active,50.46981237952472,0.327779187524576,3.7496386188457844,33.0779297744639,1.8738983482594056,3.263986204158303,118.52573639710624,0.3249939480450484,6.983724698320908,Low
2024-02-12 13:07:00,17,Idle,45.23720758381856,1.8960304837381643,4.926726767324598,46.49920974326262,3.6570903463883595,7.081445172396122,320.0955973958155,0.6932796842149905,9.99198886323914,Low
2024-02-03 13:54:00,21,Active,80.71355581125397,3.4949479748626513,4.624067076585466,16.47551973520267,3.5176150508663504,9.257931711139461,212.17351960575925,0.6150538158919665,6.215604051648022,Low
2024-01-02 18:37:00,22,Active,72.25700611690402,0.5992178845324752,4.390175139290358,15.45199169398655,2.3151562613430374,4.83726483424812,275.09693322620666,0.6531953377637327,9.034693440823256,Low
2024-01-27 15:20:00,29,Active,84.5013240133821,2.969073558418318,4.464382877573167,49.99991742818677,1.6795897667596127,4.469340132225129,236.21767643888728,0.037105615616817,13.840979891761785,Low
2024-02-26 22:58:00,20,Active,87.77364550353117,2.1908960482976787,8.2583744118554,11.09290356738038,3.6134011435159046,5.583292341324616,297.14050385924986,0.0985146069025091,11.828121441219537,Low
2024-01-02 12:40:00,44,Idle,78.82021172290752,3.4795783294317233,4.205598141650046,27.56458815655791,1.9263264268747817,8.12358589345912,187.0944220416671,0.8036345531863598,8.165104710770706,Low
2024-02-17 13:37:00,33,Maintenance,69.95265685297699,4.720906991161363,5.980016973817011,35.730685452596,0.10615073235457428,0.7124516714859483,377.2966029833912,0.5647656721226342,5.30372006367515,Low
2024-02-02 14:55:00,8,Active,75.931168408346,2.7306015447125134,7.424609212819176,13.414181855054617,1.3753557701575312,0.46515552229895085,270.52380856633613,0.1365200860810822,6.875265778191896,Low
2024-01-15 19:57:00,5,Active,80.83687245404042,3.429321723083327,7.1864195671607565,19.858349795597707,1.104695879551894,0.8629463184698767,328.3693425439856,0.7027661306040623,12.537684386101205,Low
2024-02-23 19:45:00,48,Active,47.6809757997296,0.9045145489636996,4.160920170866976,25.469963770489606,3.8125062493055704,3.428414546347002,350.03178777837275,0.3438198211525439,3.160188721291093,Medium
2024-01-02 23:49:00,23,Active,50.10598825547525,0.22592203596023303,3.185002685841148,47.91267696106619,3.321159605200226,5.301476253509219,117.58214467973407,0.641398365110209,8.77551278515113,Low
2024-02-12 10:55:00,6,Active,66.20953340082535,2.623849165914803,7.48751765128034,49.99991742818677,3.827982216439892,5.640723799745449,291.642667529457,0.5676267344383584,4.505499779651726,Medium
2024-02-04 19:08:00,37,Active,88.5591265510866,0.21390381208562476,4.240957379323082,19.10605990607858,2.521600320533999,8.174218973926925,76.26370691589395,0.4746272906147695,13.550072445134989,Low
2024-03-06 09:39:00,46,Active,37.67822231556621,2.6083950383997054,6.477511776944663,40.822458949280225,0.6521155975560298,1.0407390507482257,395.16702124274104,0.4087619868723965,13.348442927861244,Low
2024-03-03 16:32:00,34,Idle,69.43319485947929,0.7822105260340622,5.452769766265183,29.698194494609584,3.122983896875868,2.4896706568406977,85.46100443844958,0.530050360716322,13.446063257692408,Low
2024-01-27 17:07:00,17,Active,89.34089197618849,0.30327072138594746,8.687625900432309,47.076193557018684,3.196430154629579,2.9459650705219187,390.47434899738175,0.559186200726673,5.00194969921497,Low
2024-01-17 04:48:00,37,Active,33.85303965292462,2.131062061264416,7.149533450535611,28.8689154378427,3.814227836919489,5.096672347787664,415.36368563272083,0.0877573792510036,1.923242261558995,High
2024-03-04 11:32:00,20,Active,42.07270878354885,1.2928313634437985,9.520195414202623,4.747140569707453,1.2698462147534957,6.734032137529315,350.27226298761997,0.466677630197145,1.8028503019266084,Medium
2024-03-01 07:11:00,21,Active,44.846036506108454,3.8452695604576475,7.567156277209421,39.28136713825457,2.014333587914808,3.525830895305213,305.8328022805663,0.8527640582028455,10.26780105620771,Low
2024-01-03 18:27:00,23,Idle,74.37279615537561,4.111715361191913,6.611225214912028,30.441171998275433,2.077711845263163,5.149879919557142,385.3218040057132,0.8922861133303742,0.1382207661054762,Medium
2024-02-10 21:11:00,46,Idle,82.58042622186262,1.7092569475203723,3.8056890619392143,32.01364932262891,1.1085171019849733,5.327740182914609,207.55054807466354,0.1084686548894402,6.456184213377491,Low
2024-01-16 13:19:00,38,Active,49.03561196328465,1.7992245582336786,2.1875026607104853,35.066686509212225,3.5668033001791533,6.948253269105588,477.21686778308816,0.6287934020760955,3.885036198441643,Medium
2024-02-02 02:14:00,15,Active,39.77880176561073,4.934687853921285,3.2770896363574256,30.772248047274637,1.40009075634558,0.44988471788448897,447.4391245482589,0.1522380967148789,0.25418527594652185,High
2024-03-10 02:42:00,27,Active,40.371632960041374,0.5725713831682596,7.321475370488291,36.13035853607252,3.9269081819974114,5.782318934038583,154.94858923662989,0.6700469396686755,8.955219328203844,Low
2024-03-01 00:16:00,48,Active,66.53041029130006,3.420307245398404,8.060121210492577,39.41732384063445,3.9669666478344374,8.046363561770121,474.086987778753,0.9709049427433446,2.626714631939992,Medium
2024-02-18 19:11:00,32,Active,89.71973700350172,2.68391067073487,5.354378135188988,41.863614500232956,0.40309034657265486,8.377533839444572,421.1640436112898,0.6813903825165454,3.33429786084365,Medium
2024-01-31 14:24:00,34,Maintenance,50.225677366091034,2.0017623842140413,8.434890929584787,45.90932667427439,4.79959339987576,7.320334240248548,490.14859384416167,0.8727780806845025,6.508286512543951,Low
2024-02-18 16:11:00,48,Active,84.03372675534254,3.080611827804097,8.681684177224316,40.537202678627665,2.9118641304685644,9.765687188825305,158.64830137764793,0.853820103511178,13.585819703115575,Low
2024-01-29 08:18:00,7,Idle,62.352684621068335,2.642818606976852,3.1976942757686637,40.50983554210656,2.0555090116256527,1.6851427154871672,394.8085846905751,0.469922675209772,1.314870490401386,Medium
2024-02-01 14:45:00,23,Active,88.38004577195133,3.047575182936644,8.306199571498237,25.616128376362386,2.8244972683051306,7.074366382482866,136.80329382391798,0.2036173573605952,11.270957300000665,Low
2024-01-14 18:30:00,23,Active,71.49737339333727,4.28036418621652,5.164204538550333,33.62848557345624,0.4302210694059366,6.549433353624212,168.8995570947378,0.8569301764125862,10.35324963904551,Low
2024-01-13 02:29:00,36,Active,64.9627401713586,2.795457255429685,5.175736144735029,43.46282520161988,1.5474974737692762,9.212785046566884,304.98833989150035,0.5692379638810136,14.749392699161964,Low
2024-01-05 18:53:00,1,Active,66.76185904900653,2.024052853125498,9.555128136165692,43.550515412775624,3.575753838373215,8.963544911984908,363.5632361816637,0.5011573132836257,8.990924339200523,Low
2024-02-25 11:49:00,39,Active,68.12978348615351,4.599846012882957,2.5611078530666966,17.6925855645055,4.403921395980701,8.062606866469785,120.99709097402518,0.8746715637819162,3.0678502624434008,Low
2024-02-02 20:53:00,48,Active,59.29513452374697,0.15223958969125204,3.639211054542375,48.97093792018321,2.84618013653833,7.380423551715072,358.7178377169997,0.5265464457246225,8.594537924176391,Low
2024-01-03 09:16:00,19,Idle,47.071103110815095,1.9649762881605877,2.598584293484304,48.316299523974536,0.1936203552194864,1.1849758893825448,134.70507892815593,0.68940415530205,5.782329954601542,Low
2024-02-21 14:10:00,5,Idle,75.59544209077728,2.483947348226409,9.011705592036892,45.73364370820019,3.0727678087031123,7.252933155768423,69.58164593798875,0.5962328870888033,6.411293749533643,Low
2024-02-22 22:13:00,18,Active,32.4271715483738,0.28698731183966214,6.943998205489005,8.429323910346083,2.1198077428848348,2.2281939535680397,486.2772847553327,0.5946618010090277,2.150289059510045,Medium
2024-01-05 02:15:00,37,Idle,65.80784766223753,0.3068476712530834,7.458982133910921,41.129325417184056,1.2709608222821676,9.999900333514017,415.54847992830184,0.8356222554133088,2.0464307206975416,Medium
2024-01-14 16:58:00,41,Active,76.63844857345414,4.687720750074054,6.260670042095789,2.424710513543094,2.864267773929836,5.1014205773921875,203.44904538157598,0.1829453197503328,13.71373696570582,Low
2024-01-22 08:26:00,16,Active,60.134339596461096,1.6650580946850448,1.686979571689006,37.480466247474155,1.302191956778535,1.3824283636497665,109.68829147258312,0.6835677124757439,2.2838882366568463,Low
2024-02-04 06:57:00,30,Active,67.26079765908872,1.2850199883662825,2.7304297889118594,49.14034623615044,0.4789468305215047,8.741595931855587,383.57838050647786,0.4958717980147457,11.484460271037095,Low
2024-02-03 14:44:00,16,Active,83.39410691349387,0.5224068077595816,1.5291308086573623,42.33382405540001,4.459658446749601,4.716363889318302,173.78039994115514,0.8284514500281556,8.756417986808707,Low
2024-02-07 12:45:00,48,Active,46.68266306134145,2.489273966545104,2.31613349179001,27.487930506467606,4.978688589927643,4.533426139681901,99.22895320283074,0.4098596064412158,13.715832699198065,Low
2024-03-08 23:28:00,33,Idle,52.35107787357131,4.799384353644139,9.14970448468774,8.496313216682672,1.4197466435840962,9.97212163050693,450.26251358285305,0.6124886055879221,14.146780153607706,Low
2024-01-28 15:10:00,24,Active,39.598776136720055,3.973102135975231,9.447929718738457,32.09041159402719,3.171243473009454,4.841297990670778,326.75160445846586,0.1435785626088176,13.864056036028469,Low
2024-01-04 21:20:00,34,Active,61.26278335615531,2.522827570016697,9.6020134939909,22.429164222086317,3.1939061624737772,8.141292973337046,92.46801389475362,0.4004975444009657,13.159360504547685,Low
2024-03-06 17:40:00,28,Active,43.52624827131038,2.1654412918754504,3.9715319648207346,33.55378773582591,4.468296329058267,7.396725080050598,64.43652402076614,0.3241554414250722,2.0511828151752556,Low
2024-03-05 16:59:00,50,Active,72.62128647121251,0.7458638493907556,2.4455376746978286,23.36181813779213,3.023130151350176,4.4831637283035475,290.9566729317805,0.3110346254479313,9.16048350283745,Low
2024-01-29 07:24:00,27,Idle,33.534639382963434,2.58873899029943,5.8370493599551185,16.582857356376586,4.807970575986907,6.7351741929547355,68.74457241028739,0.3511628925426817,3.428113003464618,Low
2024-02-21 18:23:00,46,Idle,60.56130438257949,1.9410529847768383,5.944163992623593,43.67598302538162,4.987556889743425,8.825017341849387,270.0369576565728,0.3137376875484007,11.632793876560177,Low
2024-02-01 17:54:00,2,Idle,42.571103708866495,2.876071464969718,6.668348328287704,28.83960432277735,2.6666872143070175,8.493562469440393,458.0393884188139,0.8240617314322691,8.356923063370388,Low
2024-02-09 11:15:00,4,Active,72.87987948004921,3.055362561335584,2.0820123624656692,15.48661735956588,4.03823263790276,0.024901026973537008,154.5752134701658,0.9905316679363226,0.4663828649851755,Low
2024-02-21 05:04:00,20,Idle,69.43269711279794,1.2855184567347888,3.041928431609093,27.95124037174117,2.8496343540105378,0.8453174054274398,279.9767267686474,0.359231164599181,11.62160451365605,Low
2024-02-09 05:31:00,15,Active,48.228892213111365,3.3505969028753033,3.5551103378826485,27.549243421295785,4.835037989731434,5.5371947308217155,492.1178114554019,0.9447990743514862,8.29165405919392,Low
2024-01-13 21:49:00,4,Active,74.59056997672157,3.270011888215941,8.281381314734741,44.37260705764022,3.344548830153719,3.2038425550545706,64.1128350732963,0.3372351317869895,8.225771268566259,Low
2024-01-31 04:44:00,31,Active,67.59392617747541,0.7525680038259135,6.593581869080383,43.99831032647413,2.179140368469649,9.219170572226759,461.2523041262485,0.7753992968784887,14.230685483038837,Low
2024-02-27 15:09:00,11,Idle,70.43907586071937,4.581516855076099,2.0679566079749336,35.880269086475096,1.6210541958682314,4.302950728080163,75.60989651634979,0.6558930543815522,12.90702235494171,Low
2024-01-26 03:32:00,33,Active,37.89238181720457,0.5759147873514464,3.563241769031297,28.920321220434392,2.8650454589590764,6.056675360438211,487.8277951623066,0.2647965918265842,6.574068799722205,Low
2024-01-31 05:25:00,32,Active,40.34488815366235,1.340947339722997,7.700991739233114,43.54790869595121,4.531983704341129,7.258446166728339,451.4639665236436,0.7680452762165484,5.794234616164012,Low
2024-02-02 18:42:00,35,Active,81.46745224323385,4.377488342699589,5.5471415242719235,12.416064610111485,4.029037482650764,2.1341420975234846,108.36282623766256,0.2023973273423577,1.876974462325499,Low
2024-01-23 15:55:00,30,Active,54.421208652348675,1.9434987868075169,3.0544528632075965,38.943503670885335,1.6753853268855239,9.217582475649381,77.51751098469009,0.295887105779743,0.47449534717827296,Low
2024-02-13 21:28:00,43,Active,69.37296237682123,1.0731629447069078,2.1536608479613326,26.37453064881358,4.441662875504815,2.0451657951444533,84.81138384114041,0.0963241477184444,0.5939648044661288,Low
2024-01-24 11:48:00,10,Idle,79.5191999400574,4.2169202462988125,5.26673751836354,26.25814919855476,0.3827999294210689,5.687285684183248,456.86941314600784,0.9767424707870136,9.914154576386327,Low
2024-01-13 23:51:00,22,Active,54.02493089393457,4.038744701306489,3.834384534286252,30.381450344022888,1.3007772270983418,2.1266296611590363,190.76583530629856,0.9923047566609624,1.6813781116573496,Low
2024-01-03 09:00:00,25,Maintenance,39.08909405298617,0.9851104933389765,2.124899700402503,8.674907553303152,4.7649305564265125,5.5994206431836036,142.02187663850398,0.186371337321721,9.651842107577076,Low
2024-03-08 04:32:00,40,Active,56.038352325508214,4.154961738723097,5.045041456963088,17.02250535893468,3.148620602393577,2.5504316476579425,269.75329232627814,0.5403367036061992,7.755150011897605,Low
2024-01-01 05:01:00,38,Active,87.59193839079113,0.23732741446823036,5.272888345636065,44.02935653850627,3.867007018893369,0.29026149530469225,455.8013344061739,0.2635047079802918,8.174632659870037,Low
2024-02-01 09:56:00,9,Idle,38.11541558108578,2.3695183989971613,9.567249943892675,31.761000403369973,3.4411737775962163,1.5925374342340226,323.6566314197764,0.8807174716299024,4.612941775936518,Medium
2024-02-15 23:55:00,5,Active,34.78991658600251,3.882013287231461,7.863208685236935,38.5709696221729,0.9016847994364734,3.419440279191506,262.76079719580116,0.6075210802096342,10.450134000530484,Low
2024-02-07 16:00:00,48,Active,88.94248570042986,4.999973585355236,7.032929973361762,32.76474404974215,2.14207842077123,4.5215984977095784,76.53715133890331,0.3596997188933029,12.289183213024018,Low
2024-02-15 15:26:00,13,Active,83.75562326948223,0.6820271652152343,9.568575586455749,13.170116774231456,3.4359929426531184,8.645949459822516,402.84935022192377,0.9864502381607309,11.019920826941123,Low
2024-01-08 06:52:00,43,Active,33.22871825302092,2.291645636483947,6.175151544193025,39.7653981703527,4.099014413278553,6.037527920983221,292.26946031165653,0.1130370489428882,6.177830369278601,Low
2024-01-05 05:42:00,44,Maintenance,81.87095201392108,3.829056000873779,6.70433934905076,15.638058017975956,0.3579457475564774,6.020763360149128,167.0611038555186,0.9928921052154778,12.08230492837207,Low
2024-02-04 22:56:00,43,Active,39.92579809806351,2.901106250020399,2.0210123010662566,16.312928755816703,2.623709327409518e-05,0.25760829736806534,151.67375158467598,0.7739039352583614,10.709199572291881,Low
2024-02-29 05:54:00,46,Maintenance,40.93069934880354,4.527745850194988,8.642076141588962,31.299685566689472,0.5737224602308256,7.7425283162585705,162.7867070657634,0.902169854364966,4.402810261958525,Low
2024-01-19 12:01:00,16,Active,70.8957333610694,1.240164036557482,8.15168409347561,44.1225092938053,3.8474894249740226,3.880397868376092,388.8475972229828,0.954743882471494,6.00512150802139,Low
2024-01-25 00:24:00,5,Idle,66.91576567853362,1.933131774363596,7.729378929615972,39.55406359283398,0.6160962429140039,9.64700978419126,346.5904326779815,0.98768602977229,2.87463401722183,Medium
2024-01-23 17:45:00,31,Active,40.348061398998055,2.2552031266445605,1.5915751562384022,29.285549428914308,2.1594500272286643,7.2028067590595155,217.37136073415812,0.0654825837375489,11.789732945413402,Low
2024-01-17 00:53:00,18,Idle,49.96570241425883,3.2670546290251234,9.429445840788684,46.10776269011926,2.752315285100087,5.079794332030977,373.04700644311976,0.2652216817836916,9.717739050618409,Low
2024-02-15 21:45:00,12,Idle,33.358735689767535,0.8476423990813009,2.0233129094259104,44.98590220631715,1.9620205677646203,7.592067179664315,263.5043380938417,0.8263346953549046,3.1102383397870765,Medium
2024-02-06 00:45:00,48,Active,68.55982824862876,3.5137615227389083,6.8128662283971,35.11337201201172,1.9155308889481428,3.68021479732257,295.58380618532544,0.4314037318954226,1.32682331807295,Medium
2024-01-26 10:31:00,42,Active,71.174835873923,0.8969941401309366,8.705938587128657,20.458745240158528,3.7822366533584892,2.6531133494963957,282.10187651484506,0.421564563855183,13.622605878611106,Low
2024-02-20 16:31:00,47,Idle,86.23885704952417,3.227528913842288,7.4600235380843065,28.958954713693245,3.65390022570541,1.7240800140757224,253.81420715502622,0.146357195239641,9.187938995005771,Low
2024-01-03 18:54:00,14,Active,69.89902043363612,0.8545633899827451,4.268253072607253,26.72481271562913,2.5005710917535264,0.5623739784139352,151.64059878418982,0.7699491987259227,13.083291258128353,Low
2024-01-08 16:53:00,44,Active,72.33992370425275,1.5889316982987998,8.951486494607163,3.9841083540961852,2.076031281253628,3.0024875880646626,193.1320283566238,0.7044925860941206,10.238162324948274,Low
2024-01-13 13:10:00,31,Idle,73.09687993656287,1.5990964868390605,9.316114880019189,5.483307933758622,1.522097073467889,1.1774979256420781,397.70041479376516,0.6885988320177429,10.397148528851087,Low
2024-01-25 20:17:00,34,Active,72.4971518884123,4.580178882166174,5.730364292686879,3.4770649940300657,4.487439880610342,3.61577544702018,78.9559694356236,0.7583338773284647,14.1326427474138,Low
2024-02-09 13:18:00,2,Active,69.39086611448957,3.8746546135854967,5.75168717233427,40.16092977942401,3.726765535776987,7.731581324894463,260.00655099889184,0.3491379708447945,11.85562547461475,Low
2024-02-26 23:54:00,11,Active,50.66409922536881,4.3196939566034365,8.127762778411284,30.577992699506517,3.4856692456926153,7.32828721132577,452.76007469589473,0.1132193891263718,2.089297896310356,High
2024-01-08 10:49:00,16,Active,48.47639091675568,1.2177190501273085,5.934914882270833,31.939625876321244,4.6383995385228,4.0729009310723345,171.14917664330073,0.1233900326139118,9.868611576785367,Low
2024-03-10 05:53:00,17,Active,41.27814865579823,3.665585428436454,9.09186394303293,29.201163662924365,3.38676767384097,5.29715776355298,157.36963999756654,0.9387301155739532,0.5165413655545484,Low
2024-02-01 06:17:00,33,Maintenance,61.76444358318846,1.5823715999047636,6.454385106765991,43.971738861589884,1.9761039842596158,2.41040519812851,56.914768136865,0.4160684948707469,6.743956482301334,Low
2024-02-16 01:20:00,37,Idle,82.71320285280034,1.102629176205829,4.018417764424107,1.4826478373263323,4.999974649170845,8.950599456451695,392.1962694898853,0.768414454459257,11.417532369153719,Low
2024-01-20 06:31:00,49,Active,87.9339213337143,1.8151240804473663,8.496005744890656,39.17196893167314,3.4774593426036464,6.084369846489422,345.15126787057005,0.9809766882504928,10.560618122421156,Low
2024-02-24 05:09:00,18,Active,42.50594643977961,1.2337841350472336,4.188135408011042,37.42219578177833,1.1133290898250876,4.281700946576312,467.7811682586663,0.1768711957823296,3.1474559502823767,Medium
2024-02-08 00:28:00,35,Idle,38.425215053754414,1.5255619230194017,4.02851484838218,23.48597131217123,2.062271634031101,4.252966958560284,159.95577730108093,0.6154160099915267,2.1874200057950732,Low
2024-01-05 00:41:00,44,Active,35.28548497208302,3.6579101446902245,3.764693439647473,43.90844404437051,3.140165800470417,7.883300839882751,432.87490820594655,0.3836087984463729,4.485921669104653,Medium
2024-01-14 07:50:00,6,Maintenance,45.70025177509857,2.914702326694541,8.26222846445328,1.7572321464901226,1.4327689118663915,2.2857839363776864,269.30701233279314,0.5582828890642437,14.999868808717553,Low
2024-02-04 12:09:00,17,Active,86.34367586659185,3.605786026280208,1.634294560461717,43.707897605269864,0.17872551797601427,8.43889837247331,230.39663259291763,0.1631813992778229,10.77974639296328,Low
2024-02-05 09:53:00,32,Idle,41.907426857074974,4.630939840599489,3.142839057475353,45.517367949255906,1.1610317659941454,7.218316422826754,103.47183168613144,0.2843137438336452,0.92579987693622,Low
2024-01-21 13:12:00,22,Active,79.42816227891552,4.541836543687076,5.3461028079449004,9.075117926092007,4.830926115834838,8.46825385658437,154.22225451352594,0.0451657691865509,12.197743911151159,Low
2024-01-08 09:27:00,20,Active,66.86858855445779,2.520429917520679,9.9141378353863,44.03881864378788,0.10668063120593248,3.9557719221570475,310.1069153596699,0.7095355081087604,13.130053589513984,Low
2024-01-07 01:16:00,31,Active,32.25605686257539,4.219606542885051,6.791236148629812,7.382243508894243,1.8721109469373072,6.0441852628737625,392.42561888312986,0.1624360958304208,5.119727562776722,Low
2024-03-02 17:31:00,7,Active,79.05322768952611,4.4146395737367365,4.750434972484692,45.38443499552424,0.7522945944868333,1.299896689443438,484.3941004665122,0.0451596654898853,12.622846993738072,Low
2024-03-01 19:05:00,38,Active,34.87966924431097,2.461849930837483,1.9768291744409685,27.110843364493878,4.540718977276453,8.944814818925508,174.91400767903914,0.2115292222590926,4.534384302101967,Low
2024-03-03 10:32:00,3,Active,32.48184309384009,2.474225992991822,5.384405923582188,48.01986938323938,3.8790393638101217,6.402223509262466,462.6980994015802,0.525251657484981,9.248721871051057,Low
2024-02-18 19:56:00,9,Idle,49.998782077629386,4.7310885529190605,9.342402036964476,25.6387116504989,4.67629378463073,7.129292089888332,229.87077669031405,0.810049208604251,3.4180306364026745,Medium
2024-01-02 15:28:00,35,Active,54.70649329883631,3.980191460202732,4.914092718595031,13.986748389316274,4.12965580697101,2.985271884098365,415.47122777763497,0.6613727302110297,4.1708038988320695,Medium
2024-02-23 20:55:00,26,Active,81.19513861832975,4.77322555965708,9.334522997789874,32.04082069978321,2.13275137260976,3.4453828138978966,140.6002063320767,0.6286330460441514,9.955148326685926,Low
2024-01-05 14:55:00,28,Active,39.510391275699384,4.331123714041726,5.088430747186343,39.92712251935492,4.556658442409288,9.694240379432813,447.24797670670733,0.3823787291521837,2.5580589531239792,Medium
2024-02-18 15:11:00,19,Active,70.68902978646656,3.966379437081283,3.922085646366331,15.181807692525124,1.6693623448644053,3.9496989809877943,194.2573521107603,0.6613704787699572,10.880535742236212,Low
2024-02-23 01:49:00,24,Active,67.70286888876751,1.9300442809947806,5.197910534428733,49.05896646362991,3.8488070824638836,4.108040568063943,88.53395527315803,0.6856337993565781,12.919766512048504,Low
2024-03-04 06:03:00,45,Idle,68.63656387110385,4.654317717027172,3.97094622096881,38.02254754834145,2.3124897208795536,0.6922983288564776,223.72731228895245,0.825490133254789,0.08007507654103066,Medium
2024-03-02 01:22:00,12,Idle,66.91983297074658,1.2442040101158507,3.9593139802159247,2.9296230268373287,0.5744185092634804,5.32617911030312,342.25316822030345,0.95250792573596,9.51222191574905,Low
2024-02-08 17:26:00,14,Active,89.35265792729041,3.51680570112064,8.502310273292853,6.215485108624188,4.419254252532086,7.421059039978531,429.6477909519291,0.3024570446135227,4.414016951474064,Medium
2024-01-10 07:23:00,29,Idle,57.58084352028669,2.2443878288299537,1.648998700811972,10.749283034914196,1.5562372689022248,4.564732417956002,274.8234132727017,0.7607513177823286,13.723130088271311,Low
2024-01-23 06:57:00,45,Active,67.75785266332413,1.5984436692985295,6.127649251027727,18.742295103971788,2.1878346804184052,1.764024382273146,480.0735351680047,0.392471733020427,9.300044925546981,Low
2024-02-24 14:57:00,3,Active,60.59190670879165,1.1153334234703085,3.0219664328505087,13.229192909983476,2.4565155041667355,4.795783845116165,326.9368390949478,0.1798184063806194,6.559326125223314,Low
2024-01-08 14:46:00,12,Active,70.76573818946885,4.287366701413052,5.283598101466598,17.991041844324076,3.404932886070577,4.920642153120301,369.74478487074595,0.0894246268003537,2.5474423493942937,Medium
2024-03-09 20:37:00,25,Maintenance,49.791569249638165,0.2979057564208081,7.042778523796253,48.83952511108487,1.4504953039177482,4.348975798506548,219.9691706657275,0.9855732084212424,1.0080776676779029,Medium
2024-03-06 04:08:00,38,Maintenance,49.60513480638792,3.121567650137655,8.45504254083421,13.169908971288258,4.449320753458712,8.924173643973688,409.6890497122238,0.4342375769416445,9.77026985834627,Low
2024-02-06 18:01:00,14,Active,38.1447308803544,2.5692232406045297,5.122664062827137,37.1923843947316,2.7747683042569427,9.620513227595186,236.7746749818815,0.977707883281259,2.720742183491639,Medium
2024-02-04 12:46:00,14,Active,73.16926147603519,2.6700498998986473,5.760948044101699,32.69079265922964,3.4068826298608674,1.1226370817842077,250.29762562736803,0.4484146965582458,14.33335463329328,Low
2024-02-04 22:20:00,25,Active,70.59296409791199,4.091165392006922,8.469144184064989,12.357521724835358,3.842375244896299,3.8964916526457203,427.98444027776014,0.142615573776258,13.270083961626758,Low
2024-01-16 17:57:00,36,Idle,45.476244663764746,3.027658374147856,2.01153816887751,6.413734389292961,2.5411830564413624,0.2575532801839641,133.69331648118325,0.6724117355619451,4.769533241080851,Low
2024-02-08 14:49:00,46,Active,65.19898642314162,2.313509331144991,2.6417765827537774,27.73944391713356,0.7653318272990208,7.246957884388423,159.17282666403398,0.1773504716397693,1.1238471563641996,Low
2024-03-08 05:45:00,43,Active,83.10836033931088,0.4355852703262015,6.954238031340885,15.093398352230945,1.72218815768116,9.790767833559737,305.1322648096042,0.1033803384173652,8.742077515556511,Low
2024-02-09 08:21:00,24,Active,32.812007139335364,2.7910752759186486,7.722285439494572,19.48088813310634,1.9576165078216472,2.6186246465751752,162.44291489739126,0.2118818758307614,11.501075715299349,Low
2024-01-22 13:04:00,4,Active,80.08213238588232,1.1666033440061843,6.956761760253522,3.5785792973625905,2.7191608358352295,1.5249853149456025,327.07531930327923,0.5551905326087944,8.097269238515032,Low
2024-02-18 19:53:00,28,Idle,83.09984567746883,4.971244815445887,7.846175952918465,44.98868711849397,0.5788292074527586,0.8322901715396207,465.7832122218542,0.6918693661306459,6.996053121946062,Low
2024-02-06 19:26:00,23,Active,66.55813993142748,1.3696365015352456,7.727807914887079,22.373672057170594,1.3575190263986614,6.818880318801371,234.92845568998158,0.9727445459064384,13.34849354076517,Low
2024-03-07 04:05:00,31,Active,67.31518533379008,3.3104772184312465,4.517245021934357,21.9813520716144,3.747539240991519,0.6369422036605109,162.51120303705852,0.6527940287505324,1.565213632214782,Low
2024-01-11 15:38:00,29,Active,80.78698595882,2.5512918973487344,5.067746596371569,10.990521421777165,4.2346663070289825,3.797903903654233,277.07889567805523,0.7494589966637292,3.5638445523905737,Medium
2024-02-17 05:47:00,13,Active,89.49937511013825,0.4379319458519732,2.0213428902392447,34.299374733173636,1.7266684637700722,4.79009135318028,321.4944598492511,0.2002840555771454,8.79816730031995,Low
2024-03-05 10:12:00,13,Active,66.00966805604885,0.42114009478524,8.58612285155777,28.96162137509474,0.04771273485074816,4.778038537626688,197.10086965999096,0.8397199675897044,14.622706670999674,Low
2024-02-25 15:35:00,1,Active,88.2876978071279,0.5255139434695636,7.341376884981026,23.61638819232853,2.909423659110217,5.839357982317195,313.952119472137,0.0155968743020659,2.344241772346322,Medium
2024-01-14 13:08:00,49,Active,89.85494438698727,0.9621632776768414,7.479741900940143,44.076784878350864,3.416753521599896,7.277878860791848,79.36082374639076,0.7465073811490504,11.656925873993124,Low
2024-01-03 02:51:00,14,Active,76.57320701837881,3.017651487402023,7.855805036703844,42.82974259751098,3.3621119916316893,5.750057015162208,394.81378807518286,0.240181158131931,4.210942262657916,Medium
2024-02-03 20:27:00,47,Maintenance,52.00381453233232,1.994127994795631,2.0287911103926475,13.952172847511903,4.367691719540354,6.5874205425658,107.25823136413361,0.1907555329524007,7.676167389830377,Low
2024-03-01 12:22:00,16,Active,67.84873390947851,2.5106357306439797,6.882951042772391,45.80661802641105,1.7538922863552828,3.836731862230177,348.8499531547244,0.2283964423556652,14.052333494689808,Low
2024-03-01 13:55:00,23,Active,59.21325332532851,4.736707311838043,3.758195303586442,41.85099266672987,4.14899029145088,3.1990995747106696,300.8696679712356,0.3297584998010223,3.393160246932783,Medium
2024-02-07 12:21:00,15,Idle,46.180899401784615,3.6552872888305674,6.141257820996843,15.160565088685225,4.949057625604719,1.557523780776546,187.60478797752987,0.5997518762810056,9.694852616189758,Low
2024-02-16 02:52:00,34,Active,83.00511114928022,0.41705665389588703,6.741565645600692,5.496665844097322,4.9810145952009215,3.367048463889371,89.62469259997067,0.488266372860067,11.175379460942363,Low
2024-02-10 12:15:00,50,Active,81.3985104082698,1.3711564815765287,8.111774106669404,44.15965233872847,4.526905585762983,4.186126677687758,278.4641459636413,0.9615569559867786,8.608793633582078,Low
2024-02-09 00:19:00,23,Active,47.54479088258243,3.5563227881795654,4.956765500683739,38.29042975197393,2.377988737270407,3.409061030127276,379.36809688493736,0.3780371484112408,13.330955851759523,Low
2024-01-23 06:53:00,30,Active,39.177245312003905,2.8801094200733117,2.1801758892206147,48.252523387778204,2.70980066017897,0.0004488894314802,342.15689478242007,0.1554113736578874,7.296389689216743,Low
2024-02-18 09:18:00,50,Maintenance,81.83505006546292,2.35449183705599,4.753566245900078,13.433946990737889,1.2787721069932634,5.9099396595356195,226.53360180845957,0.934019098364348,11.026305312315785,Low
2024-02-26 01:38:00,28,Active,59.64734906073013,3.5412914131986155,7.750837565179591,6.764413554009489,0.736816271668416,2.526123263137307,141.32241583527716,0.6459143053613332,8.012862116516597,Low
2024-01-28 14:14:00,43,Active,74.77500894310116,0.5425513888900819,1.751081055024063,45.64434990142042,0.9707196557523864,3.8725361427009273,438.7530562767695,0.0268771577829304,8.073849449362637,Low
2024-02-20 10:15:00,33,Idle,68.88068159378304,1.5002265308630496,8.845634953170377,36.022483037753815,4.898350110198334,7.899751110373614,213.87004557904802,0.1575517633930631,1.1101890916196209,Medium
2024-02-21 01:23:00,30,Idle,45.41200329787859,3.301576753450983,5.022158450558225,47.5516686082274,3.6056334490896513,9.081530958062858,104.74580946413134,0.0941556180957033,7.776584813351869,Low
2024-03-06 14:36:00,46,Active,49.09486731279116,2.082364479412267,4.781465140328303,23.233028399474588,1.9941269145451952,7.3661862039900585,465.142785080047,0.2368435298796165,1.0423916976443668,High
2024-01-12 19:39:00,20,Idle,60.49794505871573,4.6672740452552475,6.827243155720604,4.329927081284465,0.6547714653468549,8.902517213003378,97.6938114241555,0.2868030776266564,8.39117832286545,Low
2024-02-28 01:33:00,32,Active,86.69471685947966,0.9279153232100464,6.884412788999417,3.9608798805570506,2.8556489708124597,4.876234662409755,252.477044654219,0.1292683483169506,6.11010704250249,Low
2024-03-04 17:54:00,10,Active,55.68239431705257,1.5481456629852326,3.670783496819648,11.749024952180092,3.2954781784758254,9.332400329550461,139.84791133800942,0.8799392704831358,6.018670960948983,Low
2024-03-01 04:32:00,32,Active,66.96012279138043,4.6588566229613795,9.99988898643713,34.98353735878973,3.3073994713724053,9.368691383156522,488.73245388255265,0.8451685783779642,5.598950446180841,Low
2024-02-21 06:47:00,28,Active,73.50566317953734,2.0761979507084565,5.56533168344581,18.016841394710003,2.8003623284327848,4.201082420228643,326.4937204720239,0.510709414414531,3.6689654398374385,Medium
2024-02-27 11:10:00,5,Active,40.8786987743497,2.196950030928055,2.4344374229662877,42.57756270267663,0.32532800031381326,9.066750294442764,187.11628153779296,0.4044406643465014,8.397895492705802,Low
2024-02-25 07:14:00,49,Idle,55.70928161330653,3.489690091746439,5.318379083468294,22.96894908444438,1.1166377493558601,1.2588343635171155,82.49539920504685,0.1111084609813609,7.011744662894396,Low
2024-01-20 14:51:00,45,Active,82.63554077116957,1.625470318448986,8.59845419987106,3.7837087257543836,4.452565881949257,6.0408650322019,101.06016157921113,0.9826632402002956,11.80622337278391,Low
2024-01-19 00:25:00,46,Active,80.36388979377853,2.52958569152916,3.5703778499713597,4.089955387497826,0.36057270536830865,6.915048821902147,490.90890881895467,0.2516247233596678,14.283074624271586,Low
2024-03-04 02:12:00,22,Active,49.44370795201481,3.4511655220392,9.682289548753735,13.156002400990616,0.061860305513261965,6.059272830875604,474.04384245598953,0.6217783662438442,0.6538942943100852,High
2024-01-23 08:57:00,13,Active,42.52071768258827,3.80749462392601,6.578304063088983,45.88112919421921,1.346281149949394,0.6831408823473127,139.03620971686067,0.0543259894843598,4.691627492851453,Low
2024-01-06 18:28:00,14,Idle,88.9633252053478,2.399062789887331,5.142080103109872,36.18084760062502,4.764487185157937,6.31001119561414,480.4238822480074,0.3048163393825438,12.436580887293667,Low
2024-01-05 03:09:00,4,Active,74.12307052497434,1.6201835006503749,3.6096294640836732,45.398831947861254,2.321510697108148,9.480698279053987,446.20687129313063,0.5763169949409354,9.756412724837562,Low
2024-02-06 02:30:00,25,Active,43.76848711220506,1.3566020899697602,4.505868506340498,46.220296941834555,2.50664237359954,4.261209398172974,119.95875097963096,0.5005054730540565,8.068138442159112,Low
2024-01-01 19:10:00,27,Active,30.859583026412956,1.4641785533852598,9.97506540994226,26.343073490069376,1.4702873773600145,6.850927703277477,279.00405913737484,0.3482842608237525,3.8094694081679994,Medium
2024-03-03 03:20:00,14,Active,57.846467435741765,2.5763475353842047,4.713615234424559,34.399869126259496,0.4043938076977305,4.555369332075426,499.99676771056613,0.9053747882659956,11.283229225779833,Low
2024-02-21 21:40:00,17,Idle,44.347023030049996,0.37012962560930945,3.649987093362731,16.81416222434033,3.653813519979199,4.039536918113778,431.99952608283814,0.0570086652630459,2.069128736978458,High
2024-02-16 06:17:00,48,Active,50.74597674351761,0.18696993210941476,3.0837964056658183,7.759845353881606,3.209740896230724,6.226163340620481,490.1108554113804,0.3581753839452869,13.182139906207825,Low
2024-03-06 20:41:00,11,Active,47.497291600188646,4.176878597124895,5.310161063601982,42.583781848506895,3.2188474985546236,5.045677847297414,192.52180708199262,0.4592835353898922,1.6866602176249716,Low
2024-01-12 17:36:00,8,Active,38.002042289702196,1.7713408054337414,7.68953625754813,9.300650737364009,2.392288776426954,8.510158728106015,235.1809090533116,0.9786283488193434,0.86175042676057,Medium
2024-02-02 01:35:00,21,Active,52.9721348122719,2.6750233740506135,5.503995234907163,35.538805846366266,0.20855240901535177,3.377809031563489,116.18356771013133,0.5244064503326072,5.169623121736453,Low
2024-01-06 10:05:00,22,Active,69.95771992667707,0.2780698541155726,8.163155966927977,25.888999208442048,3.546614492813942,0.17743798884903814,493.29297533169824,0.6094361249567749,0.3707834378026385,High
2024-01-04 15:17:00,32,Active,58.401960070810645,1.9103213769938387,4.023668080158052,8.520311832006927,1.8384318483039819,9.31663129238651,467.5668542110173,0.0424972431634694,10.531767050051016,Low
2024-01-14 22:16:00,17,Active,38.02297900724497,1.7122951714608123,4.61442686586053,8.38131955107027,1.6205757031592907,6.170394626669413,307.8702231362182,0.9831906139356432,11.285339523880022,Low
2024-02-01 15:03:00,46,Active,73.22174060988445,1.878013652343525,5.630178184128821,18.01996521911113,2.317681807929543,0.45891680695190495,195.9791945595099,0.7645269440437421,8.321884924238278,Low
2024-02-09 06:36:00,34,Idle,55.15210417889341,2.433986207036098,9.022775282729372,31.191340451786992,2.3522907848751227,9.999900333514017,181.34965827250684,0.4948700931037526,14.999868808717553,Low
2024-01-03 07:43:00,30,Active,69.29203875960502,0.5437274346337915,7.53843929564032,9.73194626921789,0.3244496898757521,5.096429950004338,254.26509725889213,0.1041587733187828,4.15256933345162,Medium
2024-01-10 09:00:00,18,Active,44.58824941156134,4.856064695903424,6.033647167752345,35.185981113734684,4.999974649170845,4.880374399289419,275.40883541700833,0.0636579698915785,12.90303878696315,Low
2024-02-06 23:02:00,35,Active,63.56893417639719,3.6236445808700557,2.9331806849985065,24.311020760821123,0.09884815509254287,1.4601267140887357,490.3367285663095,0.8058719252935573,0.0001122884510773,High
2024-01-21 09:35:00,48,Active,32.13408235827219,3.1105341606726444,8.826488232701157,3.8396967593791436,2.5809949814975086,0.7171608772533345,468.0944131482342,0.123274116845265,5.589006048470786,Low
2024-01-07 17:02:00,38,Active,67.87350611258118,0.49218553926340836,6.519919275637726,46.30370595355744,0.6554592191807014,3.1662159893822723,424.5352843691588,0.8841956439266428,7.634335840351416,Low
2024-01-12 18:44:00,12,Active,64.2395492375565,2.8335476398961363,7.977542422253333,17.456970786067895,3.4047433355275656,4.022608362997773,345.1700576243306,0.3443078053602233,0.261027923878789,Medium
2024-02-11 09:58:00,36,Active,49.918346059281525,0.991313058664325,4.548216878574454,6.160655402294012,1.1439331521738414,2.5067572291868507,375.6082361796955,0.3423250265596637,12.403504685762265,Low
2024-02-21 03:46:00,21,Maintenance,87.76518185789159,0.7272038394344521,5.850348499593118,17.556789814175048,0.3314159069322083,3.3427028146309343,228.18184880822153,0.0019736558200036,13.551851147007183,Low
2024-02-29 01:47:00,33,Active,84.55024573307189,2.7489373726138377,3.661150201801228,29.927346636145767,3.407058786991441,5.083381130108211,124.10232342115513,0.0908785245505274,14.31308047505418,Low
2024-02-16 16:15:00,29,Active,44.67180893150499,3.4964284801286643,2.7839978300683184,46.453162202812486,4.867850109307211,2.084638855620559,97.61040578537708,0.1416019106834164,6.829263787171355,Low
2024-02-17 22:42:00,25,Active,31.658899808550505,3.2983601322979452,7.357423681122434,5.718369607311744,4.6320287617741105,5.128301908922945,211.12199253108992,0.8652928039710658,2.224942630590078,Medium
2024-01-10 05:24:00,30,Maintenance,86.64129129082838,3.998899089625192,4.816106639035778,22.33702914277606,1.2791237630284948,0.2521225592583235,474.8635453664552,0.599730784760885,5.153186367836412,Low
2024-02-20 13:09:00,21,Active,62.56998285979329,0.7215959523802591,7.724931565694217,2.6968328552901735,4.766585451443683,1.317572506362961,417.48166983590943,0.4676287903545613,1.0615652829709508,High
2024-02-28 19:04:00,17,Idle,56.700775220380415,3.140991749480031,3.809767658132691,32.24357775087295,1.3625877454326831,6.245815789188158,264.40793695090935,0.020000690717343,8.170576771505734,Low
2024-03-05 21:48:00,9,Active,62.88759391854643,2.450352606079082,2.421869593578322,46.09020752958661,1.3151707939120936,1.3264215605474423,425.44324215915935,0.0477140877328974,13.56034563750958,Low
2024-02-12 15:09:00,4,Active,49.9854247555986,3.193789508789449,6.752660171642884,28.002214838456673,4.313005090721518,8.704806461422994,458.18770072299344,0.2397967927282192,11.418469682067032,Low
2024-01-07 13:15:00,48,Active,88.55280257854552,3.73357239994166,2.7581860424700784,6.784781691669006,3.141650217556161,2.3919023805169086,101.27657192265823,0.9963450202054492,3.6820571405307057,Low
2024-02-07 17:40:00,18,Idle,48.69267185765353,0.30416096160140604,5.920144950173551,39.02837873571298,3.034641004582457,2.5064349751513606,92.37700323792714,0.7331076316712204,10.367360291982415,Low
2024-01-31 14:38:00,1,Active,77.7107467808523,3.0188264018021203,8.79182273971775,41.42916526228396,1.8779196115880612,1.7477957004614129,430.9038826768742,0.5793763964696772,10.073581358726955,Low
2024-02-24 17:52:00,34,Active,85.87181276855041,2.5230684730678026,2.2189237420919605,5.137579150109269,1.7848262218632434,8.24045537551248,89.12538765595814,0.5208159549358878,4.954693391118502,Low
