decision_state_id,machine_archetype,severity,candidate_count,candidate_action_ids
DS_AI4I_1013,cnc_mill,HEALTHY,3,"ACT_MON_CONTINUE, ACT_MON_ENHANCED, ACT_MON_PARAMETER_LOG"
DS_AI4I_1095,cnc_mill,CRITICAL,5,"ACT_REPL_TOOL_INSERT, ACT_OP_CONTROLLED_SHUTDOWN, ACT_OP_DERATE_LOAD, ACT_INSP_TOOL_WEAR, ACT_MON_CONTINUE"
DS_AI4I_1124,cnc_mill,CRITICAL,5,"ACT_REPL_TOOL_INSERT, ACT_OP_CONTROLLED_SHUTDOWN, ACT_OP_DERATE_LOAD, ACT_INSP_TOOL_WEAR, ACT_MON_CONTINUE"
DS_AI4I_1142,cnc_mill,WATCH,4,"ACT_MON_ENHANCED, ACT_MON_CONTINUE, ACT_INSP_TOOL_WEAR, ACT_OP_ADJUST_PARAMS"
DS_AI4I_1264,cnc_mill,HEALTHY,3,"ACT_MON_CONTINUE, ACT_MON_ENHANCED, ACT_MON_PARAMETER_LOG"
DS_AI4I_1352,cnc_mill,HEALTHY,3,"ACT_MON_CONTINUE, ACT_MON_ENHANCED, ACT_MON_PARAMETER_LOG"
DS_AI4I_1399,cnc_mill,WATCH,4,"ACT_MON_ENHANCED, ACT_MON_CONTINUE, ACT_INSP_TOOL_WEAR, ACT_OP_ADJUST_PARAMS"
DS_AI4I_1437,cnc_mill,CRITICAL,5,"ACT_REPL_TOOL_INSERT, ACT_OP_CONTROLLED_SHUTDOWN, ACT_OP_DERATE_LOAD, ACT_INSP_TOOL_WEAR, ACT_MON_CONTINUE"
DS_AI4I_1478,cnc_mill,WATCH,4,"ACT_MON_ENHANCED, ACT_MON_CONTINUE, ACT_INSP_TOOL_WEAR, ACT_OP_ADJUST_PARAMS"
DS_AI4I_1509,cnc_mill,CRITICAL,5,"ACT_REPL_TOOL_INSERT, ACT_OP_CONTROLLED_SHUTDOWN, ACT_OP_DERATE_LOAD, ACT_INSP_TOOL_WEAR, ACT_MON_CONTINUE"
DS_AI4I_1590,cnc_mill,DEGRADING,4,"ACT_MON_ENHANCED, ACT_INSP_TOOL_WEAR, ACT_REPL_TOOL_INSERT, ACT_OP_ADJUST_PARAMS"
DS_AI4I_162,cnc_mill,HEALTHY,3,"ACT_MON_CONTINUE, ACT_MON_ENHANCED, ACT_MON_PARAMETER_LOG"
DS_AI4I_1654,cnc_mill,WATCH,4,"ACT_MON_ENHANCED, ACT_MON_CONTINUE, ACT_INSP_TOOL_WEAR, ACT_OP_ADJUST_PARAMS"
DS_AI4I_168,cnc_mill,CRITICAL,5,"ACT_REPL_TOOL_INSERT, ACT_OP_CONTROLLED_SHUTDOWN, ACT_OP_DERATE_LOAD, ACT_INSP_TOOL_WEAR, ACT_MON_CONTINUE"
DS_AI4I_1680,cnc_mill,DEGRADING,4,"ACT_MON_ENHANCED, ACT_INSP_TOOL_WEAR, ACT_REPL_TOOL_INSERT, ACT_OP_ADJUST_PARAMS"
DS_AI4I_1742,cnc_mill,WATCH,4,"ACT_MON_ENHANCED, ACT_MON_CONTINUE, ACT_INSP_TOOL_WEAR, ACT_OP_ADJUST_PARAMS"
DS_AI4I_1764,cnc_mill,HEALTHY,3,"ACT_MON_CONTINUE, ACT_MON_ENHANCED, ACT_MON_PARAMETER_LOG"
DS_AI4I_1808,cnc_mill,CRITICAL,5,"ACT_REPL_TOOL_INSERT, ACT_OP_CONTROLLED_SHUTDOWN, ACT_OP_DERATE_LOAD, ACT_INSP_TOOL_WEAR, ACT_MON_CONTINUE"
DS_AI4I_1924,cnc_mill,HEALTHY,3,"ACT_MON_CONTINUE, ACT_MON_ENHANCED, ACT_MON_PARAMETER_LOG"
DS_AI4I_1969,cnc_mill,WATCH,4,"ACT_MON_ENHANCED, ACT_MON_CONTINUE, ACT_INSP_TOOL_WEAR, ACT_OP_ADJUST_PARAMS"
DS_AI4I_2047,cnc_mill,WATCH,4,"ACT_MON_ENHANCED, ACT_MON_CONTINUE, ACT_INSP_TOOL_WEAR, ACT_OP_ADJUST_PARAMS"
DS_AI4I_2125,cnc_mill,CRITICAL,5,"ACT_REPL_TOOL_INSERT, ACT_OP_CONTROLLED_SHUTDOWN, ACT_OP_DERATE_LOAD, ACT_INSP_TOOL_WEAR, ACT_MON_CONTINUE"
DS_AI4I_2138,cnc_mill,WATCH,4,"ACT_MON_ENHANCED, ACT_MON_CONTINUE, ACT_INSP_TOOL_WEAR, ACT_OP_ADJUST_PARAMS"
DS_AI4I_2166,cnc_mill,CRITICAL,5,"ACT_REPL_TOOL_INSERT, ACT_OP_CONTROLLED_SHUTDOWN, ACT_OP_DERATE_LOAD, ACT_INSP_TOOL_WEAR, ACT_MON_CONTINUE"
DS_AI4I_2242,cnc_mill,DEGRADING,4,"ACT_MON_ENHANCED, ACT_INSP_TOOL_WEAR, ACT_REPL_TOOL_INSERT, ACT_OP_ADJUST_PARAMS"
DS_AI4I_2409,cnc_mill,DEGRADING,4,"ACT_MON_ENHANCED, ACT_INSP_TOOL_WEAR, ACT_REPL_TOOL_INSERT, ACT_OP_ADJUST_PARAMS"
DS_AI4I_2428,cnc_mill,HEALTHY,3,"ACT_MON_CONTINUE, ACT_MON_ENHANCED, ACT_MON_PARAMETER_LOG"
DS_AI4I_2519,cnc_mill,HEALTHY,3,"ACT_MON_CONTINUE, ACT_MON_ENHANCED, ACT_MON_PARAMETER_LOG"
DS_AI4I_2596,cnc_mill,HEALTHY,3,"ACT_MON_CONTINUE, ACT_MON_ENHANCED, ACT_MON_PARAMETER_LOG"
DS_AI4I_2735,cnc_mill,WATCH,4,"ACT_MON_ENHANCED, ACT_MON_CONTINUE, ACT_INSP_TOOL_WEAR, ACT_OP_ADJUST_PARAMS"
DS_AI4I_2763,cnc_mill,DEGRADING,4,"ACT_MON_ENHANCED, ACT_INSP_TOOL_WEAR, ACT_REPL_TOOL_INSERT, ACT_OP_ADJUST_PARAMS"
DS_AI4I_2816,cnc_mill,WATCH,4,"ACT_MON_ENHANCED, ACT_MON_CONTINUE, ACT_INSP_TOOL_WEAR, ACT_OP_ADJUST_PARAMS"
DS_AI4I_2864,cnc_mill,CRITICAL,5,"ACT_REPL_TOOL_INSERT, ACT_OP_CONTROLLED_SHUTDOWN, ACT_OP_DERATE_LOAD, ACT_INSP_TOOL_WEAR, ACT_MON_CONTINUE"
DS_AI4I_2902,cnc_mill,WATCH,4,"ACT_MON_ENHANCED, ACT_MON_CONTINUE, ACT_INSP_TOOL_WEAR, ACT_OP_ADJUST_PARAMS"
DS_AI4I_292,cnc_mill,WATCH,4,"ACT_MON_ENHANCED, ACT_MON_CONTINUE, ACT_INSP_TOOL_WEAR, ACT_OP_ADJUST_PARAMS"
DS_AI4I_3194,cnc_mill,HEALTHY,3,"ACT_MON_CONTINUE, ACT_MON_ENHANCED, ACT_MON_PARAMETER_LOG"
DS_AI4I_3341,cnc_mill,WATCH,4,"ACT_MON_ENHANCED, ACT_MON_CONTINUE, ACT_INSP_TOOL_WEAR, ACT_OP_ADJUST_PARAMS"
DS_AI4I_3372,cnc_mill,HEALTHY,3,"ACT_MON_CONTINUE, ACT_MON_ENHANCED, ACT_MON_PARAMETER_LOG"
DS_AI4I_3586,cnc_mill,WATCH,4,"ACT_MON_ENHANCED, ACT_MON_CONTINUE, ACT_INSP_TOOL_WEAR, ACT_OP_ADJUST_PARAMS"
DS_AI4I_3754,cnc_mill,WATCH,4,"ACT_MON_ENHANCED, ACT_MON_CONTINUE, ACT_INSP_TOOL_WEAR, ACT_OP_ADJUST_PARAMS"
DS_AI4I_3838,cnc_mill,WATCH,4,"ACT_MON_ENHANCED, ACT_MON_CONTINUE, ACT_INSP_TOOL_WEAR, ACT_OP_ADJUST_PARAMS"
DS_AI4I_3852,cnc_mill,DEGRADING,4,"ACT_MON_ENHANCED, ACT_INSP_TOOL_WEAR, ACT_REPL_TOOL_INSERT, ACT_OP_ADJUST_PARAMS"
DS_AI4I_3871,cnc_mill,HEALTHY,3,"ACT_MON_CONTINUE, ACT_MON_ENHANCED, ACT_MON_PARAMETER_LOG"
DS_AI4I_3956,cnc_mill,HEALTHY,3,"ACT_MON_CONTINUE, ACT_MON_ENHANCED, ACT_MON_PARAMETER_LOG"
DS_AI4I_4022,cnc_mill,DEGRADING,4,"ACT_MON_ENHANCED, ACT_INSP_TOOL_WEAR, ACT_REPL_TOOL_INSERT, ACT_OP_ADJUST_PARAMS"
DS_AI4I_4029,cnc_mill,DEGRADING,4,"ACT_MON_ENHANCED, ACT_INSP_TOOL_WEAR, ACT_REPL_TOOL_INSERT, ACT_OP_ADJUST_PARAMS"
DS_AI4I_4045,cnc_mill,HEALTHY,3,"ACT_MON_CONTINUE, ACT_MON_ENHANCED, ACT_MON_PARAMETER_LOG"
DS_AI4I_409,cnc_mill,DEGRADING,4,"ACT_MON_ENHANCED, ACT_INSP_TOOL_WEAR, ACT_REPL_TOOL_INSERT, ACT_OP_ADJUST_PARAMS"
DS_AI4I_4138,cnc_mill,CRITICAL,5,"ACT_REPL_TOOL_INSERT, ACT_OP_CONTROLLED_SHUTDOWN, ACT_OP_DERATE_LOAD, ACT_INSP_TOOL_WEAR, ACT_MON_CONTINUE"
DS_AI4I_4292,cnc_mill,CRITICAL,5,"ACT_REPL_TOOL_INSERT, ACT_OP_CONTROLLED_SHUTDOWN, ACT_OP_DERATE_LOAD, ACT_INSP_TOOL_WEAR, ACT_MON_CONTINUE"
DS_AI4I_4296,cnc_mill,CRITICAL,5,"ACT_REPL_TOOL_INSERT, ACT_OP_CONTROLLED_SHUTDOWN, ACT_OP_DERATE_LOAD, ACT_INSP_TOOL_WEAR, ACT_MON_CONTINUE"
DS_AI4I_4351,cnc_mill,WATCH,4,"ACT_MON_ENHANCED, ACT_MON_CONTINUE, ACT_INSP_TOOL_WEAR, ACT_OP_ADJUST_PARAMS"
DS_AI4I_4384,cnc_mill,DEGRADING,4,"ACT_MON_ENHANCED, ACT_INSP_TOOL_WEAR, ACT_REPL_TOOL_INSERT, ACT_OP_ADJUST_PARAMS"
DS_AI4I_4401,cnc_mill,HEALTHY,3,"ACT_MON_CONTINUE, ACT_MON_ENHANCED, ACT_MON_PARAMETER_LOG"
DS_AI4I_4443,cnc_mill,WATCH,4,"ACT_MON_ENHANCED, ACT_MON_CONTINUE, ACT_INSP_TOOL_WEAR, ACT_OP_ADJUST_PARAMS"
DS_AI4I_4473,cnc_mill,HEALTHY,3,"ACT_MON_CONTINUE, ACT_MON_ENHANCED, ACT_MON_PARAMETER_LOG"
DS_AI4I_4550,cnc_mill,DEGRADING,4,"ACT_MON_ENHANCED, ACT_INSP_TOOL_WEAR, ACT_REPL_TOOL_INSERT, ACT_OP_ADJUST_PARAMS"
DS_AI4I_4651,cnc_mill,CRITICAL,5,"ACT_REPL_TOOL_INSERT, ACT_OP_CONTROLLED_SHUTDOWN, ACT_OP_DERATE_LOAD, ACT_INSP_TOOL_WEAR, ACT_MON_CONTINUE"
DS_AI4I_4696,cnc_mill,WATCH,4,"ACT_MON_ENHANCED, ACT_MON_CONTINUE, ACT_INSP_TOOL_WEAR, ACT_OP_ADJUST_PARAMS"
DS_AI4I_4719,cnc_mill,DEGRADING,4,"ACT_MON_ENHANCED, ACT_INSP_TOOL_WEAR, ACT_REPL_TOOL_INSERT, ACT_OP_ADJUST_PARAMS"
DS_AI4I_4730,cnc_mill,DEGRADING,4,"ACT_MON_ENHANCED, ACT_INSP_TOOL_WEAR, ACT_REPL_TOOL_INSERT, ACT_OP_ADJUST_PARAMS"
DS_AI4I_4731,cnc_mill,CRITICAL,5,"ACT_REPL_TOOL_INSERT, ACT_OP_CONTROLLED_SHUTDOWN, ACT_OP_DERATE_LOAD, ACT_INSP_TOOL_WEAR, ACT_MON_CONTINUE"
DS_AI4I_4976,cnc_mill,CRITICAL,5,"ACT_REPL_TOOL_INSERT, ACT_OP_CONTROLLED_SHUTDOWN, ACT_OP_DERATE_LOAD, ACT_INSP_TOOL_WEAR, ACT_MON_CONTINUE"
DS_AI4I_4985,cnc_mill,DEGRADING,4,"ACT_MON_ENHANCED, ACT_INSP_TOOL_WEAR, ACT_REPL_TOOL_INSERT, ACT_OP_ADJUST_PARAMS"
DS_AI4I_4997,cnc_mill,CRITICAL,5,"ACT_REPL_TOOL_INSERT, ACT_OP_CONTROLLED_SHUTDOWN, ACT_OP_DERATE_LOAD, ACT_INSP_TOOL_WEAR, ACT_MON_CONTINUE"
DS_AI4I_4998,cnc_mill,HEALTHY,3,"ACT_MON_CONTINUE, ACT_MON_ENHANCED, ACT_MON_PARAMETER_LOG"
DS_AI4I_5142,cnc_mill,HEALTHY,3,"ACT_MON_CONTINUE, ACT_MON_ENHANCED, ACT_MON_PARAMETER_LOG"
DS_AI4I_5153,cnc_mill,HEALTHY,3,"ACT_MON_CONTINUE, ACT_MON_ENHANCED, ACT_MON_PARAMETER_LOG"
DS_AI4I_5158,cnc_mill,HEALTHY,3,"ACT_MON_CONTINUE, ACT_MON_ENHANCED, ACT_MON_PARAMETER_LOG"
DS_AI4I_5394,cnc_mill,CRITICAL,5,"ACT_REPL_TOOL_INSERT, ACT_OP_CONTROLLED_SHUTDOWN, ACT_OP_DERATE_LOAD, ACT_INSP_TOOL_WEAR, ACT_MON_CONTINUE"
DS_AI4I_5486,cnc_mill,DEGRADING,4,"ACT_MON_ENHANCED, ACT_INSP_TOOL_WEAR, ACT_REPL_TOOL_INSERT, ACT_OP_ADJUST_PARAMS"
DS_AI4I_5490,cnc_mill,CRITICAL,5,"ACT_REPL_TOOL_INSERT, ACT_OP_CONTROLLED_SHUTDOWN, ACT_OP_DERATE_LOAD, ACT_INSP_TOOL_WEAR, ACT_MON_CONTINUE"
DS_AI4I_5698,cnc_mill,WATCH,4,"ACT_MON_ENHANCED, ACT_MON_CONTINUE, ACT_INSP_TOOL_WEAR, ACT_OP_ADJUST_PARAMS"
DS_AI4I_587,cnc_mill,DEGRADING,4,"ACT_MON_ENHANCED, ACT_INSP_TOOL_WEAR, ACT_REPL_TOOL_INSERT, ACT_OP_ADJUST_PARAMS"
DS_AI4I_5958,cnc_mill,WATCH,4,"ACT_MON_ENHANCED, ACT_MON_CONTINUE, ACT_INSP_TOOL_WEAR, ACT_OP_ADJUST_PARAMS"
DS_AI4I_6076,cnc_mill,DEGRADING,4,"ACT_MON_ENHANCED, ACT_INSP_TOOL_WEAR, ACT_REPL_TOOL_INSERT, ACT_OP_ADJUST_PARAMS"
DS_AI4I_6093,cnc_mill,HEALTHY,3,"ACT_MON_CONTINUE, ACT_MON_ENHANCED, ACT_MON_PARAMETER_LOG"
DS_AI4I_6248,cnc_mill,CRITICAL,5,"ACT_REPL_TOOL_INSERT, ACT_OP_CONTROLLED_SHUTDOWN, ACT_OP_DERATE_LOAD, ACT_INSP_TOOL_WEAR, ACT_MON_CONTINUE"
DS_AI4I_6262,cnc_mill,HEALTHY,3,"ACT_MON_CONTINUE, ACT_MON_ENHANCED, ACT_MON_PARAMETER_LOG"
DS_AI4I_6338,cnc_mill,DEGRADING,4,"ACT_MON_ENHANCED, ACT_INSP_TOOL_WEAR, ACT_REPL_TOOL_INSERT, ACT_OP_ADJUST_PARAMS"
DS_AI4I_646,cnc_mill,WATCH,4,"ACT_MON_ENHANCED, ACT_MON_CONTINUE, ACT_INSP_TOOL_WEAR, ACT_OP_ADJUST_PARAMS"
DS_AI4I_649,cnc_mill,WATCH,4,"ACT_MON_ENHANCED, ACT_MON_CONTINUE, ACT_INSP_TOOL_WEAR, ACT_OP_ADJUST_PARAMS"
DS_AI4I_6517,cnc_mill,HEALTHY,3,"ACT_MON_CONTINUE, ACT_MON_ENHANCED, ACT_MON_PARAMETER_LOG"
DS_AI4I_6548,cnc_mill,WATCH,4,"ACT_MON_ENHANCED, ACT_MON_CONTINUE, ACT_INSP_TOOL_WEAR, ACT_OP_ADJUST_PARAMS"
DS_AI4I_7011,cnc_mill,CRITICAL,5,"ACT_REPL_TOOL_INSERT, ACT_OP_CONTROLLED_SHUTDOWN, ACT_OP_DERATE_LOAD, ACT_INSP_TOOL_WEAR, ACT_MON_CONTINUE"
DS_AI4I_7424,cnc_mill,DEGRADING,4,"ACT_MON_ENHANCED, ACT_INSP_TOOL_WEAR, ACT_REPL_TOOL_INSERT, ACT_OP_ADJUST_PARAMS"
DS_AI4I_748,cnc_mill,DEGRADING,4,"ACT_MON_ENHANCED, ACT_INSP_TOOL_WEAR, ACT_REPL_TOOL_INSERT, ACT_OP_ADJUST_PARAMS"
DS_AI4I_7502,cnc_mill,DEGRADING,4,"ACT_MON_ENHANCED, ACT_INSP_TOOL_WEAR, ACT_REPL_TOOL_INSERT, ACT_OP_ADJUST_PARAMS"
DS_AI4I_7504,cnc_mill,DEGRADING,4,"ACT_MON_ENHANCED, ACT_INSP_TOOL_WEAR, ACT_REPL_TOOL_INSERT, ACT_OP_ADJUST_PARAMS"
DS_AI4I_7508,cnc_mill,DEGRADING,4,"ACT_MON_ENHANCED, ACT_INSP_TOOL_WEAR, ACT_REPL_TOOL_INSERT, ACT_OP_ADJUST_PARAMS"
DS_AI4I_7510,cnc_mill,CRITICAL,5,"ACT_REPL_TOOL_INSERT, ACT_OP_CONTROLLED_SHUTDOWN, ACT_OP_DERATE_LOAD, ACT_INSP_TOOL_WEAR, ACT_MON_CONTINUE"
DS_AI4I_7729,cnc_mill,WATCH,4,"ACT_MON_ENHANCED, ACT_MON_CONTINUE, ACT_INSP_TOOL_WEAR, ACT_OP_ADJUST_PARAMS"
DS_AI4I_7763,cnc_mill,CRITICAL,5,"ACT_REPL_TOOL_INSERT, ACT_OP_CONTROLLED_SHUTDOWN, ACT_OP_DERATE_LOAD, ACT_INSP_TOOL_WEAR, ACT_MON_CONTINUE"
DS_AI4I_7774,cnc_mill,HEALTHY,3,"ACT_MON_CONTINUE, ACT_MON_ENHANCED, ACT_MON_PARAMETER_LOG"
DS_AI4I_7884,cnc_mill,CRITICAL,5,"ACT_REPL_TOOL_INSERT, ACT_OP_CONTROLLED_SHUTDOWN, ACT_OP_DERATE_LOAD, ACT_INSP_TOOL_WEAR, ACT_MON_CONTINUE"
DS_AI4I_8080,cnc_mill,WATCH,4,"ACT_MON_ENHANCED, ACT_MON_CONTINUE, ACT_INSP_TOOL_WEAR, ACT_OP_ADJUST_PARAMS"
DS_AI4I_8193,cnc_mill,DEGRADING,4,"ACT_MON_ENHANCED, ACT_INSP_TOOL_WEAR, ACT_REPL_TOOL_INSERT, ACT_OP_ADJUST_PARAMS"
DS_AI4I_8194,cnc_mill,DEGRADING,4,"ACT_MON_ENHANCED, ACT_INSP_TOOL_WEAR, ACT_REPL_TOOL_INSERT, ACT_OP_ADJUST_PARAMS"
DS_AI4I_8282,cnc_mill,DEGRADING,4,"ACT_MON_ENHANCED, ACT_INSP_TOOL_WEAR, ACT_REPL_TOOL_INSERT, ACT_OP_ADJUST_PARAMS"
DS_AI4I_8291,cnc_mill,HEALTHY,3,"ACT_MON_CONTINUE, ACT_MON_ENHANCED, ACT_MON_PARAMETER_LOG"
DS_AI4I_8440,cnc_mill,HEALTHY,3,"ACT_MON_CONTINUE, ACT_MON_ENHANCED, ACT_MON_PARAMETER_LOG"
DS_AI4I_847,cnc_mill,CRITICAL,5,"ACT_REPL_TOOL_INSERT, ACT_OP_CONTROLLED_SHUTDOWN, ACT_OP_DERATE_LOAD, ACT_INSP_TOOL_WEAR, ACT_MON_CONTINUE"
DS_AI4I_8526,cnc_mill,HEALTHY,3,"ACT_MON_CONTINUE, ACT_MON_ENHANCED, ACT_MON_PARAMETER_LOG"
DS_AI4I_880,cnc_mill,CRITICAL,5,"ACT_REPL_TOOL_INSERT, ACT_OP_CONTROLLED_SHUTDOWN, ACT_OP_DERATE_LOAD, ACT_INSP_TOOL_WEAR, ACT_MON_CONTINUE"
DS_AI4I_8845,cnc_mill,DEGRADING,4,"ACT_MON_ENHANCED, ACT_INSP_TOOL_WEAR, ACT_REPL_TOOL_INSERT, ACT_OP_ADJUST_PARAMS"
DS_AI4I_8927,cnc_mill,DEGRADING,4,"ACT_MON_ENHANCED, ACT_INSP_TOOL_WEAR, ACT_REPL_TOOL_INSERT, ACT_OP_ADJUST_PARAMS"
DS_AI4I_903,cnc_mill,CRITICAL,5,"ACT_REPL_TOOL_INSERT, ACT_OP_CONTROLLED_SHUTDOWN, ACT_OP_DERATE_LOAD, ACT_INSP_TOOL_WEAR, ACT_MON_CONTINUE"
DS_AI4I_9174,cnc_mill,CRITICAL,5,"ACT_REPL_TOOL_INSERT, ACT_OP_CONTROLLED_SHUTDOWN, ACT_OP_DERATE_LOAD, ACT_INSP_TOOL_WEAR, ACT_MON_CONTINUE"
DS_AI4I_926,cnc_mill,CRITICAL,5,"ACT_REPL_TOOL_INSERT, ACT_OP_CONTROLLED_SHUTDOWN, ACT_OP_DERATE_LOAD, ACT_INSP_TOOL_WEAR, ACT_MON_CONTINUE"
DS_AI4I_9303,cnc_mill,WATCH,4,"ACT_MON_ENHANCED, ACT_MON_CONTINUE, ACT_INSP_TOOL_WEAR, ACT_OP_ADJUST_PARAMS"
DS_AI4I_934,cnc_mill,HEALTHY,3,"ACT_MON_CONTINUE, ACT_MON_ENHANCED, ACT_MON_PARAMETER_LOG"
DS_AI4I_9496,cnc_mill,DEGRADING,4,"ACT_MON_ENHANCED, ACT_INSP_TOOL_WEAR, ACT_REPL_TOOL_INSERT, ACT_OP_ADJUST_PARAMS"
DS_AI4I_9586,cnc_mill,HEALTHY,3,"ACT_MON_CONTINUE, ACT_MON_ENHANCED, ACT_MON_PARAMETER_LOG"
DS_AI4I_9758,cnc_mill,CRITICAL,5,"ACT_REPL_TOOL_INSERT, ACT_OP_CONTROLLED_SHUTDOWN, ACT_OP_DERATE_LOAD, ACT_INSP_TOOL_WEAR, ACT_MON_CONTINUE"
DS_AI4I_9813,cnc_mill,WATCH,4,"ACT_MON_ENHANCED, ACT_MON_CONTINUE, ACT_INSP_TOOL_WEAR, ACT_OP_ADJUST_PARAMS"
DS_AI4I_983,cnc_mill,WATCH,4,"ACT_MON_ENHANCED, ACT_MON_CONTINUE, ACT_INSP_TOOL_WEAR, ACT_OP_ADJUST_PARAMS"
DS_CMAPSS_FD001_U1_C93,turbofan_engine,WATCH,4,"ACT_MON_ENHANCED, ACT_MON_CONTINUE, ACT_INSP_SUBSYSTEM, ACT_CORR_CALIBRATE"
DS_CMAPSS_FD002_U10_C12,turbofan_engine,HEALTHY,3,"ACT_MON_CONTINUE, ACT_MON_ENHANCED, ACT_MON_PARAMETER_LOG"
DS_CMAPSS_FD002_U10_C134,turbofan_engine,DEGRADING,4,"ACT_MON_ENHANCED, ACT_INSP_THERMAL_ELECTRICAL, ACT_OP_DERATE_LOAD, ACT_REPL_OVERHAUL"
DS_CMAPSS_FD002_U10_C179,turbofan_engine,CRITICAL,5,"ACT_REPL_OVERHAUL, ACT_OP_DERATE_LOAD, ACT_OP_CONTROLLED_SHUTDOWN, ACT_INSP_THERMAL_ELECTRICAL, ACT_MON_CONTINUE"
DS_CMAPSS_FD002_U10_C76,turbofan_engine,WATCH,4,"ACT_MON_ENHANCED, ACT_MON_CONTINUE, ACT_INSP_SUBSYSTEM, ACT_CORR_CALIBRATE"
DS_CMAPSS_FD002_U11_C12,turbofan_engine,HEALTHY,3,"ACT_MON_CONTINUE, ACT_MON_ENHANCED, ACT_MON_PARAMETER_LOG"
DS_CMAPSS_FD002_U12_C12,turbofan_engine,HEALTHY,3,"ACT_MON_CONTINUE, ACT_MON_ENHANCED, ACT_MON_PARAMETER_LOG"
DS_CMAPSS_FD002_U12_C134,turbofan_engine,WATCH,4,"ACT_MON_ENHANCED, ACT_MON_CONTINUE, ACT_INSP_SUBSYSTEM, ACT_CORR_CALIBRATE"
DS_CMAPSS_FD002_U12_C199,turbofan_engine,DEGRADING,4,"ACT_MON_ENHANCED, ACT_INSP_THERMAL_ELECTRICAL, ACT_OP_DERATE_LOAD, ACT_REPL_OVERHAUL"
DS_CMAPSS_FD002_U12_C244,turbofan_engine,CRITICAL,5,"ACT_REPL_OVERHAUL, ACT_OP_DERATE_LOAD, ACT_OP_CONTROLLED_SHUTDOWN, ACT_INSP_THERMAL_ELECTRICAL, ACT_MON_CONTINUE"
DS_CMAPSS_FD002_U13_C113,turbofan_engine,WATCH,4,"ACT_MON_ENHANCED, ACT_MON_CONTINUE, ACT_INSP_SUBSYSTEM, ACT_CORR_CALIBRATE"
DS_CMAPSS_FD002_U13_C12,turbofan_engine,HEALTHY,3,"ACT_MON_CONTINUE, ACT_MON_ENHANCED, ACT_MON_PARAMETER_LOG"
DS_CMAPSS_FD002_U14_C12,turbofan_engine,HEALTHY,3,"ACT_MON_CONTINUE, ACT_MON_ENHANCED, ACT_MON_PARAMETER_LOG"
DS_CMAPSS_FD002_U14_C132,turbofan_engine,DEGRADING,4,"ACT_MON_ENHANCED, ACT_INSP_THERMAL_ELECTRICAL, ACT_OP_DERATE_LOAD, ACT_REPL_OVERHAUL"
DS_CMAPSS_FD002_U14_C192,turbofan_engine,CRITICAL,5,"ACT_REPL_OVERHAUL, ACT_OP_DERATE_LOAD, ACT_OP_CONTROLLED_SHUTDOWN, ACT_INSP_THERMAL_ELECTRICAL, ACT_MON_CONTINUE"
DS_CMAPSS_FD002_U14_C85,turbofan_engine,WATCH,4,"ACT_MON_ENHANCED, ACT_MON_CONTINUE, ACT_INSP_SUBSYSTEM, ACT_CORR_CALIBRATE"
DS_CMAPSS_FD002_U15_C108,turbofan_engine,WATCH,4,"ACT_MON_ENHANCED, ACT_MON_CONTINUE, ACT_INSP_SUBSYSTEM, ACT_CORR_CALIBRATE"
DS_CMAPSS_FD002_U15_C154,turbofan_engine,DEGRADING,4,"ACT_MON_ENHANCED, ACT_INSP_THERMAL_ELECTRICAL, ACT_OP_DERATE_LOAD, ACT_REPL_OVERHAUL"
DS_CMAPSS_FD002_U15_C204,turbofan_engine,CRITICAL,5,"ACT_REPL_OVERHAUL, ACT_OP_DERATE_LOAD, ACT_OP_CONTROLLED_SHUTDOWN, ACT_INSP_THERMAL_ELECTRICAL, ACT_MON_CONTINUE"
DS_CMAPSS_FD002_U15_C208,turbofan_engine,CRITICAL,5,"ACT_REPL_OVERHAUL, ACT_OP_DERATE_LOAD, ACT_OP_CONTROLLED_SHUTDOWN, ACT_INSP_THERMAL_ELECTRICAL, ACT_MON_CONTINUE"
DS_CMAPSS_FD002_U16_C102,turbofan_engine,DEGRADING,4,"ACT_MON_ENHANCED, ACT_INSP_THERMAL_ELECTRICAL, ACT_OP_DERATE_LOAD, ACT_REPL_OVERHAUL"
DS_CMAPSS_FD002_U16_C12,turbofan_engine,HEALTHY,3,"ACT_MON_CONTINUE, ACT_MON_ENHANCED, ACT_MON_PARAMETER_LOG"
DS_CMAPSS_FD002_U16_C153,turbofan_engine,CRITICAL,5,"ACT_REPL_OVERHAUL, ACT_OP_DERATE_LOAD, ACT_OP_CONTROLLED_SHUTDOWN, ACT_INSP_THERMAL_ELECTRICAL, ACT_MON_CONTINUE"
DS_CMAPSS_FD002_U16_C57,turbofan_engine,WATCH,4,"ACT_MON_ENHANCED, ACT_MON_CONTINUE, ACT_INSP_SUBSYSTEM, ACT_CORR_CALIBRATE"
DS_CMAPSS_FD002_U17_C12,turbofan_engine,HEALTHY,3,"ACT_MON_CONTINUE, ACT_MON_ENHANCED, ACT_MON_PARAMETER_LOG"
DS_CMAPSS_FD002_U17_C132,turbofan_engine,DEGRADING,4,"ACT_MON_ENHANCED, ACT_INSP_THERMAL_ELECTRICAL, ACT_OP_DERATE_LOAD, ACT_REPL_OVERHAUL"
DS_CMAPSS_FD002_U17_C179,turbofan_engine,CRITICAL,5,"ACT_REPL_OVERHAUL, ACT_OP_DERATE_LOAD, ACT_OP_CONTROLLED_SHUTDOWN, ACT_INSP_THERMAL_ELECTRICAL, ACT_MON_CONTINUE"
DS_CMAPSS_FD002_U17_C217,turbofan_engine,WATCH,4,"ACT_MON_ENHANCED, ACT_MON_CONTINUE, ACT_INSP_SUBSYSTEM, ACT_CORR_CALIBRATE"
DS_CMAPSS_FD002_U18_C103,turbofan_engine,WATCH,4,"ACT_MON_ENHANCED, ACT_MON_CONTINUE, ACT_INSP_SUBSYSTEM, ACT_CORR_CALIBRATE"
DS_CMAPSS_FD002_U18_C12,turbofan_engine,HEALTHY,3,"ACT_MON_CONTINUE, ACT_MON_ENHANCED, ACT_MON_PARAMETER_LOG"
DS_CMAPSS_FD002_U19_C12,turbofan_engine,HEALTHY,3,"ACT_MON_CONTINUE, ACT_MON_ENHANCED, ACT_MON_PARAMETER_LOG"
DS_CMAPSS_FD002_U19_C129,turbofan_engine,DEGRADING,4,"ACT_MON_ENHANCED, ACT_INSP_THERMAL_ELECTRICAL, ACT_OP_DERATE_LOAD, ACT_REPL_OVERHAUL"
DS_CMAPSS_FD002_U19_C151,turbofan_engine,CRITICAL,5,"ACT_REPL_OVERHAUL, ACT_OP_DERATE_LOAD, ACT_OP_CONTROLLED_SHUTDOWN, ACT_INSP_THERMAL_ELECTRICAL, ACT_MON_CONTINUE"
DS_CMAPSS_FD002_U19_C162,turbofan_engine,CRITICAL,5,"ACT_REPL_OVERHAUL, ACT_OP_DERATE_LOAD, ACT_OP_CONTROLLED_SHUTDOWN, ACT_INSP_THERMAL_ELECTRICAL, ACT_MON_CONTINUE"
DS_CMAPSS_FD002_U19_C81,turbofan_engine,WATCH,4,"ACT_MON_ENHANCED, ACT_MON_CONTINUE, ACT_INSP_SUBSYSTEM, ACT_CORR_CALIBRATE"
DS_CMAPSS_FD002_U1_C12,turbofan_engine,HEALTHY,3,"ACT_MON_CONTINUE, ACT_MON_ENHANCED, ACT_MON_PARAMETER_LOG"
DS_CMAPSS_FD002_U1_C148,turbofan_engine,CRITICAL,5,"ACT_REPL_OVERHAUL, ACT_OP_DERATE_LOAD, ACT_OP_CONTROLLED_SHUTDOWN, ACT_INSP_THERMAL_ELECTRICAL, ACT_MON_CONTINUE"
DS_CMAPSS_FD002_U1_C161,turbofan_engine,WATCH,4,"ACT_MON_ENHANCED, ACT_MON_CONTINUE, ACT_INSP_SUBSYSTEM, ACT_CORR_CALIBRATE"
DS_CMAPSS_FD002_U20_C12,turbofan_engine,HEALTHY,3,"ACT_MON_CONTINUE, ACT_MON_ENHANCED, ACT_MON_PARAMETER_LOG"
DS_CMAPSS_FD002_U20_C99,turbofan_engine,DEGRADING,4,"ACT_MON_ENHANCED, ACT_INSP_THERMAL_ELECTRICAL, ACT_OP_DERATE_LOAD, ACT_REPL_OVERHAUL"
DS_CMAPSS_FD002_U2_C219,turbofan_engine,DEGRADING,4,"ACT_MON_ENHANCED, ACT_INSP_THERMAL_ELECTRICAL, ACT_OP_DERATE_LOAD, ACT_REPL_OVERHAUL"
DS_CMAPSS_FD002_U2_C257,turbofan_engine,CRITICAL,5,"ACT_REPL_OVERHAUL, ACT_OP_DERATE_LOAD, ACT_OP_CONTROLLED_SHUTDOWN, ACT_INSP_THERMAL_ELECTRICAL, ACT_MON_CONTINUE"
DS_CMAPSS_FD002_U3_C114,turbofan_engine,WATCH,4,"ACT_MON_ENHANCED, ACT_MON_CONTINUE, ACT_INSP_SUBSYSTEM, ACT_CORR_CALIBRATE"
DS_CMAPSS_FD002_U4_C12,turbofan_engine,HEALTHY,3,"ACT_MON_CONTINUE, ACT_MON_ENHANCED, ACT_MON_PARAMETER_LOG"
DS_CMAPSS_FD002_U4_C135,turbofan_engine,WATCH,4,"ACT_MON_ENHANCED, ACT_MON_CONTINUE, ACT_INSP_SUBSYSTEM, ACT_CORR_CALIBRATE"
DS_CMAPSS_FD002_U4_C185,turbofan_engine,DEGRADING,4,"ACT_MON_ENHANCED, ACT_INSP_THERMAL_ELECTRICAL, ACT_OP_DERATE_LOAD, ACT_REPL_OVERHAUL"
DS_CMAPSS_FD002_U4_C215,turbofan_engine,CRITICAL,5,"ACT_REPL_OVERHAUL, ACT_OP_DERATE_LOAD, ACT_OP_CONTROLLED_SHUTDOWN, ACT_INSP_THERMAL_ELECTRICAL, ACT_MON_CONTINUE"
DS_CMAPSS_FD002_U4_C223,turbofan_engine,CRITICAL,5,"ACT_REPL_OVERHAUL, ACT_OP_DERATE_LOAD, ACT_OP_CONTROLLED_SHUTDOWN, ACT_INSP_THERMAL_ELECTRICAL, ACT_MON_CONTINUE"
DS_CMAPSS_FD002_U4_C230,turbofan_engine,CRITICAL,5,"ACT_REPL_OVERHAUL, ACT_OP_DERATE_LOAD, ACT_OP_CONTROLLED_SHUTDOWN, ACT_INSP_THERMAL_ELECTRICAL, ACT_MON_CONTINUE"
DS_CMAPSS_FD002_U4_C234,turbofan_engine,CRITICAL,5,"ACT_REPL_OVERHAUL, ACT_OP_DERATE_LOAD, ACT_OP_CONTROLLED_SHUTDOWN, ACT_INSP_THERMAL_ELECTRICAL, ACT_MON_CONTINUE"
DS_CMAPSS_FD002_U5_C109,turbofan_engine,DEGRADING,4,"ACT_MON_ENHANCED, ACT_INSP_THERMAL_ELECTRICAL, ACT_OP_DERATE_LOAD, ACT_REPL_OVERHAUL"
DS_CMAPSS_FD002_U5_C61,turbofan_engine,WATCH,4,"ACT_MON_ENHANCED, ACT_MON_CONTINUE, ACT_INSP_SUBSYSTEM, ACT_CORR_CALIBRATE"
DS_CMAPSS_FD002_U6_C12,turbofan_engine,HEALTHY,3,"ACT_MON_CONTINUE, ACT_MON_ENHANCED, ACT_MON_PARAMETER_LOG"
DS_CMAPSS_FD002_U6_C125,turbofan_engine,DEGRADING,4,"ACT_MON_ENHANCED, ACT_INSP_THERMAL_ELECTRICAL, ACT_OP_DERATE_LOAD, ACT_REPL_OVERHAUL"
DS_CMAPSS_FD002_U7_C132,turbofan_engine,DEGRADING,4,"ACT_MON_ENHANCED, ACT_INSP_THERMAL_ELECTRICAL, ACT_OP_DERATE_LOAD, ACT_REPL_OVERHAUL"
DS_CMAPSS_FD002_U7_C85,turbofan_engine,WATCH,4,"ACT_MON_ENHANCED, ACT_MON_CONTINUE, ACT_INSP_SUBSYSTEM, ACT_CORR_CALIBRATE"
DS_CMAPSS_FD002_U8_C139,turbofan_engine,CRITICAL,5,"ACT_REPL_OVERHAUL, ACT_OP_DERATE_LOAD, ACT_OP_CONTROLLED_SHUTDOWN, ACT_INSP_THERMAL_ELECTRICAL, ACT_MON_CONTINUE"
DS_CMAPSS_FD002_U8_C67,turbofan_engine,WATCH,4,"ACT_MON_ENHANCED, ACT_MON_CONTINUE, ACT_INSP_SUBSYSTEM, ACT_CORR_CALIBRATE"
DS_CMAPSS_FD002_U9_C12,turbofan_engine,HEALTHY,3,"ACT_MON_CONTINUE, ACT_MON_ENHANCED, ACT_MON_PARAMETER_LOG"
DS_CMAPSS_FD002_U9_C136,turbofan_engine,DEGRADING,4,"ACT_MON_ENHANCED, ACT_INSP_THERMAL_ELECTRICAL, ACT_OP_DERATE_LOAD, ACT_REPL_OVERHAUL"
DS_CMAPSS_FD002_U9_C88,turbofan_engine,WATCH,4,"ACT_MON_ENHANCED, ACT_MON_CONTINUE, ACT_INSP_SUBSYSTEM, ACT_CORR_CALIBRATE"
DS_CMAPSS_FD003_U2_C233,turbofan_engine,CRITICAL,5,"ACT_REPL_OVERHAUL, ACT_OP_DERATE_LOAD, ACT_OP_CONTROLLED_SHUTDOWN, ACT_INSP_THERMAL_ELECTRICAL, ACT_MON_CONTINUE"
DS_CMAPSS_FD004_U10_C257,turbofan_engine,WATCH,4,"ACT_MON_ENHANCED, ACT_MON_CONTINUE, ACT_INSP_SUBSYSTEM, ACT_CORR_CALIBRATE"
DS_CMAPSS_FD004_U10_C304,turbofan_engine,DEGRADING,4,"ACT_MON_ENHANCED, ACT_INSP_THERMAL_ELECTRICAL, ACT_OP_DERATE_LOAD, ACT_REPL_OVERHAUL"
DS_CMAPSS_FD004_U11_C12,turbofan_engine,HEALTHY,3,"ACT_MON_CONTINUE, ACT_MON_ENHANCED, ACT_MON_PARAMETER_LOG"
DS_CMAPSS_FD004_U11_C251,turbofan_engine,DEGRADING,4,"ACT_MON_ENHANCED, ACT_INSP_THERMAL_ELECTRICAL, ACT_OP_DERATE_LOAD, ACT_REPL_OVERHAUL"
DS_CMAPSS_FD004_U11_C289,turbofan_engine,CRITICAL,5,"ACT_REPL_OVERHAUL, ACT_OP_DERATE_LOAD, ACT_OP_CONTROLLED_SHUTDOWN, ACT_INSP_THERMAL_ELECTRICAL, ACT_MON_CONTINUE"
DS_CMAPSS_FD004_U11_C296,turbofan_engine,CRITICAL,5,"ACT_REPL_OVERHAUL, ACT_OP_DERATE_LOAD, ACT_OP_CONTROLLED_SHUTDOWN, ACT_INSP_THERMAL_ELECTRICAL, ACT_MON_CONTINUE"
DS_CMAPSS_FD004_U11_C300,turbofan_engine,CRITICAL,5,"ACT_REPL_OVERHAUL, ACT_OP_DERATE_LOAD, ACT_OP_CONTROLLED_SHUTDOWN, ACT_INSP_THERMAL_ELECTRICAL, ACT_MON_CONTINUE"
DS_CMAPSS_FD004_U12_C12,turbofan_engine,HEALTHY,3,"ACT_MON_CONTINUE, ACT_MON_ENHANCED, ACT_MON_PARAMETER_LOG"
DS_CMAPSS_FD004_U12_C177,turbofan_engine,WATCH,4,"ACT_MON_ENHANCED, ACT_MON_CONTINUE, ACT_INSP_SUBSYSTEM, ACT_CORR_CALIBRATE"
DS_CMAPSS_FD004_U12_C225,turbofan_engine,DEGRADING,4,"ACT_MON_ENHANCED, ACT_INSP_THERMAL_ELECTRICAL, ACT_OP_DERATE_LOAD, ACT_REPL_OVERHAUL"
DS_CMAPSS_FD004_U12_C267,turbofan_engine,CRITICAL,5,"ACT_REPL_OVERHAUL, ACT_OP_DERATE_LOAD, ACT_OP_CONTROLLED_SHUTDOWN, ACT_INSP_THERMAL_ELECTRICAL, ACT_MON_CONTINUE"
DS_CMAPSS_FD004_U12_C271,turbofan_engine,CRITICAL,5,"ACT_REPL_OVERHAUL, ACT_OP_DERATE_LOAD, ACT_OP_CONTROLLED_SHUTDOWN, ACT_INSP_THERMAL_ELECTRICAL, ACT_MON_CONTINUE"
DS_CMAPSS_FD004_U13_C12,turbofan_engine,HEALTHY,3,"ACT_MON_CONTINUE, ACT_MON_ENHANCED, ACT_MON_PARAMETER_LOG"
DS_CMAPSS_FD004_U13_C206,turbofan_engine,DEGRADING,4,"ACT_MON_ENHANCED, ACT_INSP_THERMAL_ELECTRICAL, ACT_OP_DERATE_LOAD, ACT_REPL_OVERHAUL"
DS_CMAPSS_FD004_U13_C244,turbofan_engine,CRITICAL,5,"ACT_REPL_OVERHAUL, ACT_OP_DERATE_LOAD, ACT_OP_CONTROLLED_SHUTDOWN, ACT_INSP_THERMAL_ELECTRICAL, ACT_MON_CONTINUE"
DS_CMAPSS_FD004_U14_C12,turbofan_engine,HEALTHY,3,"ACT_MON_CONTINUE, ACT_MON_ENHANCED, ACT_MON_PARAMETER_LOG"
DS_CMAPSS_FD004_U14_C150,turbofan_engine,WATCH,4,"ACT_MON_ENHANCED, ACT_MON_CONTINUE, ACT_INSP_SUBSYSTEM, ACT_CORR_CALIBRATE"
DS_CMAPSS_FD004_U14_C203,turbofan_engine,DEGRADING,4,"ACT_MON_ENHANCED, ACT_INSP_THERMAL_ELECTRICAL, ACT_OP_DERATE_LOAD, ACT_REPL_OVERHAUL"
DS_CMAPSS_FD004_U14_C241,turbofan_engine,CRITICAL,5,"ACT_REPL_OVERHAUL, ACT_OP_DERATE_LOAD, ACT_OP_CONTROLLED_SHUTDOWN, ACT_INSP_THERMAL_ELECTRICAL, ACT_MON_CONTINUE"
DS_CMAPSS_FD004_U14_C252,turbofan_engine,CRITICAL,5,"ACT_REPL_OVERHAUL, ACT_OP_DERATE_LOAD, ACT_OP_CONTROLLED_SHUTDOWN, ACT_INSP_THERMAL_ELECTRICAL, ACT_MON_CONTINUE"
DS_CMAPSS_FD004_U15_C109,turbofan_engine,WATCH,4,"ACT_MON_ENHANCED, ACT_MON_CONTINUE, ACT_INSP_SUBSYSTEM, ACT_CORR_CALIBRATE"
DS_CMAPSS_FD004_U15_C12,turbofan_engine,HEALTHY,3,"ACT_MON_CONTINUE, ACT_MON_ENHANCED, ACT_MON_PARAMETER_LOG"
DS_CMAPSS_FD004_U15_C154,turbofan_engine,DEGRADING,4,"ACT_MON_ENHANCED, ACT_INSP_THERMAL_ELECTRICAL, ACT_OP_DERATE_LOAD, ACT_REPL_OVERHAUL"
DS_CMAPSS_FD004_U16_C12,turbofan_engine,HEALTHY,3,"ACT_MON_CONTINUE, ACT_MON_ENHANCED, ACT_MON_PARAMETER_LOG"
DS_CMAPSS_FD004_U16_C134,turbofan_engine,DEGRADING,4,"ACT_MON_ENHANCED, ACT_INSP_THERMAL_ELECTRICAL, ACT_OP_DERATE_LOAD, ACT_REPL_OVERHAUL"
DS_CMAPSS_FD004_U16_C87,turbofan_engine,WATCH,4,"ACT_MON_ENHANCED, ACT_MON_CONTINUE, ACT_INSP_SUBSYSTEM, ACT_CORR_CALIBRATE"
DS_CMAPSS_FD004_U17_C12,turbofan_engine,HEALTHY,3,"ACT_MON_CONTINUE, ACT_MON_ENHANCED, ACT_MON_PARAMETER_LOG"
DS_CMAPSS_FD004_U17_C54,turbofan_engine,WATCH,4,"ACT_MON_ENHANCED, ACT_MON_CONTINUE, ACT_INSP_SUBSYSTEM, ACT_CORR_CALIBRATE"
DS_CMAPSS_FD004_U18_C293,turbofan_engine,DEGRADING,4,"ACT_MON_ENHANCED, ACT_INSP_THERMAL_ELECTRICAL, ACT_OP_DERATE_LOAD, ACT_REPL_OVERHAUL"
DS_CMAPSS_FD004_U18_C338,turbofan_engine,CRITICAL,5,"ACT_REPL_OVERHAUL, ACT_OP_DERATE_LOAD, ACT_OP_CONTROLLED_SHUTDOWN, ACT_INSP_THERMAL_ELECTRICAL, ACT_MON_CONTINUE"
DS_CMAPSS_FD004_U19_C12,turbofan_engine,HEALTHY,3,"ACT_MON_CONTINUE, ACT_MON_ENHANCED, ACT_MON_PARAMETER_LOG"
DS_CMAPSS_FD004_U19_C190,turbofan_engine,CRITICAL,5,"ACT_REPL_OVERHAUL, ACT_OP_DERATE_LOAD, ACT_OP_CONTROLLED_SHUTDOWN, ACT_INSP_THERMAL_ELECTRICAL, ACT_MON_CONTINUE"
DS_CMAPSS_FD004_U1_C12,turbofan_engine,HEALTHY,3,"ACT_MON_CONTINUE, ACT_MON_ENHANCED, ACT_MON_PARAMETER_LOG"
DS_CMAPSS_FD004_U1_C251,turbofan_engine,DEGRADING,4,"ACT_MON_ENHANCED, ACT_INSP_THERMAL_ELECTRICAL, ACT_OP_DERATE_LOAD, ACT_REPL_OVERHAUL"
DS_CMAPSS_FD004_U20_C12,turbofan_engine,HEALTHY,3,"ACT_MON_CONTINUE, ACT_MON_ENHANCED, ACT_MON_PARAMETER_LOG"
DS_CMAPSS_FD004_U20_C131,turbofan_engine,WATCH,4,"ACT_MON_ENHANCED, ACT_MON_CONTINUE, ACT_INSP_SUBSYSTEM, ACT_CORR_CALIBRATE"
DS_CMAPSS_FD004_U2_C12,turbofan_engine,HEALTHY,3,"ACT_MON_CONTINUE, ACT_MON_ENHANCED, ACT_MON_PARAMETER_LOG"
DS_CMAPSS_FD004_U2_C184,turbofan_engine,WATCH,4,"ACT_MON_ENHANCED, ACT_MON_CONTINUE, ACT_INSP_SUBSYSTEM, ACT_CORR_CALIBRATE"
DS_CMAPSS_FD004_U2_C233,turbofan_engine,DEGRADING,4,"ACT_MON_ENHANCED, ACT_INSP_THERMAL_ELECTRICAL, ACT_OP_DERATE_LOAD, ACT_REPL_OVERHAUL"
DS_CMAPSS_FD004_U3_C12,turbofan_engine,HEALTHY,3,"ACT_MON_CONTINUE, ACT_MON_ENHANCED, ACT_MON_PARAMETER_LOG"
DS_CMAPSS_FD004_U3_C205,turbofan_engine,WATCH,4,"ACT_MON_ENHANCED, ACT_MON_CONTINUE, ACT_INSP_SUBSYSTEM, ACT_CORR_CALIBRATE"
DS_CMAPSS_FD004_U3_C257,turbofan_engine,DEGRADING,4,"ACT_MON_ENHANCED, ACT_INSP_THERMAL_ELECTRICAL, ACT_OP_DERATE_LOAD, ACT_REPL_OVERHAUL"
DS_CMAPSS_FD004_U3_C302,turbofan_engine,CRITICAL,5,"ACT_REPL_OVERHAUL, ACT_OP_DERATE_LOAD, ACT_OP_CONTROLLED_SHUTDOWN, ACT_INSP_THERMAL_ELECTRICAL, ACT_MON_CONTINUE"
DS_CMAPSS_FD004_U4_C12,turbofan_engine,HEALTHY,3,"ACT_MON_CONTINUE, ACT_MON_ENHANCED, ACT_MON_PARAMETER_LOG"
DS_CMAPSS_FD004_U4_C181,turbofan_engine,WATCH,4,"ACT_MON_ENHANCED, ACT_MON_CONTINUE, ACT_INSP_SUBSYSTEM, ACT_CORR_CALIBRATE"
DS_CMAPSS_FD004_U4_C224,turbofan_engine,DEGRADING,4,"ACT_MON_ENHANCED, ACT_INSP_THERMAL_ELECTRICAL, ACT_OP_DERATE_LOAD, ACT_REPL_OVERHAUL"
DS_CMAPSS_FD004_U5_C12,turbofan_engine,HEALTHY,3,"ACT_MON_CONTINUE, ACT_MON_ENHANCED, ACT_MON_PARAMETER_LOG"
DS_CMAPSS_FD004_U5_C173,turbofan_engine,CRITICAL,5,"ACT_REPL_OVERHAUL, ACT_OP_DERATE_LOAD, ACT_OP_CONTROLLED_SHUTDOWN, ACT_INSP_THERMAL_ELECTRICAL, ACT_MON_CONTINUE"
DS_CMAPSS_FD004_U5_C181,turbofan_engine,CRITICAL,5,"ACT_REPL_OVERHAUL, ACT_OP_DERATE_LOAD, ACT_OP_CONTROLLED_SHUTDOWN, ACT_INSP_THERMAL_ELECTRICAL, ACT_MON_CONTINUE"
DS_CMAPSS_FD004_U5_C96,turbofan_engine,WATCH,4,"ACT_MON_ENHANCED, ACT_MON_CONTINUE, ACT_INSP_SUBSYSTEM, ACT_CORR_CALIBRATE"
DS_CMAPSS_FD004_U6_C12,turbofan_engine,HEALTHY,3,"ACT_MON_CONTINUE, ACT_MON_ENHANCED, ACT_MON_PARAMETER_LOG"
DS_CMAPSS_FD004_U6_C216,turbofan_engine,WATCH,4,"ACT_MON_ENHANCED, ACT_MON_CONTINUE, ACT_INSP_SUBSYSTEM, ACT_CORR_CALIBRATE"
DS_CMAPSS_FD004_U6_C281,turbofan_engine,DEGRADING,4,"ACT_MON_ENHANCED, ACT_INSP_THERMAL_ELECTRICAL, ACT_OP_DERATE_LOAD, ACT_REPL_OVERHAUL"
DS_CMAPSS_FD004_U7_C171,turbofan_engine,DEGRADING,4,"ACT_MON_ENHANCED, ACT_INSP_THERMAL_ELECTRICAL, ACT_OP_DERATE_LOAD, ACT_REPL_OVERHAUL"
DS_CMAPSS_FD004_U8_C149,turbofan_engine,WATCH,4,"ACT_MON_ENHANCED, ACT_MON_CONTINUE, ACT_INSP_SUBSYSTEM, ACT_CORR_CALIBRATE"
DS_CMAPSS_FD004_U8_C196,turbofan_engine,DEGRADING,4,"ACT_MON_ENHANCED, ACT_INSP_THERMAL_ELECTRICAL, ACT_OP_DERATE_LOAD, ACT_REPL_OVERHAUL"
DS_CMAPSS_FD004_U9_C12,turbofan_engine,HEALTHY,3,"ACT_MON_CONTINUE, ACT_MON_ENHANCED, ACT_MON_PARAMETER_LOG"
DS_CMAPSS_FD004_U9_C284,turbofan_engine,DEGRADING,4,"ACT_MON_ENHANCED, ACT_INSP_THERMAL_ELECTRICAL, ACT_OP_DERATE_LOAD, ACT_REPL_OVERHAUL"
DS_CMAPSS_FD004_U9_C329,turbofan_engine,CRITICAL,5,"ACT_REPL_OVERHAUL, ACT_OP_DERATE_LOAD, ACT_OP_CONTROLLED_SHUTDOWN, ACT_INSP_THERMAL_ELECTRICAL, ACT_MON_CONTINUE"
DS_ETCH_CRIT_1056,etch_tool,CRITICAL,5,"ACT_OP_CONTROLLED_SHUTDOWN, ACT_REPL_OVERHAUL, ACT_OP_DERATE_LOAD, ACT_INSP_SUBSYSTEM, ACT_MON_CONTINUE"
DS_ETCH_CRIT_10572,etch_tool,CRITICAL,5,"ACT_OP_CONTROLLED_SHUTDOWN, ACT_REPL_OVERHAUL, ACT_OP_DERATE_LOAD, ACT_INSP_SUBSYSTEM, ACT_MON_CONTINUE"
DS_ETCH_CRIT_1114,etch_tool,CRITICAL,5,"ACT_OP_CONTROLLED_SHUTDOWN, ACT_REPL_OVERHAUL, ACT_OP_DERATE_LOAD, ACT_INSP_SUBSYSTEM, ACT_MON_CONTINUE"
DS_ETCH_CRIT_117,etch_tool,CRITICAL,5,"ACT_OP_CONTROLLED_SHUTDOWN, ACT_REPL_OVERHAUL, ACT_OP_DERATE_LOAD, ACT_INSP_SUBSYSTEM, ACT_MON_CONTINUE"
DS_ETCH_CRIT_1221,etch_tool,CRITICAL,5,"ACT_OP_CONTROLLED_SHUTDOWN, ACT_REPL_OVERHAUL, ACT_OP_DERATE_LOAD, ACT_INSP_SUBSYSTEM, ACT_MON_CONTINUE"
DS_ETCH_CRIT_1502,etch_tool,CRITICAL,5,"ACT_OP_CONTROLLED_SHUTDOWN, ACT_REPL_OVERHAUL, ACT_OP_DERATE_LOAD, ACT_INSP_SUBSYSTEM, ACT_MON_CONTINUE"
DS_ETCH_CRIT_1971,etch_tool,CRITICAL,5,"ACT_OP_CONTROLLED_SHUTDOWN, ACT_REPL_OVERHAUL, ACT_OP_DERATE_LOAD, ACT_INSP_SUBSYSTEM, ACT_MON_CONTINUE"
DS_ETCH_CRIT_2782,etch_tool,CRITICAL,5,"ACT_OP_CONTROLLED_SHUTDOWN, ACT_REPL_OVERHAUL, ACT_OP_DERATE_LOAD, ACT_INSP_SUBSYSTEM, ACT_MON_CONTINUE"
DS_ETCH_CRIT_3063,etch_tool,CRITICAL,5,"ACT_OP_CONTROLLED_SHUTDOWN, ACT_REPL_OVERHAUL, ACT_OP_DERATE_LOAD, ACT_INSP_SUBSYSTEM, ACT_MON_CONTINUE"
DS_ETCH_CRIT_3665,etch_tool,CRITICAL,5,"ACT_OP_CONTROLLED_SHUTDOWN, ACT_REPL_OVERHAUL, ACT_OP_DERATE_LOAD, ACT_INSP_SUBSYSTEM, ACT_MON_CONTINUE"
DS_ETCH_CRIT_3797,etch_tool,CRITICAL,5,"ACT_OP_CONTROLLED_SHUTDOWN, ACT_REPL_OVERHAUL, ACT_OP_DERATE_LOAD, ACT_INSP_SUBSYSTEM, ACT_MON_CONTINUE"
DS_ETCH_CRIT_4175,etch_tool,CRITICAL,5,"ACT_OP_CONTROLLED_SHUTDOWN, ACT_REPL_OVERHAUL, ACT_OP_DERATE_LOAD, ACT_INSP_SUBSYSTEM, ACT_MON_CONTINUE"
DS_ETCH_CRIT_4184,etch_tool,CRITICAL,5,"ACT_OP_CONTROLLED_SHUTDOWN, ACT_REPL_OVERHAUL, ACT_OP_DERATE_LOAD, ACT_INSP_SUBSYSTEM, ACT_MON_CONTINUE"
DS_ETCH_CRIT_4190,etch_tool,CRITICAL,5,"ACT_OP_CONTROLLED_SHUTDOWN, ACT_REPL_OVERHAUL, ACT_OP_DERATE_LOAD, ACT_INSP_SUBSYSTEM, ACT_MON_CONTINUE"
DS_ETCH_CRIT_4276,etch_tool,CRITICAL,5,"ACT_OP_CONTROLLED_SHUTDOWN, ACT_REPL_OVERHAUL, ACT_OP_DERATE_LOAD, ACT_INSP_SUBSYSTEM, ACT_MON_CONTINUE"
DS_ETCH_CRIT_429,etch_tool,CRITICAL,5,"ACT_OP_CONTROLLED_SHUTDOWN, ACT_REPL_OVERHAUL, ACT_OP_DERATE_LOAD, ACT_INSP_SUBSYSTEM, ACT_MON_CONTINUE"
DS_ETCH_CRIT_4312,etch_tool,CRITICAL,5,"ACT_OP_CONTROLLED_SHUTDOWN, ACT_REPL_OVERHAUL, ACT_OP_DERATE_LOAD, ACT_INSP_SUBSYSTEM, ACT_MON_CONTINUE"
DS_ETCH_CRIT_4420,etch_tool,CRITICAL,5,"ACT_OP_CONTROLLED_SHUTDOWN, ACT_REPL_OVERHAUL, ACT_OP_DERATE_LOAD, ACT_INSP_SUBSYSTEM, ACT_MON_CONTINUE"
DS_ETCH_CRIT_4772,etch_tool,CRITICAL,5,"ACT_OP_CONTROLLED_SHUTDOWN, ACT_REPL_OVERHAUL, ACT_OP_DERATE_LOAD, ACT_INSP_SUBSYSTEM, ACT_MON_CONTINUE"
DS_ETCH_CRIT_4861,etch_tool,CRITICAL,5,"ACT_OP_CONTROLLED_SHUTDOWN, ACT_REPL_OVERHAUL, ACT_OP_DERATE_LOAD, ACT_INSP_SUBSYSTEM, ACT_MON_CONTINUE"
DS_ETCH_CRIT_4985,etch_tool,CRITICAL,5,"ACT_OP_CONTROLLED_SHUTDOWN, ACT_REPL_OVERHAUL, ACT_OP_DERATE_LOAD, ACT_INSP_SUBSYSTEM, ACT_MON_CONTINUE"
DS_ETCH_CRIT_5076,etch_tool,CRITICAL,5,"ACT_OP_CONTROLLED_SHUTDOWN, ACT_REPL_OVERHAUL, ACT_OP_DERATE_LOAD, ACT_INSP_SUBSYSTEM, ACT_MON_CONTINUE"
DS_ETCH_CRIT_5447,etch_tool,CRITICAL,5,"ACT_OP_CONTROLLED_SHUTDOWN, ACT_REPL_OVERHAUL, ACT_OP_DERATE_LOAD, ACT_INSP_SUBSYSTEM, ACT_MON_CONTINUE"
DS_ETCH_CRIT_5737,etch_tool,CRITICAL,5,"ACT_OP_CONTROLLED_SHUTDOWN, ACT_REPL_OVERHAUL, ACT_OP_DERATE_LOAD, ACT_INSP_SUBSYSTEM, ACT_MON_CONTINUE"
DS_ETCH_CRIT_5916,etch_tool,CRITICAL,5,"ACT_OP_CONTROLLED_SHUTDOWN, ACT_REPL_OVERHAUL, ACT_OP_DERATE_LOAD, ACT_INSP_SUBSYSTEM, ACT_MON_CONTINUE"
DS_ETCH_CRIT_5974,etch_tool,CRITICAL,5,"ACT_OP_CONTROLLED_SHUTDOWN, ACT_REPL_OVERHAUL, ACT_OP_DERATE_LOAD, ACT_INSP_SUBSYSTEM, ACT_MON_CONTINUE"
DS_ETCH_CRIT_5976,etch_tool,CRITICAL,5,"ACT_OP_CONTROLLED_SHUTDOWN, ACT_REPL_OVERHAUL, ACT_OP_DERATE_LOAD, ACT_INSP_SUBSYSTEM, ACT_MON_CONTINUE"
DS_ETCH_CRIT_6073,etch_tool,CRITICAL,5,"ACT_OP_CONTROLLED_SHUTDOWN, ACT_REPL_OVERHAUL, ACT_OP_DERATE_LOAD, ACT_INSP_SUBSYSTEM, ACT_MON_CONTINUE"
DS_ETCH_CRIT_6311,etch_tool,CRITICAL,5,"ACT_OP_CONTROLLED_SHUTDOWN, ACT_REPL_OVERHAUL, ACT_OP_DERATE_LOAD, ACT_INSP_SUBSYSTEM, ACT_MON_CONTINUE"
DS_ETCH_CRIT_6469,etch_tool,CRITICAL,5,"ACT_OP_CONTROLLED_SHUTDOWN, ACT_REPL_OVERHAUL, ACT_OP_DERATE_LOAD, ACT_INSP_SUBSYSTEM, ACT_MON_CONTINUE"
DS_ETCH_CRIT_6624,etch_tool,CRITICAL,5,"ACT_OP_CONTROLLED_SHUTDOWN, ACT_REPL_OVERHAUL, ACT_OP_DERATE_LOAD, ACT_INSP_SUBSYSTEM, ACT_MON_CONTINUE"
DS_ETCH_CRIT_6665,etch_tool,CRITICAL,5,"ACT_OP_CONTROLLED_SHUTDOWN, ACT_REPL_OVERHAUL, ACT_OP_DERATE_LOAD, ACT_INSP_SUBSYSTEM, ACT_MON_CONTINUE"
DS_ETCH_CRIT_6775,etch_tool,CRITICAL,5,"ACT_OP_CONTROLLED_SHUTDOWN, ACT_REPL_OVERHAUL, ACT_OP_DERATE_LOAD, ACT_INSP_SUBSYSTEM, ACT_MON_CONTINUE"
DS_ETCH_CRIT_6962,etch_tool,CRITICAL,5,"ACT_OP_CONTROLLED_SHUTDOWN, ACT_REPL_OVERHAUL, ACT_OP_DERATE_LOAD, ACT_INSP_SUBSYSTEM, ACT_MON_CONTINUE"
DS_ETCH_CRIT_7101,etch_tool,CRITICAL,5,"ACT_OP_CONTROLLED_SHUTDOWN, ACT_REPL_OVERHAUL, ACT_OP_DERATE_LOAD, ACT_INSP_SUBSYSTEM, ACT_MON_CONTINUE"
DS_ETCH_CRIT_7353,etch_tool,CRITICAL,5,"ACT_OP_CONTROLLED_SHUTDOWN, ACT_REPL_OVERHAUL, ACT_OP_DERATE_LOAD, ACT_INSP_SUBSYSTEM, ACT_MON_CONTINUE"
DS_ETCH_CRIT_7614,etch_tool,CRITICAL,5,"ACT_OP_CONTROLLED_SHUTDOWN, ACT_REPL_OVERHAUL, ACT_OP_DERATE_LOAD, ACT_INSP_SUBSYSTEM, ACT_MON_CONTINUE"
DS_ETCH_CRIT_8,etch_tool,CRITICAL,5,"ACT_OP_CONTROLLED_SHUTDOWN, ACT_REPL_OVERHAUL, ACT_OP_DERATE_LOAD, ACT_INSP_SUBSYSTEM, ACT_MON_CONTINUE"
DS_ETCH_CRIT_8251,etch_tool,CRITICAL,5,"ACT_OP_CONTROLLED_SHUTDOWN, ACT_REPL_OVERHAUL, ACT_OP_DERATE_LOAD, ACT_INSP_SUBSYSTEM, ACT_MON_CONTINUE"
DS_ETCH_CRIT_8708,etch_tool,CRITICAL,5,"ACT_OP_CONTROLLED_SHUTDOWN, ACT_REPL_OVERHAUL, ACT_OP_DERATE_LOAD, ACT_INSP_SUBSYSTEM, ACT_MON_CONTINUE"
DS_ETCH_CRIT_8942,etch_tool,CRITICAL,5,"ACT_OP_CONTROLLED_SHUTDOWN, ACT_REPL_OVERHAUL, ACT_OP_DERATE_LOAD, ACT_INSP_SUBSYSTEM, ACT_MON_CONTINUE"
DS_ETCH_CRIT_9000,etch_tool,CRITICAL,5,"ACT_OP_CONTROLLED_SHUTDOWN, ACT_REPL_OVERHAUL, ACT_OP_DERATE_LOAD, ACT_INSP_SUBSYSTEM, ACT_MON_CONTINUE"
DS_ETCH_CRIT_9039,etch_tool,CRITICAL,5,"ACT_OP_CONTROLLED_SHUTDOWN, ACT_REPL_OVERHAUL, ACT_OP_DERATE_LOAD, ACT_INSP_SUBSYSTEM, ACT_MON_CONTINUE"
DS_ETCH_CRIT_914,etch_tool,CRITICAL,5,"ACT_OP_CONTROLLED_SHUTDOWN, ACT_REPL_OVERHAUL, ACT_OP_DERATE_LOAD, ACT_INSP_SUBSYSTEM, ACT_MON_CONTINUE"
DS_ETCH_CRIT_9682,etch_tool,CRITICAL,5,"ACT_OP_CONTROLLED_SHUTDOWN, ACT_REPL_OVERHAUL, ACT_OP_DERATE_LOAD, ACT_INSP_SUBSYSTEM, ACT_MON_CONTINUE"
DS_ETCH_HEALTHY_10129,etch_tool,HEALTHY,3,"ACT_MON_CONTINUE, ACT_MON_ENHANCED, ACT_INSP_SUBSYSTEM"
DS_ETCH_HEALTHY_10382,etch_tool,HEALTHY,3,"ACT_MON_CONTINUE, ACT_MON_ENHANCED, ACT_INSP_SUBSYSTEM"
DS_ETCH_HEALTHY_10461,etch_tool,HEALTHY,3,"ACT_MON_CONTINUE, ACT_MON_ENHANCED, ACT_INSP_SUBSYSTEM"
DS_ETCH_HEALTHY_1094,etch_tool,HEALTHY,3,"ACT_MON_CONTINUE, ACT_MON_ENHANCED, ACT_INSP_SUBSYSTEM"
DS_ETCH_HEALTHY_1596,etch_tool,HEALTHY,3,"ACT_MON_CONTINUE, ACT_MON_ENHANCED, ACT_INSP_SUBSYSTEM"
DS_ETCH_HEALTHY_1882,etch_tool,HEALTHY,3,"ACT_MON_CONTINUE, ACT_MON_ENHANCED, ACT_INSP_SUBSYSTEM"
DS_ETCH_HEALTHY_1942,etch_tool,HEALTHY,3,"ACT_MON_CONTINUE, ACT_MON_ENHANCED, ACT_INSP_SUBSYSTEM"
DS_ETCH_HEALTHY_2094,etch_tool,HEALTHY,3,"ACT_MON_CONTINUE, ACT_MON_ENHANCED, ACT_INSP_SUBSYSTEM"
DS_ETCH_HEALTHY_2382,etch_tool,HEALTHY,3,"ACT_MON_CONTINUE, ACT_MON_ENHANCED, ACT_INSP_SUBSYSTEM"
DS_ETCH_HEALTHY_2446,etch_tool,HEALTHY,3,"ACT_MON_CONTINUE, ACT_MON_ENHANCED, ACT_INSP_SUBSYSTEM"
DS_ETCH_HEALTHY_2598,etch_tool,HEALTHY,3,"ACT_MON_CONTINUE, ACT_MON_ENHANCED, ACT_INSP_SUBSYSTEM"
DS_ETCH_HEALTHY_275,etch_tool,HEALTHY,3,"ACT_MON_CONTINUE, ACT_MON_ENHANCED, ACT_INSP_SUBSYSTEM"
DS_ETCH_HEALTHY_2969,etch_tool,HEALTHY,3,"ACT_MON_CONTINUE, ACT_MON_ENHANCED, ACT_INSP_SUBSYSTEM"
DS_ETCH_HEALTHY_3043,etch_tool,HEALTHY,3,"ACT_MON_CONTINUE, ACT_MON_ENHANCED, ACT_INSP_SUBSYSTEM"
DS_ETCH_HEALTHY_3306,etch_tool,HEALTHY,3,"ACT_MON_CONTINUE, ACT_MON_ENHANCED, ACT_INSP_SUBSYSTEM"
DS_ETCH_HEALTHY_3549,etch_tool,HEALTHY,3,"ACT_MON_CONTINUE, ACT_MON_ENHANCED, ACT_INSP_SUBSYSTEM"
DS_ETCH_HEALTHY_3551,etch_tool,HEALTHY,3,"ACT_MON_CONTINUE, ACT_MON_ENHANCED, ACT_INSP_SUBSYSTEM"
DS_ETCH_HEALTHY_3829,etch_tool,HEALTHY,3,"ACT_MON_CONTINUE, ACT_MON_ENHANCED, ACT_INSP_SUBSYSTEM"
DS_ETCH_HEALTHY_4,etch_tool,HEALTHY,3,"ACT_MON_CONTINUE, ACT_MON_ENHANCED, ACT_INSP_SUBSYSTEM"
DS_ETCH_HEALTHY_4424,etch_tool,HEALTHY,3,"ACT_MON_CONTINUE, ACT_MON_ENHANCED, ACT_INSP_SUBSYSTEM"
DS_ETCH_HEALTHY_5019,etch_tool,HEALTHY,3,"ACT_MON_CONTINUE, ACT_MON_ENHANCED, ACT_INSP_SUBSYSTEM"
DS_ETCH_HEALTHY_5511,etch_tool,HEALTHY,3,"ACT_MON_CONTINUE, ACT_MON_ENHANCED, ACT_INSP_SUBSYSTEM"
DS_ETCH_HEALTHY_556,etch_tool,HEALTHY,3,"ACT_MON_CONTINUE, ACT_MON_ENHANCED, ACT_INSP_SUBSYSTEM"
DS_ETCH_HEALTHY_5911,etch_tool,HEALTHY,3,"ACT_MON_CONTINUE, ACT_MON_ENHANCED, ACT_INSP_SUBSYSTEM"
DS_ETCH_HEALTHY_6143,etch_tool,HEALTHY,3,"ACT_MON_CONTINUE, ACT_MON_ENHANCED, ACT_INSP_SUBSYSTEM"
DS_ETCH_HEALTHY_6206,etch_tool,HEALTHY,3,"ACT_MON_CONTINUE, ACT_MON_ENHANCED, ACT_INSP_SUBSYSTEM"
DS_ETCH_HEALTHY_6318,etch_tool,HEALTHY,3,"ACT_MON_CONTINUE, ACT_MON_ENHANCED, ACT_INSP_SUBSYSTEM"
DS_ETCH_HEALTHY_6573,etch_tool,HEALTHY,3,"ACT_MON_CONTINUE, ACT_MON_ENHANCED, ACT_INSP_SUBSYSTEM"
DS_ETCH_HEALTHY_691,etch_tool,HEALTHY,3,"ACT_MON_CONTINUE, ACT_MON_ENHANCED, ACT_INSP_SUBSYSTEM"
DS_ETCH_HEALTHY_6918,etch_tool,HEALTHY,3,"ACT_MON_CONTINUE, ACT_MON_ENHANCED, ACT_INSP_SUBSYSTEM"
DS_ETCH_HEALTHY_7053,etch_tool,HEALTHY,3,"ACT_MON_CONTINUE, ACT_MON_ENHANCED, ACT_INSP_SUBSYSTEM"
DS_ETCH_HEALTHY_7429,etch_tool,HEALTHY,3,"ACT_MON_CONTINUE, ACT_MON_ENHANCED, ACT_INSP_SUBSYSTEM"
DS_ETCH_HEALTHY_7851,etch_tool,HEALTHY,3,"ACT_MON_CONTINUE, ACT_MON_ENHANCED, ACT_INSP_SUBSYSTEM"
DS_ETCH_HEALTHY_818,etch_tool,HEALTHY,3,"ACT_MON_CONTINUE, ACT_MON_ENHANCED, ACT_INSP_SUBSYSTEM"
DS_ETCH_HEALTHY_8353,etch_tool,HEALTHY,3,"ACT_MON_CONTINUE, ACT_MON_ENHANCED, ACT_INSP_SUBSYSTEM"
DS_ETCH_HEALTHY_8366,etch_tool,HEALTHY,3,"ACT_MON_CONTINUE, ACT_MON_ENHANCED, ACT_INSP_SUBSYSTEM"
DS_ETCH_HEALTHY_8752,etch_tool,HEALTHY,3,"ACT_MON_CONTINUE, ACT_MON_ENHANCED, ACT_INSP_SUBSYSTEM"
DS_ETCH_HEALTHY_9060,etch_tool,HEALTHY,3,"ACT_MON_CONTINUE, ACT_MON_ENHANCED, ACT_INSP_SUBSYSTEM"
DS_ETCH_HEALTHY_9157,etch_tool,HEALTHY,3,"ACT_MON_CONTINUE, ACT_MON_ENHANCED, ACT_INSP_SUBSYSTEM"
DS_ETCH_HEALTHY_916,etch_tool,HEALTHY,3,"ACT_MON_CONTINUE, ACT_MON_ENHANCED, ACT_INSP_SUBSYSTEM"
DS_ETCH_HEALTHY_9694,etch_tool,HEALTHY,3,"ACT_MON_CONTINUE, ACT_MON_ENHANCED, ACT_INSP_SUBSYSTEM"
DS_ETCH_HEALTHY_974,etch_tool,HEALTHY,3,"ACT_MON_CONTINUE, ACT_MON_ENHANCED, ACT_INSP_SUBSYSTEM"
DS_ETCH_HEALTHY_9803,etch_tool,HEALTHY,3,"ACT_MON_CONTINUE, ACT_MON_ENHANCED, ACT_INSP_SUBSYSTEM"
DS_ETCH_HEALTHY_9888,etch_tool,HEALTHY,3,"ACT_MON_CONTINUE, ACT_MON_ENHANCED, ACT_INSP_SUBSYSTEM"
DS_ETCH_HEALTHY_9965,etch_tool,HEALTHY,3,"ACT_MON_CONTINUE, ACT_MON_ENHANCED, ACT_INSP_SUBSYSTEM"
DS_HYDR_CRIT_1081,hydraulic_test_rig,CRITICAL,5,"ACT_REPL_SEAL_VALVE, ACT_OP_CONTROLLED_SHUTDOWN, ACT_CORR_CLEAN_PURGE, ACT_INSP_PRESSURE_HYDRAULIC, ACT_MON_CONTINUE"
DS_HYDR_CRIT_1107,hydraulic_test_rig,CRITICAL,5,"ACT_REPL_SEAL_VALVE, ACT_OP_CONTROLLED_SHUTDOWN, ACT_CORR_CLEAN_PURGE, ACT_INSP_PRESSURE_HYDRAULIC, ACT_MON_CONTINUE"
DS_HYDR_CRIT_1343,hydraulic_test_rig,CRITICAL,5,"ACT_REPL_SEAL_VALVE, ACT_OP_CONTROLLED_SHUTDOWN, ACT_CORR_CLEAN_PURGE, ACT_INSP_PRESSURE_HYDRAULIC, ACT_MON_CONTINUE"
DS_HYDR_CRIT_135,hydraulic_test_rig,CRITICAL,5,"ACT_REPL_SEAL_VALVE, ACT_OP_CONTROLLED_SHUTDOWN, ACT_CORR_CLEAN_PURGE, ACT_INSP_PRESSURE_HYDRAULIC, ACT_MON_CONTINUE"
DS_HYDR_CRIT_1556,hydraulic_test_rig,CRITICAL,5,"ACT_REPL_SEAL_VALVE, ACT_OP_CONTROLLED_SHUTDOWN, ACT_CORR_CLEAN_PURGE, ACT_INSP_PRESSURE_HYDRAULIC, ACT_MON_CONTINUE"
DS_HYDR_CRIT_1617,hydraulic_test_rig,CRITICAL,5,"ACT_REPL_SEAL_VALVE, ACT_OP_CONTROLLED_SHUTDOWN, ACT_CORR_CLEAN_PURGE, ACT_INSP_PRESSURE_HYDRAULIC, ACT_MON_CONTINUE"
DS_HYDR_CRIT_1681,hydraulic_test_rig,CRITICAL,5,"ACT_REPL_SEAL_VALVE, ACT_OP_CONTROLLED_SHUTDOWN, ACT_CORR_CLEAN_PURGE, ACT_INSP_PRESSURE_HYDRAULIC, ACT_MON_CONTINUE"
DS_HYDR_CRIT_173,hydraulic_test_rig,CRITICAL,5,"ACT_REPL_SEAL_VALVE, ACT_OP_CONTROLLED_SHUTDOWN, ACT_CORR_CLEAN_PURGE, ACT_INSP_PRESSURE_HYDRAULIC, ACT_MON_CONTINUE"
DS_HYDR_CRIT_1956,hydraulic_test_rig,CRITICAL,5,"ACT_REPL_SEAL_VALVE, ACT_OP_CONTROLLED_SHUTDOWN, ACT_CORR_CLEAN_PURGE, ACT_INSP_PRESSURE_HYDRAULIC, ACT_MON_CONTINUE"
DS_HYDR_CRIT_2111,hydraulic_test_rig,CRITICAL,5,"ACT_REPL_SEAL_VALVE, ACT_OP_CONTROLLED_SHUTDOWN, ACT_CORR_CLEAN_PURGE, ACT_INSP_PRESSURE_HYDRAULIC, ACT_MON_CONTINUE"
DS_HYDR_CRIT_2173,hydraulic_test_rig,CRITICAL,5,"ACT_REPL_SEAL_VALVE, ACT_OP_CONTROLLED_SHUTDOWN, ACT_CORR_CLEAN_PURGE, ACT_INSP_PRESSURE_HYDRAULIC, ACT_MON_CONTINUE"
DS_HYDR_CRIT_23,hydraulic_test_rig,CRITICAL,5,"ACT_REPL_SEAL_VALVE, ACT_OP_CONTROLLED_SHUTDOWN, ACT_CORR_CLEAN_PURGE, ACT_INSP_PRESSURE_HYDRAULIC, ACT_MON_CONTINUE"
DS_HYDR_CRIT_259,hydraulic_test_rig,CRITICAL,5,"ACT_REPL_SEAL_VALVE, ACT_OP_CONTROLLED_SHUTDOWN, ACT_CORR_CLEAN_PURGE, ACT_INSP_PRESSURE_HYDRAULIC, ACT_MON_CONTINUE"
DS_HYDR_CRIT_29,hydraulic_test_rig,CRITICAL,5,"ACT_REPL_SEAL_VALVE, ACT_OP_CONTROLLED_SHUTDOWN, ACT_CORR_CLEAN_PURGE, ACT_INSP_PRESSURE_HYDRAULIC, ACT_MON_CONTINUE"
DS_HYDR_CRIT_298,hydraulic_test_rig,CRITICAL,5,"ACT_REPL_SEAL_VALVE, ACT_OP_CONTROLLED_SHUTDOWN, ACT_CORR_CLEAN_PURGE, ACT_INSP_PRESSURE_HYDRAULIC, ACT_MON_CONTINUE"
DS_HYDR_CRIT_352,hydraulic_test_rig,CRITICAL,5,"ACT_REPL_SEAL_VALVE, ACT_OP_CONTROLLED_SHUTDOWN, ACT_CORR_CLEAN_PURGE, ACT_INSP_PRESSURE_HYDRAULIC, ACT_MON_CONTINUE"
DS_HYDR_CRIT_383,hydraulic_test_rig,CRITICAL,5,"ACT_REPL_SEAL_VALVE, ACT_OP_CONTROLLED_SHUTDOWN, ACT_CORR_CLEAN_PURGE, ACT_INSP_PRESSURE_HYDRAULIC, ACT_MON_CONTINUE"
DS_HYDR_CRIT_405,hydraulic_test_rig,CRITICAL,5,"ACT_REPL_SEAL_VALVE, ACT_OP_CONTROLLED_SHUTDOWN, ACT_CORR_CLEAN_PURGE, ACT_INSP_PRESSURE_HYDRAULIC, ACT_MON_CONTINUE"
DS_HYDR_CRIT_408,hydraulic_test_rig,CRITICAL,5,"ACT_REPL_SEAL_VALVE, ACT_OP_CONTROLLED_SHUTDOWN, ACT_CORR_CLEAN_PURGE, ACT_INSP_PRESSURE_HYDRAULIC, ACT_MON_CONTINUE"
DS_HYDR_CRIT_438,hydraulic_test_rig,CRITICAL,5,"ACT_REPL_SEAL_VALVE, ACT_OP_CONTROLLED_SHUTDOWN, ACT_CORR_CLEAN_PURGE, ACT_INSP_PRESSURE_HYDRAULIC, ACT_MON_CONTINUE"
DS_HYDR_CRIT_450,hydraulic_test_rig,CRITICAL,5,"ACT_REPL_SEAL_VALVE, ACT_OP_CONTROLLED_SHUTDOWN, ACT_CORR_CLEAN_PURGE, ACT_INSP_PRESSURE_HYDRAULIC, ACT_MON_CONTINUE"
DS_HYDR_CRIT_471,hydraulic_test_rig,CRITICAL,5,"ACT_REPL_SEAL_VALVE, ACT_OP_CONTROLLED_SHUTDOWN, ACT_CORR_CLEAN_PURGE, ACT_INSP_PRESSURE_HYDRAULIC, ACT_MON_CONTINUE"
DS_HYDR_CRIT_483,hydraulic_test_rig,CRITICAL,5,"ACT_REPL_SEAL_VALVE, ACT_OP_CONTROLLED_SHUTDOWN, ACT_CORR_CLEAN_PURGE, ACT_INSP_PRESSURE_HYDRAULIC, ACT_MON_CONTINUE"
DS_HYDR_CRIT_486,hydraulic_test_rig,CRITICAL,5,"ACT_REPL_SEAL_VALVE, ACT_OP_CONTROLLED_SHUTDOWN, ACT_CORR_CLEAN_PURGE, ACT_INSP_PRESSURE_HYDRAULIC, ACT_MON_CONTINUE"
DS_HYDR_CRIT_576,hydraulic_test_rig,CRITICAL,5,"ACT_REPL_SEAL_VALVE, ACT_OP_CONTROLLED_SHUTDOWN, ACT_CORR_CLEAN_PURGE, ACT_INSP_PRESSURE_HYDRAULIC, ACT_MON_CONTINUE"
DS_HYDR_CRIT_596,hydraulic_test_rig,CRITICAL,5,"ACT_REPL_SEAL_VALVE, ACT_OP_CONTROLLED_SHUTDOWN, ACT_CORR_CLEAN_PURGE, ACT_INSP_PRESSURE_HYDRAULIC, ACT_MON_CONTINUE"
DS_HYDR_CRIT_613,hydraulic_test_rig,CRITICAL,5,"ACT_REPL_SEAL_VALVE, ACT_OP_CONTROLLED_SHUTDOWN, ACT_CORR_CLEAN_PURGE, ACT_INSP_PRESSURE_HYDRAULIC, ACT_MON_CONTINUE"
DS_HYDR_CRIT_743,hydraulic_test_rig,CRITICAL,5,"ACT_REPL_SEAL_VALVE, ACT_OP_CONTROLLED_SHUTDOWN, ACT_CORR_CLEAN_PURGE, ACT_INSP_PRESSURE_HYDRAULIC, ACT_MON_CONTINUE"
DS_HYDR_CRIT_846,hydraulic_test_rig,CRITICAL,5,"ACT_REPL_SEAL_VALVE, ACT_OP_CONTROLLED_SHUTDOWN, ACT_CORR_CLEAN_PURGE, ACT_INSP_PRESSURE_HYDRAULIC, ACT_MON_CONTINUE"
DS_HYDR_CRIT_889,hydraulic_test_rig,CRITICAL,5,"ACT_REPL_SEAL_VALVE, ACT_OP_CONTROLLED_SHUTDOWN, ACT_CORR_CLEAN_PURGE, ACT_INSP_PRESSURE_HYDRAULIC, ACT_MON_CONTINUE"
DS_HYDR_DEG_1003,hydraulic_test_rig,DEGRADING,4,"ACT_MON_ENHANCED, ACT_INSP_PRESSURE_HYDRAULIC, ACT_REPL_SEAL_VALVE, ACT_CORR_CLEAN_PURGE"
DS_HYDR_DEG_1012,hydraulic_test_rig,DEGRADING,4,"ACT_MON_ENHANCED, ACT_INSP_PRESSURE_HYDRAULIC, ACT_REPL_SEAL_VALVE, ACT_CORR_CLEAN_PURGE"
DS_HYDR_DEG_1049,hydraulic_test_rig,DEGRADING,4,"ACT_MON_ENHANCED, ACT_INSP_PRESSURE_HYDRAULIC, ACT_REPL_SEAL_VALVE, ACT_CORR_CLEAN_PURGE"
DS_HYDR_DEG_1051,hydraulic_test_rig,DEGRADING,4,"ACT_MON_ENHANCED, ACT_INSP_PRESSURE_HYDRAULIC, ACT_REPL_SEAL_VALVE, ACT_CORR_CLEAN_PURGE"
DS_HYDR_DEG_1052,hydraulic_test_rig,DEGRADING,4,"ACT_MON_ENHANCED, ACT_INSP_PRESSURE_HYDRAULIC, ACT_REPL_SEAL_VALVE, ACT_CORR_CLEAN_PURGE"
DS_HYDR_DEG_1055,hydraulic_test_rig,DEGRADING,4,"ACT_MON_ENHANCED, ACT_INSP_PRESSURE_HYDRAULIC, ACT_REPL_SEAL_VALVE, ACT_CORR_CLEAN_PURGE"
DS_HYDR_DEG_1063,hydraulic_test_rig,DEGRADING,4,"ACT_MON_ENHANCED, ACT_INSP_PRESSURE_HYDRAULIC, ACT_REPL_SEAL_VALVE, ACT_CORR_CLEAN_PURGE"
DS_HYDR_DEG_1074,hydraulic_test_rig,DEGRADING,4,"ACT_MON_ENHANCED, ACT_INSP_PRESSURE_HYDRAULIC, ACT_REPL_SEAL_VALVE, ACT_CORR_CLEAN_PURGE"
DS_HYDR_DEG_1138,hydraulic_test_rig,DEGRADING,4,"ACT_MON_ENHANCED, ACT_INSP_PRESSURE_HYDRAULIC, ACT_REPL_SEAL_VALVE, ACT_CORR_CLEAN_PURGE"
DS_HYDR_DEG_1145,hydraulic_test_rig,DEGRADING,4,"ACT_MON_ENHANCED, ACT_INSP_PRESSURE_HYDRAULIC, ACT_REPL_SEAL_VALVE, ACT_CORR_CLEAN_PURGE"
DS_HYDR_DEG_1154,hydraulic_test_rig,DEGRADING,4,"ACT_MON_ENHANCED, ACT_INSP_PRESSURE_HYDRAULIC, ACT_REPL_SEAL_VALVE, ACT_CORR_CLEAN_PURGE"
DS_HYDR_DEG_1171,hydraulic_test_rig,DEGRADING,4,"ACT_MON_ENHANCED, ACT_INSP_PRESSURE_HYDRAULIC, ACT_REPL_SEAL_VALVE, ACT_CORR_CLEAN_PURGE"
DS_HYDR_DEG_1266,hydraulic_test_rig,DEGRADING,4,"ACT_MON_ENHANCED, ACT_INSP_PRESSURE_HYDRAULIC, ACT_REPL_SEAL_VALVE, ACT_CORR_CLEAN_PURGE"
DS_HYDR_DEG_1280,hydraulic_test_rig,DEGRADING,4,"ACT_MON_ENHANCED, ACT_INSP_PRESSURE_HYDRAULIC, ACT_REPL_SEAL_VALVE, ACT_CORR_CLEAN_PURGE"
DS_HYDR_DEG_1286,hydraulic_test_rig,DEGRADING,4,"ACT_MON_ENHANCED, ACT_INSP_PRESSURE_HYDRAULIC, ACT_REPL_SEAL_VALVE, ACT_CORR_CLEAN_PURGE"
DS_HYDR_DEG_1725,hydraulic_test_rig,DEGRADING,4,"ACT_MON_ENHANCED, ACT_INSP_PRESSURE_HYDRAULIC, ACT_REPL_SEAL_VALVE, ACT_CORR_CLEAN_PURGE"
DS_HYDR_DEG_1730,hydraulic_test_rig,DEGRADING,4,"ACT_MON_ENHANCED, ACT_INSP_PRESSURE_HYDRAULIC, ACT_REPL_SEAL_VALVE, ACT_CORR_CLEAN_PURGE"
DS_HYDR_DEG_1735,hydraulic_test_rig,DEGRADING,4,"ACT_MON_ENHANCED, ACT_INSP_PRESSURE_HYDRAULIC, ACT_REPL_SEAL_VALVE, ACT_CORR_CLEAN_PURGE"
DS_HYDR_DEG_1736,hydraulic_test_rig,DEGRADING,4,"ACT_MON_ENHANCED, ACT_INSP_PRESSURE_HYDRAULIC, ACT_REPL_SEAL_VALVE, ACT_CORR_CLEAN_PURGE"
DS_HYDR_DEG_1749,hydraulic_test_rig,DEGRADING,4,"ACT_MON_ENHANCED, ACT_INSP_PRESSURE_HYDRAULIC, ACT_REPL_SEAL_VALVE, ACT_CORR_CLEAN_PURGE"
DS_HYDR_DEG_1856,hydraulic_test_rig,DEGRADING,4,"ACT_MON_ENHANCED, ACT_INSP_PRESSURE_HYDRAULIC, ACT_REPL_SEAL_VALVE, ACT_CORR_CLEAN_PURGE"
DS_HYDR_DEG_1869,hydraulic_test_rig,DEGRADING,4,"ACT_MON_ENHANCED, ACT_INSP_PRESSURE_HYDRAULIC, ACT_REPL_SEAL_VALVE, ACT_CORR_CLEAN_PURGE"
DS_HYDR_DEG_1884,hydraulic_test_rig,DEGRADING,4,"ACT_MON_ENHANCED, ACT_INSP_PRESSURE_HYDRAULIC, ACT_REPL_SEAL_VALVE, ACT_CORR_CLEAN_PURGE"
DS_HYDR_DEG_1887,hydraulic_test_rig,DEGRADING,4,"ACT_MON_ENHANCED, ACT_INSP_PRESSURE_HYDRAULIC, ACT_REPL_SEAL_VALVE, ACT_CORR_CLEAN_PURGE"
DS_HYDR_DEG_2008,hydraulic_test_rig,DEGRADING,4,"ACT_MON_ENHANCED, ACT_INSP_PRESSURE_HYDRAULIC, ACT_REPL_SEAL_VALVE, ACT_CORR_CLEAN_PURGE"
DS_HYDR_DEG_2012,hydraulic_test_rig,DEGRADING,4,"ACT_MON_ENHANCED, ACT_INSP_PRESSURE_HYDRAULIC, ACT_REPL_SEAL_VALVE, ACT_CORR_CLEAN_PURGE"
DS_HYDR_DEG_2020,hydraulic_test_rig,DEGRADING,4,"ACT_MON_ENHANCED, ACT_INSP_PRESSURE_HYDRAULIC, ACT_REPL_SEAL_VALVE, ACT_CORR_CLEAN_PURGE"
DS_HYDR_DEG_2028,hydraulic_test_rig,DEGRADING,4,"ACT_MON_ENHANCED, ACT_INSP_PRESSURE_HYDRAULIC, ACT_REPL_SEAL_VALVE, ACT_CORR_CLEAN_PURGE"
DS_HYDR_DEG_2050,hydraulic_test_rig,DEGRADING,4,"ACT_MON_ENHANCED, ACT_INSP_PRESSURE_HYDRAULIC, ACT_REPL_SEAL_VALVE, ACT_CORR_CLEAN_PURGE"
DS_HYDR_DEG_2054,hydraulic_test_rig,DEGRADING,4,"ACT_MON_ENHANCED, ACT_INSP_PRESSURE_HYDRAULIC, ACT_REPL_SEAL_VALVE, ACT_CORR_CLEAN_PURGE"
DS_HYDR_DEG_2058,hydraulic_test_rig,DEGRADING,4,"ACT_MON_ENHANCED, ACT_INSP_PRESSURE_HYDRAULIC, ACT_REPL_SEAL_VALVE, ACT_CORR_CLEAN_PURGE"
DS_HYDR_DEG_2060,hydraulic_test_rig,DEGRADING,4,"ACT_MON_ENHANCED, ACT_INSP_PRESSURE_HYDRAULIC, ACT_REPL_SEAL_VALVE, ACT_CORR_CLEAN_PURGE"
DS_HYDR_DEG_2061,hydraulic_test_rig,DEGRADING,4,"ACT_MON_ENHANCED, ACT_INSP_PRESSURE_HYDRAULIC, ACT_REPL_SEAL_VALVE, ACT_CORR_CLEAN_PURGE"
DS_HYDR_DEG_932,hydraulic_test_rig,DEGRADING,4,"ACT_MON_ENHANCED, ACT_INSP_PRESSURE_HYDRAULIC, ACT_REPL_SEAL_VALVE, ACT_CORR_CLEAN_PURGE"
DS_HYDR_DEG_984,hydraulic_test_rig,DEGRADING,4,"ACT_MON_ENHANCED, ACT_INSP_PRESSURE_HYDRAULIC, ACT_REPL_SEAL_VALVE, ACT_CORR_CLEAN_PURGE"
DS_HYDR_DEG_988,hydraulic_test_rig,DEGRADING,4,"ACT_MON_ENHANCED, ACT_INSP_PRESSURE_HYDRAULIC, ACT_REPL_SEAL_VALVE, ACT_CORR_CLEAN_PURGE"
DS_HYDR_HEALTHY_1797,hydraulic_test_rig,HEALTHY,3,"ACT_MON_CONTINUE, ACT_MON_ENHANCED, ACT_MON_PARAMETER_LOG"
DS_HYDR_HEALTHY_1798,hydraulic_test_rig,HEALTHY,3,"ACT_MON_CONTINUE, ACT_MON_ENHANCED, ACT_MON_PARAMETER_LOG"
DS_HYDR_HEALTHY_1799,hydraulic_test_rig,HEALTHY,3,"ACT_MON_CONTINUE, ACT_MON_ENHANCED, ACT_MON_PARAMETER_LOG"
DS_HYDR_HEALTHY_1800,hydraulic_test_rig,HEALTHY,3,"ACT_MON_CONTINUE, ACT_MON_ENHANCED, ACT_MON_PARAMETER_LOG"
DS_HYDR_HEALTHY_1801,hydraulic_test_rig,HEALTHY,3,"ACT_MON_CONTINUE, ACT_MON_ENHANCED, ACT_MON_PARAMETER_LOG"
DS_HYDR_HEALTHY_1802,hydraulic_test_rig,HEALTHY,3,"ACT_MON_CONTINUE, ACT_MON_ENHANCED, ACT_MON_PARAMETER_LOG"
DS_HYDR_HEALTHY_1803,hydraulic_test_rig,HEALTHY,3,"ACT_MON_CONTINUE, ACT_MON_ENHANCED, ACT_MON_PARAMETER_LOG"
DS_HYDR_HEALTHY_1804,hydraulic_test_rig,HEALTHY,3,"ACT_MON_CONTINUE, ACT_MON_ENHANCED, ACT_MON_PARAMETER_LOG"
DS_HYDR_HEALTHY_1805,hydraulic_test_rig,HEALTHY,3,"ACT_MON_CONTINUE, ACT_MON_ENHANCED, ACT_MON_PARAMETER_LOG"
DS_HYDR_HEALTHY_1806,hydraulic_test_rig,HEALTHY,3,"ACT_MON_CONTINUE, ACT_MON_ENHANCED, ACT_MON_PARAMETER_LOG"
DS_HYDR_HEALTHY_1889,hydraulic_test_rig,HEALTHY,3,"ACT_MON_CONTINUE, ACT_MON_ENHANCED, ACT_MON_PARAMETER_LOG"
DS_HYDR_HEALTHY_1920,hydraulic_test_rig,HEALTHY,3,"ACT_MON_CONTINUE, ACT_MON_ENHANCED, ACT_MON_PARAMETER_LOG"
DS_HYDR_HEALTHY_1921,hydraulic_test_rig,HEALTHY,3,"ACT_MON_CONTINUE, ACT_MON_ENHANCED, ACT_MON_PARAMETER_LOG"
DS_HYDR_HEALTHY_1922,hydraulic_test_rig,HEALTHY,3,"ACT_MON_CONTINUE, ACT_MON_ENHANCED, ACT_MON_PARAMETER_LOG"
DS_HYDR_HEALTHY_1923,hydraulic_test_rig,HEALTHY,3,"ACT_MON_CONTINUE, ACT_MON_ENHANCED, ACT_MON_PARAMETER_LOG"
DS_HYDR_HEALTHY_1924,hydraulic_test_rig,HEALTHY,3,"ACT_MON_CONTINUE, ACT_MON_ENHANCED, ACT_MON_PARAMETER_LOG"
DS_HYDR_HEALTHY_1925,hydraulic_test_rig,HEALTHY,3,"ACT_MON_CONTINUE, ACT_MON_ENHANCED, ACT_MON_PARAMETER_LOG"
DS_HYDR_HEALTHY_1926,hydraulic_test_rig,HEALTHY,3,"ACT_MON_CONTINUE, ACT_MON_ENHANCED, ACT_MON_PARAMETER_LOG"
DS_HYDR_HEALTHY_1927,hydraulic_test_rig,HEALTHY,3,"ACT_MON_CONTINUE, ACT_MON_ENHANCED, ACT_MON_PARAMETER_LOG"
DS_HYDR_HEALTHY_1928,hydraulic_test_rig,HEALTHY,3,"ACT_MON_CONTINUE, ACT_MON_ENHANCED, ACT_MON_PARAMETER_LOG"
DS_HYDR_HEALTHY_1929,hydraulic_test_rig,HEALTHY,3,"ACT_MON_CONTINUE, ACT_MON_ENHANCED, ACT_MON_PARAMETER_LOG"
DS_HYDR_WATCH_1757,hydraulic_test_rig,WATCH,4,"ACT_MON_ENHANCED, ACT_MON_CONTINUE, ACT_INSP_PRESSURE_HYDRAULIC, ACT_CORR_CLEAN_PURGE"
DS_HYDR_WATCH_1758,hydraulic_test_rig,WATCH,4,"ACT_MON_ENHANCED, ACT_MON_CONTINUE, ACT_INSP_PRESSURE_HYDRAULIC, ACT_CORR_CLEAN_PURGE"
DS_HYDR_WATCH_1761,hydraulic_test_rig,WATCH,4,"ACT_MON_ENHANCED, ACT_MON_CONTINUE, ACT_INSP_PRESSURE_HYDRAULIC, ACT_CORR_CLEAN_PURGE"
DS_HYDR_WATCH_1763,hydraulic_test_rig,WATCH,4,"ACT_MON_ENHANCED, ACT_MON_CONTINUE, ACT_INSP_PRESSURE_HYDRAULIC, ACT_CORR_CLEAN_PURGE"
DS_HYDR_WATCH_1766,hydraulic_test_rig,WATCH,4,"ACT_MON_ENHANCED, ACT_MON_CONTINUE, ACT_INSP_PRESSURE_HYDRAULIC, ACT_CORR_CLEAN_PURGE"
DS_HYDR_WATCH_1767,hydraulic_test_rig,WATCH,4,"ACT_MON_ENHANCED, ACT_MON_CONTINUE, ACT_INSP_PRESSURE_HYDRAULIC, ACT_CORR_CLEAN_PURGE"
DS_HYDR_WATCH_1769,hydraulic_test_rig,WATCH,4,"ACT_MON_ENHANCED, ACT_MON_CONTINUE, ACT_INSP_PRESSURE_HYDRAULIC, ACT_CORR_CLEAN_PURGE"
DS_HYDR_WATCH_1770,hydraulic_test_rig,WATCH,4,"ACT_MON_ENHANCED, ACT_MON_CONTINUE, ACT_INSP_PRESSURE_HYDRAULIC, ACT_CORR_CLEAN_PURGE"
DS_HYDR_WATCH_1772,hydraulic_test_rig,WATCH,4,"ACT_MON_ENHANCED, ACT_MON_CONTINUE, ACT_INSP_PRESSURE_HYDRAULIC, ACT_CORR_CLEAN_PURGE"
DS_HYDR_WATCH_1773,hydraulic_test_rig,WATCH,4,"ACT_MON_ENHANCED, ACT_MON_CONTINUE, ACT_INSP_PRESSURE_HYDRAULIC, ACT_CORR_CLEAN_PURGE"
DS_HYDR_WATCH_1774,hydraulic_test_rig,WATCH,4,"ACT_MON_ENHANCED, ACT_MON_CONTINUE, ACT_INSP_PRESSURE_HYDRAULIC, ACT_CORR_CLEAN_PURGE"
DS_HYDR_WATCH_1776,hydraulic_test_rig,WATCH,4,"ACT_MON_ENHANCED, ACT_MON_CONTINUE, ACT_INSP_PRESSURE_HYDRAULIC, ACT_CORR_CLEAN_PURGE"
DS_HYDR_WATCH_1778,hydraulic_test_rig,WATCH,4,"ACT_MON_ENHANCED, ACT_MON_CONTINUE, ACT_INSP_PRESSURE_HYDRAULIC, ACT_CORR_CLEAN_PURGE"
DS_HYDR_WATCH_1781,hydraulic_test_rig,WATCH,4,"ACT_MON_ENHANCED, ACT_MON_CONTINUE, ACT_INSP_PRESSURE_HYDRAULIC, ACT_CORR_CLEAN_PURGE"
DS_HYDR_WATCH_1782,hydraulic_test_rig,WATCH,4,"ACT_MON_ENHANCED, ACT_MON_CONTINUE, ACT_INSP_PRESSURE_HYDRAULIC, ACT_CORR_CLEAN_PURGE"
DS_HYDR_WATCH_1783,hydraulic_test_rig,WATCH,4,"ACT_MON_ENHANCED, ACT_MON_CONTINUE, ACT_INSP_PRESSURE_HYDRAULIC, ACT_CORR_CLEAN_PURGE"
DS_HYDR_WATCH_1784,hydraulic_test_rig,WATCH,4,"ACT_MON_ENHANCED, ACT_MON_CONTINUE, ACT_INSP_PRESSURE_HYDRAULIC, ACT_CORR_CLEAN_PURGE"
DS_HYDR_WATCH_1890,hydraulic_test_rig,WATCH,4,"ACT_MON_ENHANCED, ACT_MON_CONTINUE, ACT_INSP_PRESSURE_HYDRAULIC, ACT_CORR_CLEAN_PURGE"
DS_HYDR_WATCH_1891,hydraulic_test_rig,WATCH,4,"ACT_MON_ENHANCED, ACT_MON_CONTINUE, ACT_INSP_PRESSURE_HYDRAULIC, ACT_CORR_CLEAN_PURGE"
DS_HYDR_WATCH_1892,hydraulic_test_rig,WATCH,4,"ACT_MON_ENHANCED, ACT_MON_CONTINUE, ACT_INSP_PRESSURE_HYDRAULIC, ACT_CORR_CLEAN_PURGE"
DS_HYDR_WATCH_1893,hydraulic_test_rig,WATCH,4,"ACT_MON_ENHANCED, ACT_MON_CONTINUE, ACT_INSP_PRESSURE_HYDRAULIC, ACT_CORR_CLEAN_PURGE"
DS_HYDR_WATCH_1894,hydraulic_test_rig,WATCH,4,"ACT_MON_ENHANCED, ACT_MON_CONTINUE, ACT_INSP_PRESSURE_HYDRAULIC, ACT_CORR_CLEAN_PURGE"
DS_HYDR_WATCH_1896,hydraulic_test_rig,WATCH,4,"ACT_MON_ENHANCED, ACT_MON_CONTINUE, ACT_INSP_PRESSURE_HYDRAULIC, ACT_CORR_CLEAN_PURGE"
DS_HYDR_WATCH_1897,hydraulic_test_rig,WATCH,4,"ACT_MON_ENHANCED, ACT_MON_CONTINUE, ACT_INSP_PRESSURE_HYDRAULIC, ACT_CORR_CLEAN_PURGE"
DS_HYDR_WATCH_1899,hydraulic_test_rig,WATCH,4,"ACT_MON_ENHANCED, ACT_MON_CONTINUE, ACT_INSP_PRESSURE_HYDRAULIC, ACT_CORR_CLEAN_PURGE"
DS_HYDR_WATCH_1900,hydraulic_test_rig,WATCH,4,"ACT_MON_ENHANCED, ACT_MON_CONTINUE, ACT_INSP_PRESSURE_HYDRAULIC, ACT_CORR_CLEAN_PURGE"
DS_HYDR_WATCH_1901,hydraulic_test_rig,WATCH,4,"ACT_MON_ENHANCED, ACT_MON_CONTINUE, ACT_INSP_PRESSURE_HYDRAULIC, ACT_CORR_CLEAN_PURGE"
DS_HYDR_WATCH_1903,hydraulic_test_rig,WATCH,4,"ACT_MON_ENHANCED, ACT_MON_CONTINUE, ACT_INSP_PRESSURE_HYDRAULIC, ACT_CORR_CLEAN_PURGE"
DS_HYDR_WATCH_1904,hydraulic_test_rig,WATCH,4,"ACT_MON_ENHANCED, ACT_MON_CONTINUE, ACT_INSP_PRESSURE_HYDRAULIC, ACT_CORR_CLEAN_PURGE"
DS_HYDR_WATCH_1906,hydraulic_test_rig,WATCH,4,"ACT_MON_ENHANCED, ACT_MON_CONTINUE, ACT_INSP_PRESSURE_HYDRAULIC, ACT_CORR_CLEAN_PURGE"
DS_HYDR_WATCH_1907,hydraulic_test_rig,WATCH,4,"ACT_MON_ENHANCED, ACT_MON_CONTINUE, ACT_INSP_PRESSURE_HYDRAULIC, ACT_CORR_CLEAN_PURGE"
DS_HYDR_WATCH_1910,hydraulic_test_rig,WATCH,4,"ACT_MON_ENHANCED, ACT_MON_CONTINUE, ACT_INSP_PRESSURE_HYDRAULIC, ACT_CORR_CLEAN_PURGE"
DS_HYDR_WATCH_1913,hydraulic_test_rig,WATCH,4,"ACT_MON_ENHANCED, ACT_MON_CONTINUE, ACT_INSP_PRESSURE_HYDRAULIC, ACT_CORR_CLEAN_PURGE"
DS_HYDR_WATCH_1918,hydraulic_test_rig,WATCH,4,"ACT_MON_ENHANCED, ACT_MON_CONTINUE, ACT_INSP_PRESSURE_HYDRAULIC, ACT_CORR_CLEAN_PURGE"
DS_IIOT_CRIT_16342,iiot_machine,CRITICAL,4,"ACT_OP_CONTROLLED_SHUTDOWN, ACT_OP_DERATE_LOAD, ACT_INSP_SUBSYSTEM, ACT_MON_CONTINUE"
DS_IIOT_CRIT_180,iiot_machine,CRITICAL,4,"ACT_OP_CONTROLLED_SHUTDOWN, ACT_OP_DERATE_LOAD, ACT_INSP_SUBSYSTEM, ACT_MON_CONTINUE"
DS_IIOT_CRIT_1834,iiot_machine,CRITICAL,4,"ACT_OP_CONTROLLED_SHUTDOWN, ACT_OP_DERATE_LOAD, ACT_INSP_SUBSYSTEM, ACT_MON_CONTINUE"
DS_IIOT_CRIT_19469,iiot_machine,CRITICAL,4,"ACT_OP_CONTROLLED_SHUTDOWN, ACT_OP_DERATE_LOAD, ACT_INSP_SUBSYSTEM, ACT_MON_CONTINUE"
DS_IIOT_CRIT_2134,iiot_machine,CRITICAL,4,"ACT_OP_CONTROLLED_SHUTDOWN, ACT_OP_DERATE_LOAD, ACT_INSP_SUBSYSTEM, ACT_MON_CONTINUE"
DS_IIOT_CRIT_23141,iiot_machine,CRITICAL,4,"ACT_OP_CONTROLLED_SHUTDOWN, ACT_OP_DERATE_LOAD, ACT_INSP_SUBSYSTEM, ACT_MON_CONTINUE"
DS_IIOT_CRIT_24367,iiot_machine,CRITICAL,4,"ACT_OP_CONTROLLED_SHUTDOWN, ACT_OP_DERATE_LOAD, ACT_INSP_SUBSYSTEM, ACT_MON_CONTINUE"
DS_IIOT_CRIT_24409,iiot_machine,CRITICAL,4,"ACT_OP_CONTROLLED_SHUTDOWN, ACT_OP_DERATE_LOAD, ACT_INSP_SUBSYSTEM, ACT_MON_CONTINUE"
DS_IIOT_CRIT_33970,iiot_machine,CRITICAL,4,"ACT_OP_CONTROLLED_SHUTDOWN, ACT_OP_DERATE_LOAD, ACT_INSP_SUBSYSTEM, ACT_MON_CONTINUE"
DS_IIOT_CRIT_34695,iiot_machine,CRITICAL,4,"ACT_OP_CONTROLLED_SHUTDOWN, ACT_OP_DERATE_LOAD, ACT_INSP_SUBSYSTEM, ACT_MON_CONTINUE"
DS_IIOT_CRIT_40155,iiot_machine,CRITICAL,4,"ACT_OP_CONTROLLED_SHUTDOWN, ACT_OP_DERATE_LOAD, ACT_INSP_SUBSYSTEM, ACT_MON_CONTINUE"
DS_IIOT_CRIT_40492,iiot_machine,CRITICAL,4,"ACT_OP_CONTROLLED_SHUTDOWN, ACT_OP_DERATE_LOAD, ACT_INSP_SUBSYSTEM, ACT_MON_CONTINUE"
DS_IIOT_CRIT_42763,iiot_machine,CRITICAL,4,"ACT_OP_CONTROLLED_SHUTDOWN, ACT_OP_DERATE_LOAD, ACT_INSP_SUBSYSTEM, ACT_MON_CONTINUE"
DS_IIOT_CRIT_45117,iiot_machine,CRITICAL,4,"ACT_OP_CONTROLLED_SHUTDOWN, ACT_OP_DERATE_LOAD, ACT_INSP_SUBSYSTEM, ACT_MON_CONTINUE"
DS_IIOT_CRIT_50654,iiot_machine,CRITICAL,4,"ACT_OP_CONTROLLED_SHUTDOWN, ACT_OP_DERATE_LOAD, ACT_INSP_SUBSYSTEM, ACT_MON_CONTINUE"
DS_IIOT_CRIT_55753,iiot_machine,CRITICAL,4,"ACT_OP_CONTROLLED_SHUTDOWN, ACT_OP_DERATE_LOAD, ACT_INSP_SUBSYSTEM, ACT_MON_CONTINUE"
DS_IIOT_CRIT_56647,iiot_machine,CRITICAL,4,"ACT_OP_CONTROLLED_SHUTDOWN, ACT_OP_DERATE_LOAD, ACT_INSP_SUBSYSTEM, ACT_MON_CONTINUE"
DS_IIOT_CRIT_57401,iiot_machine,CRITICAL,4,"ACT_OP_CONTROLLED_SHUTDOWN, ACT_OP_DERATE_LOAD, ACT_INSP_SUBSYSTEM, ACT_MON_CONTINUE"
DS_IIOT_CRIT_61086,iiot_machine,CRITICAL,4,"ACT_OP_CONTROLLED_SHUTDOWN, ACT_OP_DERATE_LOAD, ACT_INSP_SUBSYSTEM, ACT_MON_CONTINUE"
DS_IIOT_CRIT_61645,iiot_machine,CRITICAL,4,"ACT_OP_CONTROLLED_SHUTDOWN, ACT_OP_DERATE_LOAD, ACT_INSP_SUBSYSTEM, ACT_MON_CONTINUE"
DS_IIOT_CRIT_62692,iiot_machine,CRITICAL,4,"ACT_OP_CONTROLLED_SHUTDOWN, ACT_OP_DERATE_LOAD, ACT_INSP_SUBSYSTEM, ACT_MON_CONTINUE"
DS_IIOT_CRIT_62747,iiot_machine,CRITICAL,4,"ACT_OP_CONTROLLED_SHUTDOWN, ACT_OP_DERATE_LOAD, ACT_INSP_SUBSYSTEM, ACT_MON_CONTINUE"
DS_IIOT_CRIT_65922,iiot_machine,CRITICAL,4,"ACT_OP_CONTROLLED_SHUTDOWN, ACT_OP_DERATE_LOAD, ACT_INSP_SUBSYSTEM, ACT_MON_CONTINUE"
DS_IIOT_CRIT_68179,iiot_machine,CRITICAL,4,"ACT_OP_CONTROLLED_SHUTDOWN, ACT_OP_DERATE_LOAD, ACT_INSP_SUBSYSTEM, ACT_MON_CONTINUE"
DS_IIOT_CRIT_69246,iiot_machine,CRITICAL,4,"ACT_OP_CONTROLLED_SHUTDOWN, ACT_OP_DERATE_LOAD, ACT_INSP_SUBSYSTEM, ACT_MON_CONTINUE"
DS_IIOT_CRIT_69581,iiot_machine,CRITICAL,4,"ACT_OP_CONTROLLED_SHUTDOWN, ACT_OP_DERATE_LOAD, ACT_INSP_SUBSYSTEM, ACT_MON_CONTINUE"
DS_IIOT_CRIT_73386,iiot_machine,CRITICAL,4,"ACT_OP_CONTROLLED_SHUTDOWN, ACT_OP_DERATE_LOAD, ACT_INSP_SUBSYSTEM, ACT_MON_CONTINUE"
DS_IIOT_CRIT_73410,iiot_machine,CRITICAL,4,"ACT_OP_CONTROLLED_SHUTDOWN, ACT_OP_DERATE_LOAD, ACT_INSP_SUBSYSTEM, ACT_MON_CONTINUE"
DS_IIOT_CRIT_77972,iiot_machine,CRITICAL,4,"ACT_OP_CONTROLLED_SHUTDOWN, ACT_OP_DERATE_LOAD, ACT_INSP_SUBSYSTEM, ACT_MON_CONTINUE"
DS_IIOT_CRIT_8245,iiot_machine,CRITICAL,4,"ACT_OP_CONTROLLED_SHUTDOWN, ACT_OP_DERATE_LOAD, ACT_INSP_SUBSYSTEM, ACT_MON_CONTINUE"
DS_IIOT_CRIT_827,iiot_machine,CRITICAL,4,"ACT_OP_CONTROLLED_SHUTDOWN, ACT_OP_DERATE_LOAD, ACT_INSP_SUBSYSTEM, ACT_MON_CONTINUE"
DS_IIOT_CRIT_875,iiot_machine,CRITICAL,4,"ACT_OP_CONTROLLED_SHUTDOWN, ACT_OP_DERATE_LOAD, ACT_INSP_SUBSYSTEM, ACT_MON_CONTINUE"
DS_IIOT_CRIT_91097,iiot_machine,CRITICAL,4,"ACT_OP_CONTROLLED_SHUTDOWN, ACT_OP_DERATE_LOAD, ACT_INSP_SUBSYSTEM, ACT_MON_CONTINUE"
DS_IIOT_CRIT_93831,iiot_machine,CRITICAL,4,"ACT_OP_CONTROLLED_SHUTDOWN, ACT_OP_DERATE_LOAD, ACT_INSP_SUBSYSTEM, ACT_MON_CONTINUE"
DS_IIOT_CRIT_95734,iiot_machine,CRITICAL,4,"ACT_OP_CONTROLLED_SHUTDOWN, ACT_OP_DERATE_LOAD, ACT_INSP_SUBSYSTEM, ACT_MON_CONTINUE"
DS_IIOT_HEALTHY_10950,iiot_machine,HEALTHY,3,"ACT_MON_CONTINUE, ACT_MON_ENHANCED, ACT_MON_PARAMETER_LOG"
DS_IIOT_HEALTHY_16277,iiot_machine,HEALTHY,3,"ACT_MON_CONTINUE, ACT_MON_ENHANCED, ACT_MON_PARAMETER_LOG"
DS_IIOT_HEALTHY_17380,iiot_machine,HEALTHY,3,"ACT_MON_CONTINUE, ACT_MON_ENHANCED, ACT_MON_PARAMETER_LOG"
DS_IIOT_HEALTHY_17909,iiot_machine,HEALTHY,3,"ACT_MON_CONTINUE, ACT_MON_ENHANCED, ACT_MON_PARAMETER_LOG"
DS_IIOT_HEALTHY_20643,iiot_machine,HEALTHY,3,"ACT_MON_CONTINUE, ACT_MON_ENHANCED, ACT_MON_PARAMETER_LOG"
DS_IIOT_HEALTHY_22928,iiot_machine,HEALTHY,3,"ACT_MON_CONTINUE, ACT_MON_ENHANCED, ACT_MON_PARAMETER_LOG"
DS_IIOT_HEALTHY_24518,iiot_machine,HEALTHY,3,"ACT_MON_CONTINUE, ACT_MON_ENHANCED, ACT_MON_PARAMETER_LOG"
DS_IIOT_HEALTHY_31354,iiot_machine,HEALTHY,3,"ACT_MON_CONTINUE, ACT_MON_ENHANCED, ACT_MON_PARAMETER_LOG"
DS_IIOT_HEALTHY_32690,iiot_machine,HEALTHY,3,"ACT_MON_CONTINUE, ACT_MON_ENHANCED, ACT_MON_PARAMETER_LOG"
DS_IIOT_HEALTHY_34117,iiot_machine,HEALTHY,3,"ACT_MON_CONTINUE, ACT_MON_ENHANCED, ACT_MON_PARAMETER_LOG"
DS_IIOT_HEALTHY_36012,iiot_machine,HEALTHY,3,"ACT_MON_CONTINUE, ACT_MON_ENHANCED, ACT_MON_PARAMETER_LOG"
DS_IIOT_HEALTHY_3711,iiot_machine,HEALTHY,3,"ACT_MON_CONTINUE, ACT_MON_ENHANCED, ACT_MON_PARAMETER_LOG"
DS_IIOT_HEALTHY_45364,iiot_machine,HEALTHY,3,"ACT_MON_CONTINUE, ACT_MON_ENHANCED, ACT_MON_PARAMETER_LOG"
DS_IIOT_HEALTHY_46036,iiot_machine,HEALTHY,3,"ACT_MON_CONTINUE, ACT_MON_ENHANCED, ACT_MON_PARAMETER_LOG"
DS_IIOT_HEALTHY_4978,iiot_machine,HEALTHY,3,"ACT_MON_CONTINUE, ACT_MON_ENHANCED, ACT_MON_PARAMETER_LOG"
DS_IIOT_HEALTHY_51364,iiot_machine,HEALTHY,3,"ACT_MON_CONTINUE, ACT_MON_ENHANCED, ACT_MON_PARAMETER_LOG"
DS_IIOT_HEALTHY_57444,iiot_machine,HEALTHY,3,"ACT_MON_CONTINUE, ACT_MON_ENHANCED, ACT_MON_PARAMETER_LOG"
DS_IIOT_HEALTHY_59399,iiot_machine,HEALTHY,3,"ACT_MON_CONTINUE, ACT_MON_ENHANCED, ACT_MON_PARAMETER_LOG"
DS_IIOT_HEALTHY_59969,iiot_machine,HEALTHY,3,"ACT_MON_CONTINUE, ACT_MON_ENHANCED, ACT_MON_PARAMETER_LOG"
DS_IIOT_HEALTHY_60399,iiot_machine,HEALTHY,3,"ACT_MON_CONTINUE, ACT_MON_ENHANCED, ACT_MON_PARAMETER_LOG"
DS_IIOT_HEALTHY_61179,iiot_machine,HEALTHY,3,"ACT_MON_CONTINUE, ACT_MON_ENHANCED, ACT_MON_PARAMETER_LOG"
DS_IIOT_HEALTHY_64227,iiot_machine,HEALTHY,3,"ACT_MON_CONTINUE, ACT_MON_ENHANCED, ACT_MON_PARAMETER_LOG"
DS_IIOT_HEALTHY_64956,iiot_machine,HEALTHY,3,"ACT_MON_CONTINUE, ACT_MON_ENHANCED, ACT_MON_PARAMETER_LOG"
DS_IIOT_HEALTHY_72363,iiot_machine,HEALTHY,3,"ACT_MON_CONTINUE, ACT_MON_ENHANCED, ACT_MON_PARAMETER_LOG"
DS_IIOT_HEALTHY_74134,iiot_machine,HEALTHY,3,"ACT_MON_CONTINUE, ACT_MON_ENHANCED, ACT_MON_PARAMETER_LOG"
DS_IIOT_HEALTHY_76248,iiot_machine,HEALTHY,3,"ACT_MON_CONTINUE, ACT_MON_ENHANCED, ACT_MON_PARAMETER_LOG"
DS_IIOT_HEALTHY_78742,iiot_machine,HEALTHY,3,"ACT_MON_CONTINUE, ACT_MON_ENHANCED, ACT_MON_PARAMETER_LOG"
DS_IIOT_HEALTHY_79832,iiot_machine,HEALTHY,3,"ACT_MON_CONTINUE, ACT_MON_ENHANCED, ACT_MON_PARAMETER_LOG"
DS_IIOT_HEALTHY_80441,iiot_machine,HEALTHY,3,"ACT_MON_CONTINUE, ACT_MON_ENHANCED, ACT_MON_PARAMETER_LOG"
DS_IIOT_HEALTHY_84639,iiot_machine,HEALTHY,3,"ACT_MON_CONTINUE, ACT_MON_ENHANCED, ACT_MON_PARAMETER_LOG"
DS_IIOT_HEALTHY_86545,iiot_machine,HEALTHY,3,"ACT_MON_CONTINUE, ACT_MON_ENHANCED, ACT_MON_PARAMETER_LOG"
DS_IIOT_HEALTHY_89788,iiot_machine,HEALTHY,3,"ACT_MON_CONTINUE, ACT_MON_ENHANCED, ACT_MON_PARAMETER_LOG"
DS_IIOT_HEALTHY_93556,iiot_machine,HEALTHY,3,"ACT_MON_CONTINUE, ACT_MON_ENHANCED, ACT_MON_PARAMETER_LOG"
DS_IIOT_HEALTHY_93977,iiot_machine,HEALTHY,3,"ACT_MON_CONTINUE, ACT_MON_ENHANCED, ACT_MON_PARAMETER_LOG"
DS_IIOT_HEALTHY_97788,iiot_machine,HEALTHY,3,"ACT_MON_CONTINUE, ACT_MON_ENHANCED, ACT_MON_PARAMETER_LOG"
DS_IIOT_WATCH_10221,iiot_machine,WATCH,4,"ACT_MON_ENHANCED, ACT_MON_CONTINUE, ACT_INSP_SUBSYSTEM, ACT_CORR_CALIBRATE"
DS_IIOT_WATCH_11397,iiot_machine,WATCH,4,"ACT_MON_ENHANCED, ACT_MON_CONTINUE, ACT_INSP_SUBSYSTEM, ACT_CORR_CALIBRATE"
DS_IIOT_WATCH_12154,iiot_machine,WATCH,4,"ACT_MON_ENHANCED, ACT_MON_CONTINUE, ACT_INSP_SUBSYSTEM, ACT_CORR_CALIBRATE"
DS_IIOT_WATCH_13296,iiot_machine,WATCH,4,"ACT_MON_ENHANCED, ACT_MON_CONTINUE, ACT_INSP_SUBSYSTEM, ACT_CORR_CALIBRATE"
DS_IIOT_WATCH_16972,iiot_machine,WATCH,4,"ACT_MON_ENHANCED, ACT_MON_CONTINUE, ACT_INSP_SUBSYSTEM, ACT_CORR_CALIBRATE"
DS_IIOT_WATCH_2137,iiot_machine,WATCH,4,"ACT_MON_ENHANCED, ACT_MON_CONTINUE, ACT_INSP_SUBSYSTEM, ACT_CORR_CALIBRATE"
DS_IIOT_WATCH_23529,iiot_machine,WATCH,4,"ACT_MON_ENHANCED, ACT_MON_CONTINUE, ACT_INSP_SUBSYSTEM, ACT_CORR_CALIBRATE"
DS_IIOT_WATCH_23704,iiot_machine,WATCH,4,"ACT_MON_ENHANCED, ACT_MON_CONTINUE, ACT_INSP_SUBSYSTEM, ACT_CORR_CALIBRATE"
DS_IIOT_WATCH_27579,iiot_machine,WATCH,4,"ACT_MON_ENHANCED, ACT_MON_CONTINUE, ACT_INSP_SUBSYSTEM, ACT_CORR_CALIBRATE"
DS_IIOT_WATCH_29458,iiot_machine,WATCH,4,"ACT_MON_ENHANCED, ACT_MON_CONTINUE, ACT_INSP_SUBSYSTEM, ACT_CORR_CALIBRATE"
DS_IIOT_WATCH_34196,iiot_machine,WATCH,4,"ACT_MON_ENHANCED, ACT_MON_CONTINUE, ACT_INSP_SUBSYSTEM, ACT_CORR_CALIBRATE"
DS_IIOT_WATCH_35996,iiot_machine,WATCH,4,"ACT_MON_ENHANCED, ACT_MON_CONTINUE, ACT_INSP_SUBSYSTEM, ACT_CORR_CALIBRATE"
DS_IIOT_WATCH_38922,iiot_machine,WATCH,4,"ACT_MON_ENHANCED, ACT_MON_CONTINUE, ACT_INSP_SUBSYSTEM, ACT_CORR_CALIBRATE"
DS_IIOT_WATCH_39528,iiot_machine,WATCH,4,"ACT_MON_ENHANCED, ACT_MON_CONTINUE, ACT_INSP_SUBSYSTEM, ACT_CORR_CALIBRATE"
DS_IIOT_WATCH_41672,iiot_machine,WATCH,4,"ACT_MON_ENHANCED, ACT_MON_CONTINUE, ACT_INSP_SUBSYSTEM, ACT_CORR_CALIBRATE"
DS_IIOT_WATCH_42302,iiot_machine,WATCH,4,"ACT_MON_ENHANCED, ACT_MON_CONTINUE, ACT_INSP_SUBSYSTEM, ACT_CORR_CALIBRATE"
DS_IIOT_WATCH_43750,iiot_machine,WATCH,4,"ACT_MON_ENHANCED, ACT_MON_CONTINUE, ACT_INSP_SUBSYSTEM, ACT_CORR_CALIBRATE"
DS_IIOT_WATCH_45847,iiot_machine,WATCH,4,"ACT_MON_ENHANCED, ACT_MON_CONTINUE, ACT_INSP_SUBSYSTEM, ACT_CORR_CALIBRATE"
DS_IIOT_WATCH_46889,iiot_machine,WATCH,4,"ACT_MON_ENHANCED, ACT_MON_CONTINUE, ACT_INSP_SUBSYSTEM, ACT_CORR_CALIBRATE"
DS_IIOT_WATCH_47539,iiot_machine,WATCH,4,"ACT_MON_ENHANCED, ACT_MON_CONTINUE, ACT_INSP_SUBSYSTEM, ACT_CORR_CALIBRATE"
DS_IIOT_WATCH_50057,iiot_machine,WATCH,4,"ACT_MON_ENHANCED, ACT_MON_CONTINUE, ACT_INSP_SUBSYSTEM, ACT_CORR_CALIBRATE"
DS_IIOT_WATCH_55148,iiot_machine,WATCH,4,"ACT_MON_ENHANCED, ACT_MON_CONTINUE, ACT_INSP_SUBSYSTEM, ACT_CORR_CALIBRATE"
DS_IIOT_WATCH_56846,iiot_machine,WATCH,4,"ACT_MON_ENHANCED, ACT_MON_CONTINUE, ACT_INSP_SUBSYSTEM, ACT_CORR_CALIBRATE"
DS_IIOT_WATCH_65724,iiot_machine,WATCH,4,"ACT_MON_ENHANCED, ACT_MON_CONTINUE, ACT_INSP_SUBSYSTEM, ACT_CORR_CALIBRATE"
DS_IIOT_WATCH_71275,iiot_machine,WATCH,4,"ACT_MON_ENHANCED, ACT_MON_CONTINUE, ACT_INSP_SUBSYSTEM, ACT_CORR_CALIBRATE"
DS_IIOT_WATCH_74495,iiot_machine,WATCH,4,"ACT_MON_ENHANCED, ACT_MON_CONTINUE, ACT_INSP_SUBSYSTEM, ACT_CORR_CALIBRATE"
DS_IIOT_WATCH_82140,iiot_machine,WATCH,4,"ACT_MON_ENHANCED, ACT_MON_CONTINUE, ACT_INSP_SUBSYSTEM, ACT_CORR_CALIBRATE"
DS_IIOT_WATCH_84902,iiot_machine,WATCH,4,"ACT_MON_ENHANCED, ACT_MON_CONTINUE, ACT_INSP_SUBSYSTEM, ACT_CORR_CALIBRATE"
DS_IIOT_WATCH_86426,iiot_machine,WATCH,4,"ACT_MON_ENHANCED, ACT_MON_CONTINUE, ACT_INSP_SUBSYSTEM, ACT_CORR_CALIBRATE"
DS_IIOT_WATCH_86737,iiot_machine,WATCH,4,"ACT_MON_ENHANCED, ACT_MON_CONTINUE, ACT_INSP_SUBSYSTEM, ACT_CORR_CALIBRATE"
DS_IIOT_WATCH_8677,iiot_machine,WATCH,4,"ACT_MON_ENHANCED, ACT_MON_CONTINUE, ACT_INSP_SUBSYSTEM, ACT_CORR_CALIBRATE"
DS_IIOT_WATCH_88321,iiot_machine,WATCH,4,"ACT_MON_ENHANCED, ACT_MON_CONTINUE, ACT_INSP_SUBSYSTEM, ACT_CORR_CALIBRATE"
DS_IIOT_WATCH_91768,iiot_machine,WATCH,4,"ACT_MON_ENHANCED, ACT_MON_CONTINUE, ACT_INSP_SUBSYSTEM, ACT_CORR_CALIBRATE"
DS_IIOT_WATCH_96241,iiot_machine,WATCH,4,"ACT_MON_ENHANCED, ACT_MON_CONTINUE, ACT_INSP_SUBSYSTEM, ACT_CORR_CALIBRATE"
DS_IIOT_WATCH_99995,iiot_machine,WATCH,4,"ACT_MON_ENHANCED, ACT_MON_CONTINUE, ACT_INSP_SUBSYSTEM, ACT_CORR_CALIBRATE"
DS_IMS_1st_test_CRIT_2019,bearing_test_rig,CRITICAL,5,"ACT_REPL_BEARING, ACT_OP_CONTROLLED_SHUTDOWN, ACT_CORR_LUBRICATE, ACT_INSP_VIBRATION, ACT_MON_CONTINUE"
DS_IMS_1st_test_CRIT_2036,bearing_test_rig,CRITICAL,5,"ACT_REPL_BEARING, ACT_OP_CONTROLLED_SHUTDOWN, ACT_CORR_LUBRICATE, ACT_INSP_VIBRATION, ACT_MON_CONTINUE"
DS_IMS_1st_test_CRIT_2058,bearing_test_rig,CRITICAL,5,"ACT_REPL_BEARING, ACT_OP_CONTROLLED_SHUTDOWN, ACT_CORR_LUBRICATE, ACT_INSP_VIBRATION, ACT_MON_CONTINUE"
DS_IMS_1st_test_CRIT_2064,bearing_test_rig,CRITICAL,5,"ACT_REPL_BEARING, ACT_OP_CONTROLLED_SHUTDOWN, ACT_CORR_LUBRICATE, ACT_INSP_VIBRATION, ACT_MON_CONTINUE"
DS_IMS_1st_test_CRIT_2099,bearing_test_rig,CRITICAL,5,"ACT_REPL_BEARING, ACT_OP_CONTROLLED_SHUTDOWN, ACT_CORR_LUBRICATE, ACT_INSP_VIBRATION, ACT_MON_CONTINUE"
DS_IMS_1st_test_CRIT_2101,bearing_test_rig,CRITICAL,5,"ACT_REPL_BEARING, ACT_OP_CONTROLLED_SHUTDOWN, ACT_CORR_LUBRICATE, ACT_INSP_VIBRATION, ACT_MON_CONTINUE"
DS_IMS_1st_test_CRIT_2130,bearing_test_rig,CRITICAL,5,"ACT_REPL_BEARING, ACT_OP_CONTROLLED_SHUTDOWN, ACT_CORR_LUBRICATE, ACT_INSP_VIBRATION, ACT_MON_CONTINUE"
DS_IMS_1st_test_CRIT_2132,bearing_test_rig,CRITICAL,5,"ACT_REPL_BEARING, ACT_OP_CONTROLLED_SHUTDOWN, ACT_CORR_LUBRICATE, ACT_INSP_VIBRATION, ACT_MON_CONTINUE"
DS_IMS_1st_test_CRIT_2141,bearing_test_rig,CRITICAL,5,"ACT_REPL_BEARING, ACT_OP_CONTROLLED_SHUTDOWN, ACT_CORR_LUBRICATE, ACT_INSP_VIBRATION, ACT_MON_CONTINUE"
DS_IMS_1st_test_CRIT_2145,bearing_test_rig,CRITICAL,5,"ACT_REPL_BEARING, ACT_OP_CONTROLLED_SHUTDOWN, ACT_CORR_LUBRICATE, ACT_INSP_VIBRATION, ACT_MON_CONTINUE"
DS_IMS_1st_test_CRIT_2153,bearing_test_rig,CRITICAL,5,"ACT_REPL_BEARING, ACT_OP_CONTROLLED_SHUTDOWN, ACT_CORR_LUBRICATE, ACT_INSP_VIBRATION, ACT_MON_CONTINUE"
DS_IMS_1st_test_HEALTHY_126,bearing_test_rig,HEALTHY,3,"ACT_MON_CONTINUE, ACT_MON_ENHANCED, ACT_INSP_SUBSYSTEM"
DS_IMS_1st_test_HEALTHY_175,bearing_test_rig,HEALTHY,3,"ACT_MON_CONTINUE, ACT_MON_ENHANCED, ACT_INSP_SUBSYSTEM"
DS_IMS_1st_test_HEALTHY_193,bearing_test_rig,HEALTHY,3,"ACT_MON_CONTINUE, ACT_MON_ENHANCED, ACT_INSP_SUBSYSTEM"
DS_IMS_1st_test_HEALTHY_203,bearing_test_rig,HEALTHY,3,"ACT_MON_CONTINUE, ACT_MON_ENHANCED, ACT_INSP_SUBSYSTEM"
DS_IMS_1st_test_HEALTHY_222,bearing_test_rig,HEALTHY,3,"ACT_MON_CONTINUE, ACT_MON_ENHANCED, ACT_INSP_SUBSYSTEM"
DS_IMS_1st_test_HEALTHY_246,bearing_test_rig,HEALTHY,3,"ACT_MON_CONTINUE, ACT_MON_ENHANCED, ACT_INSP_SUBSYSTEM"
DS_IMS_1st_test_HEALTHY_274,bearing_test_rig,HEALTHY,3,"ACT_MON_CONTINUE, ACT_MON_ENHANCED, ACT_INSP_SUBSYSTEM"
DS_IMS_1st_test_HEALTHY_285,bearing_test_rig,HEALTHY,3,"ACT_MON_CONTINUE, ACT_MON_ENHANCED, ACT_INSP_SUBSYSTEM"
DS_IMS_1st_test_HEALTHY_290,bearing_test_rig,HEALTHY,3,"ACT_MON_CONTINUE, ACT_MON_ENHANCED, ACT_INSP_SUBSYSTEM"
DS_IMS_1st_test_HEALTHY_301,bearing_test_rig,HEALTHY,3,"ACT_MON_CONTINUE, ACT_MON_ENHANCED, ACT_INSP_SUBSYSTEM"
DS_IMS_1st_test_HEALTHY_362,bearing_test_rig,HEALTHY,3,"ACT_MON_CONTINUE, ACT_MON_ENHANCED, ACT_INSP_SUBSYSTEM"
DS_IMS_1st_test_HEALTHY_413,bearing_test_rig,HEALTHY,3,"ACT_MON_CONTINUE, ACT_MON_ENHANCED, ACT_INSP_SUBSYSTEM"
DS_IMS_1st_test_HEALTHY_423,bearing_test_rig,HEALTHY,3,"ACT_MON_CONTINUE, ACT_MON_ENHANCED, ACT_INSP_SUBSYSTEM"
DS_IMS_1st_test_HEALTHY_427,bearing_test_rig,HEALTHY,3,"ACT_MON_CONTINUE, ACT_MON_ENHANCED, ACT_INSP_SUBSYSTEM"
DS_IMS_1st_test_HEALTHY_55,bearing_test_rig,HEALTHY,3,"ACT_MON_CONTINUE, ACT_MON_ENHANCED, ACT_INSP_SUBSYSTEM"
DS_IMS_1st_test_HEALTHY_70,bearing_test_rig,HEALTHY,3,"ACT_MON_CONTINUE, ACT_MON_ENHANCED, ACT_INSP_SUBSYSTEM"
DS_IMS_1st_test_HEALTHY_77,bearing_test_rig,HEALTHY,3,"ACT_MON_CONTINUE, ACT_MON_ENHANCED, ACT_INSP_SUBSYSTEM"
DS_IMS_1st_test_HEALTHY_9,bearing_test_rig,HEALTHY,3,"ACT_MON_CONTINUE, ACT_MON_ENHANCED, ACT_INSP_SUBSYSTEM"
DS_IMS_1st_test_HEALTHY_93,bearing_test_rig,HEALTHY,3,"ACT_MON_CONTINUE, ACT_MON_ENHANCED, ACT_INSP_SUBSYSTEM"
DS_IMS_1st_test_WATCH_1168,bearing_test_rig,WATCH,4,"ACT_MON_ENHANCED, ACT_MON_CONTINUE, ACT_INSP_VIBRATION, ACT_INSP_LUBRICATION"
DS_IMS_1st_test_WATCH_1178,bearing_test_rig,WATCH,4,"ACT_MON_ENHANCED, ACT_MON_CONTINUE, ACT_INSP_VIBRATION, ACT_INSP_LUBRICATION"
DS_IMS_1st_test_WATCH_1266,bearing_test_rig,WATCH,4,"ACT_MON_ENHANCED, ACT_MON_CONTINUE, ACT_INSP_VIBRATION, ACT_INSP_LUBRICATION"
DS_IMS_1st_test_WATCH_1281,bearing_test_rig,WATCH,4,"ACT_MON_ENHANCED, ACT_MON_CONTINUE, ACT_INSP_VIBRATION, ACT_INSP_LUBRICATION"
DS_IMS_1st_test_WATCH_1301,bearing_test_rig,WATCH,4,"ACT_MON_ENHANCED, ACT_MON_CONTINUE, ACT_INSP_VIBRATION, ACT_INSP_LUBRICATION"
DS_IMS_1st_test_WATCH_1363,bearing_test_rig,WATCH,4,"ACT_MON_ENHANCED, ACT_MON_CONTINUE, ACT_INSP_VIBRATION, ACT_INSP_LUBRICATION"
DS_IMS_1st_test_WATCH_1402,bearing_test_rig,WATCH,4,"ACT_MON_ENHANCED, ACT_MON_CONTINUE, ACT_INSP_VIBRATION, ACT_INSP_LUBRICATION"
DS_IMS_1st_test_WATCH_1426,bearing_test_rig,WATCH,4,"ACT_MON_ENHANCED, ACT_MON_CONTINUE, ACT_INSP_VIBRATION, ACT_INSP_LUBRICATION"
DS_IMS_1st_test_WATCH_1435,bearing_test_rig,WATCH,4,"ACT_MON_ENHANCED, ACT_MON_CONTINUE, ACT_INSP_VIBRATION, ACT_INSP_LUBRICATION"
DS_IMS_1st_test_WATCH_1491,bearing_test_rig,WATCH,4,"ACT_MON_ENHANCED, ACT_MON_CONTINUE, ACT_INSP_VIBRATION, ACT_INSP_LUBRICATION"
DS_IMS_1st_test_WATCH_1498,bearing_test_rig,WATCH,4,"ACT_MON_ENHANCED, ACT_MON_CONTINUE, ACT_INSP_VIBRATION, ACT_INSP_LUBRICATION"
DS_IMS_1st_test_WATCH_1575,bearing_test_rig,WATCH,4,"ACT_MON_ENHANCED, ACT_MON_CONTINUE, ACT_INSP_VIBRATION, ACT_INSP_LUBRICATION"
DS_IMS_1st_test_WATCH_1593,bearing_test_rig,WATCH,4,"ACT_MON_ENHANCED, ACT_MON_CONTINUE, ACT_INSP_VIBRATION, ACT_INSP_LUBRICATION"
DS_IMS_1st_test_WATCH_1787,bearing_test_rig,WATCH,4,"ACT_MON_ENHANCED, ACT_MON_CONTINUE, ACT_INSP_VIBRATION, ACT_INSP_LUBRICATION"
DS_IMS_1st_test_WATCH_1796,bearing_test_rig,WATCH,4,"ACT_MON_ENHANCED, ACT_MON_CONTINUE, ACT_INSP_VIBRATION, ACT_INSP_LUBRICATION"
DS_IMS_1st_test_WATCH_1822,bearing_test_rig,WATCH,4,"ACT_MON_ENHANCED, ACT_MON_CONTINUE, ACT_INSP_VIBRATION, ACT_INSP_LUBRICATION"
DS_IMS_2nd_test_CRIT_896,bearing_test_rig,CRITICAL,5,"ACT_REPL_BEARING, ACT_OP_CONTROLLED_SHUTDOWN, ACT_CORR_LUBRICATE, ACT_INSP_VIBRATION, ACT_MON_CONTINUE"
DS_IMS_2nd_test_CRIT_916,bearing_test_rig,CRITICAL,5,"ACT_REPL_BEARING, ACT_OP_CONTROLLED_SHUTDOWN, ACT_CORR_LUBRICATE, ACT_INSP_VIBRATION, ACT_MON_CONTINUE"
DS_IMS_2nd_test_CRIT_954,bearing_test_rig,CRITICAL,5,"ACT_REPL_BEARING, ACT_OP_CONTROLLED_SHUTDOWN, ACT_CORR_LUBRICATE, ACT_INSP_VIBRATION, ACT_MON_CONTINUE"
DS_IMS_2nd_test_CRIT_961,bearing_test_rig,CRITICAL,5,"ACT_REPL_BEARING, ACT_OP_CONTROLLED_SHUTDOWN, ACT_CORR_LUBRICATE, ACT_INSP_VIBRATION, ACT_MON_CONTINUE"
DS_IMS_2nd_test_CRIT_969,bearing_test_rig,CRITICAL,5,"ACT_REPL_BEARING, ACT_OP_CONTROLLED_SHUTDOWN, ACT_CORR_LUBRICATE, ACT_INSP_VIBRATION, ACT_MON_CONTINUE"
DS_IMS_2nd_test_CRIT_973,bearing_test_rig,CRITICAL,5,"ACT_REPL_BEARING, ACT_OP_CONTROLLED_SHUTDOWN, ACT_CORR_LUBRICATE, ACT_INSP_VIBRATION, ACT_MON_CONTINUE"
DS_IMS_2nd_test_CRIT_974,bearing_test_rig,CRITICAL,5,"ACT_REPL_BEARING, ACT_OP_CONTROLLED_SHUTDOWN, ACT_CORR_LUBRICATE, ACT_INSP_VIBRATION, ACT_MON_CONTINUE"
DS_IMS_2nd_test_CRIT_979,bearing_test_rig,CRITICAL,5,"ACT_REPL_BEARING, ACT_OP_CONTROLLED_SHUTDOWN, ACT_CORR_LUBRICATE, ACT_INSP_VIBRATION, ACT_MON_CONTINUE"
DS_IMS_2nd_test_CRIT_980,bearing_test_rig,CRITICAL,5,"ACT_REPL_BEARING, ACT_OP_CONTROLLED_SHUTDOWN, ACT_CORR_LUBRICATE, ACT_INSP_VIBRATION, ACT_MON_CONTINUE"
DS_IMS_2nd_test_CRIT_982,bearing_test_rig,CRITICAL,5,"ACT_REPL_BEARING, ACT_OP_CONTROLLED_SHUTDOWN, ACT_CORR_LUBRICATE, ACT_INSP_VIBRATION, ACT_MON_CONTINUE"
DS_IMS_2nd_test_HEALTHY_114,bearing_test_rig,HEALTHY,3,"ACT_MON_CONTINUE, ACT_MON_ENHANCED, ACT_INSP_SUBSYSTEM"
DS_IMS_2nd_test_HEALTHY_119,bearing_test_rig,HEALTHY,3,"ACT_MON_CONTINUE, ACT_MON_ENHANCED, ACT_INSP_SUBSYSTEM"
DS_IMS_2nd_test_HEALTHY_138,bearing_test_rig,HEALTHY,3,"ACT_MON_CONTINUE, ACT_MON_ENHANCED, ACT_INSP_SUBSYSTEM"
DS_IMS_2nd_test_HEALTHY_145,bearing_test_rig,HEALTHY,3,"ACT_MON_CONTINUE, ACT_MON_ENHANCED, ACT_INSP_SUBSYSTEM"
DS_IMS_2nd_test_HEALTHY_15,bearing_test_rig,HEALTHY,3,"ACT_MON_CONTINUE, ACT_MON_ENHANCED, ACT_INSP_SUBSYSTEM"
DS_IMS_2nd_test_HEALTHY_156,bearing_test_rig,HEALTHY,3,"ACT_MON_CONTINUE, ACT_MON_ENHANCED, ACT_INSP_SUBSYSTEM"
DS_IMS_2nd_test_HEALTHY_173,bearing_test_rig,HEALTHY,3,"ACT_MON_CONTINUE, ACT_MON_ENHANCED, ACT_INSP_SUBSYSTEM"
DS_IMS_2nd_test_HEALTHY_187,bearing_test_rig,HEALTHY,3,"ACT_MON_CONTINUE, ACT_MON_ENHANCED, ACT_INSP_SUBSYSTEM"
DS_IMS_2nd_test_HEALTHY_19,bearing_test_rig,HEALTHY,3,"ACT_MON_CONTINUE, ACT_MON_ENHANCED, ACT_INSP_SUBSYSTEM"
DS_IMS_2nd_test_HEALTHY_24,bearing_test_rig,HEALTHY,3,"ACT_MON_CONTINUE, ACT_MON_ENHANCED, ACT_INSP_SUBSYSTEM"
DS_IMS_2nd_test_HEALTHY_30,bearing_test_rig,HEALTHY,3,"ACT_MON_CONTINUE, ACT_MON_ENHANCED, ACT_INSP_SUBSYSTEM"
DS_IMS_2nd_test_HEALTHY_45,bearing_test_rig,HEALTHY,3,"ACT_MON_CONTINUE, ACT_MON_ENHANCED, ACT_INSP_SUBSYSTEM"
DS_IMS_2nd_test_HEALTHY_56,bearing_test_rig,HEALTHY,3,"ACT_MON_CONTINUE, ACT_MON_ENHANCED, ACT_INSP_SUBSYSTEM"
DS_IMS_2nd_test_HEALTHY_60,bearing_test_rig,HEALTHY,3,"ACT_MON_CONTINUE, ACT_MON_ENHANCED, ACT_INSP_SUBSYSTEM"
DS_IMS_2nd_test_HEALTHY_73,bearing_test_rig,HEALTHY,3,"ACT_MON_CONTINUE, ACT_MON_ENHANCED, ACT_INSP_SUBSYSTEM"
DS_IMS_2nd_test_HEALTHY_82,bearing_test_rig,HEALTHY,3,"ACT_MON_CONTINUE, ACT_MON_ENHANCED, ACT_INSP_SUBSYSTEM"
DS_IMS_2nd_test_HEALTHY_85,bearing_test_rig,HEALTHY,3,"ACT_MON_CONTINUE, ACT_MON_ENHANCED, ACT_INSP_SUBSYSTEM"
DS_IMS_2nd_test_HEALTHY_93,bearing_test_rig,HEALTHY,3,"ACT_MON_CONTINUE, ACT_MON_ENHANCED, ACT_INSP_SUBSYSTEM"
DS_IMS_2nd_test_WATCH_442,bearing_test_rig,WATCH,4,"ACT_MON_ENHANCED, ACT_MON_CONTINUE, ACT_INSP_VIBRATION, ACT_INSP_LUBRICATION"
DS_IMS_2nd_test_WATCH_451,bearing_test_rig,WATCH,4,"ACT_MON_ENHANCED, ACT_MON_CONTINUE, ACT_INSP_VIBRATION, ACT_INSP_LUBRICATION"
DS_IMS_2nd_test_WATCH_484,bearing_test_rig,WATCH,4,"ACT_MON_ENHANCED, ACT_MON_CONTINUE, ACT_INSP_VIBRATION, ACT_INSP_LUBRICATION"
DS_IMS_2nd_test_WATCH_497,bearing_test_rig,WATCH,4,"ACT_MON_ENHANCED, ACT_MON_CONTINUE, ACT_INSP_VIBRATION, ACT_INSP_LUBRICATION"
DS_IMS_2nd_test_WATCH_499,bearing_test_rig,WATCH,4,"ACT_MON_ENHANCED, ACT_MON_CONTINUE, ACT_INSP_VIBRATION, ACT_INSP_LUBRICATION"
DS_IMS_2nd_test_WATCH_514,bearing_test_rig,WATCH,4,"ACT_MON_ENHANCED, ACT_MON_CONTINUE, ACT_INSP_VIBRATION, ACT_INSP_LUBRICATION"
DS_IMS_2nd_test_WATCH_520,bearing_test_rig,WATCH,4,"ACT_MON_ENHANCED, ACT_MON_CONTINUE, ACT_INSP_VIBRATION, ACT_INSP_LUBRICATION"
DS_IMS_2nd_test_WATCH_532,bearing_test_rig,WATCH,4,"ACT_MON_ENHANCED, ACT_MON_CONTINUE, ACT_INSP_VIBRATION, ACT_INSP_LUBRICATION"
DS_IMS_2nd_test_WATCH_555,bearing_test_rig,WATCH,4,"ACT_MON_ENHANCED, ACT_MON_CONTINUE, ACT_INSP_VIBRATION, ACT_INSP_LUBRICATION"
DS_IMS_2nd_test_WATCH_558,bearing_test_rig,WATCH,4,"ACT_MON_ENHANCED, ACT_MON_CONTINUE, ACT_INSP_VIBRATION, ACT_INSP_LUBRICATION"
DS_IMS_2nd_test_WATCH_566,bearing_test_rig,WATCH,4,"ACT_MON_ENHANCED, ACT_MON_CONTINUE, ACT_INSP_VIBRATION, ACT_INSP_LUBRICATION"
DS_IMS_2nd_test_WATCH_579,bearing_test_rig,WATCH,4,"ACT_MON_ENHANCED, ACT_MON_CONTINUE, ACT_INSP_VIBRATION, ACT_INSP_LUBRICATION"
DS_IMS_2nd_test_WATCH_592,bearing_test_rig,WATCH,4,"ACT_MON_ENHANCED, ACT_MON_CONTINUE, ACT_INSP_VIBRATION, ACT_INSP_LUBRICATION"
DS_IMS_2nd_test_WATCH_675,bearing_test_rig,WATCH,4,"ACT_MON_ENHANCED, ACT_MON_CONTINUE, ACT_INSP_VIBRATION, ACT_INSP_LUBRICATION"
DS_IMS_2nd_test_WATCH_813,bearing_test_rig,WATCH,4,"ACT_MON_ENHANCED, ACT_MON_CONTINUE, ACT_INSP_VIBRATION, ACT_INSP_LUBRICATION"
DS_IMS_2nd_test_WATCH_831,bearing_test_rig,WATCH,4,"ACT_MON_ENHANCED, ACT_MON_CONTINUE, ACT_INSP_VIBRATION, ACT_INSP_LUBRICATION"
DS_METRO_CRIT_175123,air_compressor,CRITICAL,5,"ACT_REPL_SEAL_VALVE, ACT_OP_CONTROLLED_SHUTDOWN, ACT_CORR_CLEAN_PURGE, ACT_INSP_PRESSURE_HYDRAULIC, ACT_MON_CONTINUE"
DS_METRO_CRIT_202240,air_compressor,CRITICAL,5,"ACT_REPL_SEAL_VALVE, ACT_OP_CONTROLLED_SHUTDOWN, ACT_CORR_CLEAN_PURGE, ACT_INSP_PRESSURE_HYDRAULIC, ACT_MON_CONTINUE"
DS_METRO_CRIT_202506,air_compressor,CRITICAL,5,"ACT_REPL_SEAL_VALVE, ACT_OP_CONTROLLED_SHUTDOWN, ACT_CORR_CLEAN_PURGE, ACT_INSP_PRESSURE_HYDRAULIC, ACT_MON_CONTINUE"
DS_METRO_CRIT_211192,air_compressor,CRITICAL,5,"ACT_REPL_SEAL_VALVE, ACT_OP_CONTROLLED_SHUTDOWN, ACT_CORR_CLEAN_PURGE, ACT_INSP_PRESSURE_HYDRAULIC, ACT_MON_CONTINUE"
DS_METRO_CRIT_215330,air_compressor,CRITICAL,5,"ACT_REPL_SEAL_VALVE, ACT_OP_CONTROLLED_SHUTDOWN, ACT_CORR_CLEAN_PURGE, ACT_INSP_PRESSURE_HYDRAULIC, ACT_MON_CONTINUE"
DS_METRO_CRIT_221129,air_compressor,CRITICAL,5,"ACT_REPL_SEAL_VALVE, ACT_OP_CONTROLLED_SHUTDOWN, ACT_CORR_CLEAN_PURGE, ACT_INSP_PRESSURE_HYDRAULIC, ACT_MON_CONTINUE"
DS_METRO_CRIT_222762,air_compressor,CRITICAL,5,"ACT_REPL_SEAL_VALVE, ACT_OP_CONTROLLED_SHUTDOWN, ACT_CORR_CLEAN_PURGE, ACT_INSP_PRESSURE_HYDRAULIC, ACT_MON_CONTINUE"
DS_METRO_CRIT_224152,air_compressor,CRITICAL,5,"ACT_REPL_SEAL_VALVE, ACT_OP_CONTROLLED_SHUTDOWN, ACT_CORR_CLEAN_PURGE, ACT_INSP_PRESSURE_HYDRAULIC, ACT_MON_CONTINUE"
DS_METRO_CRIT_225644,air_compressor,CRITICAL,5,"ACT_REPL_SEAL_VALVE, ACT_OP_CONTROLLED_SHUTDOWN, ACT_CORR_CLEAN_PURGE, ACT_INSP_PRESSURE_HYDRAULIC, ACT_MON_CONTINUE"
DS_METRO_CRIT_225736,air_compressor,CRITICAL,5,"ACT_REPL_SEAL_VALVE, ACT_OP_CONTROLLED_SHUTDOWN, ACT_CORR_CLEAN_PURGE, ACT_INSP_PRESSURE_HYDRAULIC, ACT_MON_CONTINUE"
DS_METRO_CRIT_225748,air_compressor,CRITICAL,5,"ACT_REPL_SEAL_VALVE, ACT_OP_CONTROLLED_SHUTDOWN, ACT_CORR_CLEAN_PURGE, ACT_INSP_PRESSURE_HYDRAULIC, ACT_MON_CONTINUE"
DS_METRO_CRIT_225871,air_compressor,CRITICAL,5,"ACT_REPL_SEAL_VALVE, ACT_OP_CONTROLLED_SHUTDOWN, ACT_CORR_CLEAN_PURGE, ACT_INSP_PRESSURE_HYDRAULIC, ACT_MON_CONTINUE"
DS_METRO_CRIT_231437,air_compressor,CRITICAL,5,"ACT_REPL_SEAL_VALVE, ACT_OP_CONTROLLED_SHUTDOWN, ACT_CORR_CLEAN_PURGE, ACT_INSP_PRESSURE_HYDRAULIC, ACT_MON_CONTINUE"
DS_METRO_CRIT_232775,air_compressor,CRITICAL,5,"ACT_REPL_SEAL_VALVE, ACT_OP_CONTROLLED_SHUTDOWN, ACT_CORR_CLEAN_PURGE, ACT_INSP_PRESSURE_HYDRAULIC, ACT_MON_CONTINUE"
DS_METRO_CRIT_232844,air_compressor,CRITICAL,5,"ACT_REPL_SEAL_VALVE, ACT_OP_CONTROLLED_SHUTDOWN, ACT_CORR_CLEAN_PURGE, ACT_INSP_PRESSURE_HYDRAULIC, ACT_MON_CONTINUE"
DS_METRO_CRIT_234951,air_compressor,CRITICAL,5,"ACT_REPL_SEAL_VALVE, ACT_OP_CONTROLLED_SHUTDOWN, ACT_CORR_CLEAN_PURGE, ACT_INSP_PRESSURE_HYDRAULIC, ACT_MON_CONTINUE"
DS_METRO_CRIT_234952,air_compressor,CRITICAL,5,"ACT_REPL_SEAL_VALVE, ACT_OP_CONTROLLED_SHUTDOWN, ACT_CORR_CLEAN_PURGE, ACT_INSP_PRESSURE_HYDRAULIC, ACT_MON_CONTINUE"
DS_METRO_CRIT_235674,air_compressor,CRITICAL,5,"ACT_REPL_SEAL_VALVE, ACT_OP_CONTROLLED_SHUTDOWN, ACT_CORR_CLEAN_PURGE, ACT_INSP_PRESSURE_HYDRAULIC, ACT_MON_CONTINUE"
DS_METRO_CRIT_235697,air_compressor,CRITICAL,5,"ACT_REPL_SEAL_VALVE, ACT_OP_CONTROLLED_SHUTDOWN, ACT_CORR_CLEAN_PURGE, ACT_INSP_PRESSURE_HYDRAULIC, ACT_MON_CONTINUE"
DS_METRO_CRIT_237752,air_compressor,CRITICAL,5,"ACT_REPL_SEAL_VALVE, ACT_OP_CONTROLLED_SHUTDOWN, ACT_CORR_CLEAN_PURGE, ACT_INSP_PRESSURE_HYDRAULIC, ACT_MON_CONTINUE"
DS_METRO_CRIT_237802,air_compressor,CRITICAL,5,"ACT_REPL_SEAL_VALVE, ACT_OP_CONTROLLED_SHUTDOWN, ACT_CORR_CLEAN_PURGE, ACT_INSP_PRESSURE_HYDRAULIC, ACT_MON_CONTINUE"
DS_METRO_CRIT_238305,air_compressor,CRITICAL,5,"ACT_REPL_SEAL_VALVE, ACT_OP_CONTROLLED_SHUTDOWN, ACT_CORR_CLEAN_PURGE, ACT_INSP_PRESSURE_HYDRAULIC, ACT_MON_CONTINUE"
DS_METRO_CRIT_238395,air_compressor,CRITICAL,5,"ACT_REPL_SEAL_VALVE, ACT_OP_CONTROLLED_SHUTDOWN, ACT_CORR_CLEAN_PURGE, ACT_INSP_PRESSURE_HYDRAULIC, ACT_MON_CONTINUE"
DS_METRO_CRIT_238455,air_compressor,CRITICAL,5,"ACT_REPL_SEAL_VALVE, ACT_OP_CONTROLLED_SHUTDOWN, ACT_CORR_CLEAN_PURGE, ACT_INSP_PRESSURE_HYDRAULIC, ACT_MON_CONTINUE"
DS_METRO_CRIT_238733,air_compressor,CRITICAL,5,"ACT_REPL_SEAL_VALVE, ACT_OP_CONTROLLED_SHUTDOWN, ACT_CORR_CLEAN_PURGE, ACT_INSP_PRESSURE_HYDRAULIC, ACT_MON_CONTINUE"
DS_METRO_CRIT_238759,air_compressor,CRITICAL,5,"ACT_REPL_SEAL_VALVE, ACT_OP_CONTROLLED_SHUTDOWN, ACT_CORR_CLEAN_PURGE, ACT_INSP_PRESSURE_HYDRAULIC, ACT_MON_CONTINUE"
DS_METRO_CRIT_240387,air_compressor,CRITICAL,5,"ACT_REPL_SEAL_VALVE, ACT_OP_CONTROLLED_SHUTDOWN, ACT_CORR_CLEAN_PURGE, ACT_INSP_PRESSURE_HYDRAULIC, ACT_MON_CONTINUE"
DS_METRO_CRIT_240408,air_compressor,CRITICAL,5,"ACT_REPL_SEAL_VALVE, ACT_OP_CONTROLLED_SHUTDOWN, ACT_CORR_CLEAN_PURGE, ACT_INSP_PRESSURE_HYDRAULIC, ACT_MON_CONTINUE"
DS_METRO_CRIT_240418,air_compressor,CRITICAL,5,"ACT_REPL_SEAL_VALVE, ACT_OP_CONTROLLED_SHUTDOWN, ACT_CORR_CLEAN_PURGE, ACT_INSP_PRESSURE_HYDRAULIC, ACT_MON_CONTINUE"
DS_METRO_CRIT_241223,air_compressor,CRITICAL,5,"ACT_REPL_SEAL_VALVE, ACT_OP_CONTROLLED_SHUTDOWN, ACT_CORR_CLEAN_PURGE, ACT_INSP_PRESSURE_HYDRAULIC, ACT_MON_CONTINUE"
DS_METRO_CRIT_241842,air_compressor,CRITICAL,5,"ACT_REPL_SEAL_VALVE, ACT_OP_CONTROLLED_SHUTDOWN, ACT_CORR_CLEAN_PURGE, ACT_INSP_PRESSURE_HYDRAULIC, ACT_MON_CONTINUE"
DS_METRO_CRIT_291638,air_compressor,CRITICAL,5,"ACT_REPL_SEAL_VALVE, ACT_OP_CONTROLLED_SHUTDOWN, ACT_CORR_CLEAN_PURGE, ACT_INSP_PRESSURE_HYDRAULIC, ACT_MON_CONTINUE"
DS_METRO_CRIT_293197,air_compressor,CRITICAL,5,"ACT_REPL_SEAL_VALVE, ACT_OP_CONTROLLED_SHUTDOWN, ACT_CORR_CLEAN_PURGE, ACT_INSP_PRESSURE_HYDRAULIC, ACT_MON_CONTINUE"
DS_METRO_HEALTHY_114612,air_compressor,HEALTHY,3,"ACT_MON_CONTINUE, ACT_MON_ENHANCED, ACT_MON_PARAMETER_LOG"
DS_METRO_HEALTHY_134475,air_compressor,HEALTHY,3,"ACT_MON_CONTINUE, ACT_MON_ENHANCED, ACT_MON_PARAMETER_LOG"
DS_METRO_HEALTHY_138101,air_compressor,HEALTHY,3,"ACT_MON_CONTINUE, ACT_MON_ENHANCED, ACT_MON_PARAMETER_LOG"
DS_METRO_HEALTHY_140810,air_compressor,HEALTHY,3,"ACT_MON_CONTINUE, ACT_MON_ENHANCED, ACT_MON_PARAMETER_LOG"
DS_METRO_HEALTHY_158890,air_compressor,HEALTHY,3,"ACT_MON_CONTINUE, ACT_MON_ENHANCED, ACT_MON_PARAMETER_LOG"
DS_METRO_HEALTHY_166601,air_compressor,HEALTHY,3,"ACT_MON_CONTINUE, ACT_MON_ENHANCED, ACT_MON_PARAMETER_LOG"
DS_METRO_HEALTHY_167281,air_compressor,HEALTHY,3,"ACT_MON_CONTINUE, ACT_MON_ENHANCED, ACT_MON_PARAMETER_LOG"
DS_METRO_HEALTHY_168418,air_compressor,HEALTHY,3,"ACT_MON_CONTINUE, ACT_MON_ENHANCED, ACT_MON_PARAMETER_LOG"
DS_METRO_HEALTHY_170956,air_compressor,HEALTHY,3,"ACT_MON_CONTINUE, ACT_MON_ENHANCED, ACT_MON_PARAMETER_LOG"
DS_METRO_HEALTHY_18412,air_compressor,HEALTHY,3,"ACT_MON_CONTINUE, ACT_MON_ENHANCED, ACT_MON_PARAMETER_LOG"
DS_METRO_HEALTHY_193803,air_compressor,HEALTHY,3,"ACT_MON_CONTINUE, ACT_MON_ENHANCED, ACT_MON_PARAMETER_LOG"
DS_METRO_HEALTHY_20877,air_compressor,HEALTHY,3,"ACT_MON_CONTINUE, ACT_MON_ENHANCED, ACT_MON_PARAMETER_LOG"
DS_METRO_HEALTHY_218852,air_compressor,HEALTHY,3,"ACT_MON_CONTINUE, ACT_MON_ENHANCED, ACT_MON_PARAMETER_LOG"
DS_METRO_HEALTHY_221896,air_compressor,HEALTHY,3,"ACT_MON_CONTINUE, ACT_MON_ENHANCED, ACT_MON_PARAMETER_LOG"
DS_METRO_HEALTHY_229429,air_compressor,HEALTHY,3,"ACT_MON_CONTINUE, ACT_MON_ENHANCED, ACT_MON_PARAMETER_LOG"
DS_METRO_HEALTHY_247595,air_compressor,HEALTHY,3,"ACT_MON_CONTINUE, ACT_MON_ENHANCED, ACT_MON_PARAMETER_LOG"
DS_METRO_HEALTHY_265516,air_compressor,HEALTHY,3,"ACT_MON_CONTINUE, ACT_MON_ENHANCED, ACT_MON_PARAMETER_LOG"
DS_METRO_HEALTHY_272043,air_compressor,HEALTHY,3,"ACT_MON_CONTINUE, ACT_MON_ENHANCED, ACT_MON_PARAMETER_LOG"
DS_METRO_HEALTHY_275580,air_compressor,HEALTHY,3,"ACT_MON_CONTINUE, ACT_MON_ENHANCED, ACT_MON_PARAMETER_LOG"
DS_METRO_HEALTHY_287545,air_compressor,HEALTHY,3,"ACT_MON_CONTINUE, ACT_MON_ENHANCED, ACT_MON_PARAMETER_LOG"
DS_METRO_HEALTHY_288224,air_compressor,HEALTHY,3,"ACT_MON_CONTINUE, ACT_MON_ENHANCED, ACT_MON_PARAMETER_LOG"
DS_METRO_HEALTHY_297474,air_compressor,HEALTHY,3,"ACT_MON_CONTINUE, ACT_MON_ENHANCED, ACT_MON_PARAMETER_LOG"
DS_METRO_HEALTHY_298804,air_compressor,HEALTHY,3,"ACT_MON_CONTINUE, ACT_MON_ENHANCED, ACT_MON_PARAMETER_LOG"
DS_METRO_HEALTHY_32719,air_compressor,HEALTHY,3,"ACT_MON_CONTINUE, ACT_MON_ENHANCED, ACT_MON_PARAMETER_LOG"
DS_METRO_HEALTHY_42577,air_compressor,HEALTHY,3,"ACT_MON_CONTINUE, ACT_MON_ENHANCED, ACT_MON_PARAMETER_LOG"
DS_METRO_HEALTHY_43290,air_compressor,HEALTHY,3,"ACT_MON_CONTINUE, ACT_MON_ENHANCED, ACT_MON_PARAMETER_LOG"
DS_METRO_HEALTHY_65006,air_compressor,HEALTHY,3,"ACT_MON_CONTINUE, ACT_MON_ENHANCED, ACT_MON_PARAMETER_LOG"
DS_METRO_HEALTHY_896,air_compressor,HEALTHY,3,"ACT_MON_CONTINUE, ACT_MON_ENHANCED, ACT_MON_PARAMETER_LOG"
DS_METRO_HEALTHY_91264,air_compressor,HEALTHY,3,"ACT_MON_CONTINUE, ACT_MON_ENHANCED, ACT_MON_PARAMETER_LOG"
DS_METRO_HEALTHY_97464,air_compressor,HEALTHY,3,"ACT_MON_CONTINUE, ACT_MON_ENHANCED, ACT_MON_PARAMETER_LOG"
DS_MILL_CRIT_810,cnc_mill,CRITICAL,5,"ACT_REPL_TOOL_INSERT, ACT_OP_CONTROLLED_SHUTDOWN, ACT_OP_DERATE_LOAD, ACT_INSP_TOOL_WEAR, ACT_MON_CONTINUE"
DS_MILL_CRIT_817,cnc_mill,CRITICAL,5,"ACT_REPL_TOOL_INSERT, ACT_OP_CONTROLLED_SHUTDOWN, ACT_OP_DERATE_LOAD, ACT_INSP_TOOL_WEAR, ACT_MON_CONTINUE"
DS_MILL_CRIT_830,cnc_mill,CRITICAL,5,"ACT_REPL_TOOL_INSERT, ACT_OP_CONTROLLED_SHUTDOWN, ACT_OP_DERATE_LOAD, ACT_INSP_TOOL_WEAR, ACT_MON_CONTINUE"
DS_MILL_CRIT_867,cnc_mill,CRITICAL,5,"ACT_REPL_TOOL_INSERT, ACT_OP_CONTROLLED_SHUTDOWN, ACT_OP_DERATE_LOAD, ACT_INSP_TOOL_WEAR, ACT_MON_CONTINUE"
DS_MILL_CRIT_877,cnc_mill,CRITICAL,5,"ACT_REPL_TOOL_INSERT, ACT_OP_CONTROLLED_SHUTDOWN, ACT_OP_DERATE_LOAD, ACT_INSP_TOOL_WEAR, ACT_MON_CONTINUE"
DS_MILL_CRIT_879,cnc_mill,CRITICAL,5,"ACT_REPL_TOOL_INSERT, ACT_OP_CONTROLLED_SHUTDOWN, ACT_OP_DERATE_LOAD, ACT_INSP_TOOL_WEAR, ACT_MON_CONTINUE"
DS_MILL_CRIT_885,cnc_mill,CRITICAL,5,"ACT_REPL_TOOL_INSERT, ACT_OP_CONTROLLED_SHUTDOWN, ACT_OP_DERATE_LOAD, ACT_INSP_TOOL_WEAR, ACT_MON_CONTINUE"
DS_MILL_CRIT_933,cnc_mill,CRITICAL,5,"ACT_REPL_TOOL_INSERT, ACT_OP_CONTROLLED_SHUTDOWN, ACT_OP_DERATE_LOAD, ACT_INSP_TOOL_WEAR, ACT_MON_CONTINUE"
DS_MILL_CRIT_944,cnc_mill,CRITICAL,5,"ACT_REPL_TOOL_INSERT, ACT_OP_CONTROLLED_SHUTDOWN, ACT_OP_DERATE_LOAD, ACT_INSP_TOOL_WEAR, ACT_MON_CONTINUE"
DS_MILL_CRIT_949,cnc_mill,CRITICAL,5,"ACT_REPL_TOOL_INSERT, ACT_OP_CONTROLLED_SHUTDOWN, ACT_OP_DERATE_LOAD, ACT_INSP_TOOL_WEAR, ACT_MON_CONTINUE"
DS_MILL_CRIT_951,cnc_mill,CRITICAL,5,"ACT_REPL_TOOL_INSERT, ACT_OP_CONTROLLED_SHUTDOWN, ACT_OP_DERATE_LOAD, ACT_INSP_TOOL_WEAR, ACT_MON_CONTINUE"
DS_MILL_CRIT_953,cnc_mill,CRITICAL,5,"ACT_REPL_TOOL_INSERT, ACT_OP_CONTROLLED_SHUTDOWN, ACT_OP_DERATE_LOAD, ACT_INSP_TOOL_WEAR, ACT_MON_CONTINUE"
DS_MILL_CRIT_966,cnc_mill,CRITICAL,5,"ACT_REPL_TOOL_INSERT, ACT_OP_CONTROLLED_SHUTDOWN, ACT_OP_DERATE_LOAD, ACT_INSP_TOOL_WEAR, ACT_MON_CONTINUE"
DS_MILL_CRIT_997,cnc_mill,CRITICAL,5,"ACT_REPL_TOOL_INSERT, ACT_OP_CONTROLLED_SHUTDOWN, ACT_OP_DERATE_LOAD, ACT_INSP_TOOL_WEAR, ACT_MON_CONTINUE"
DS_MILL_HEALTHY_104,cnc_mill,HEALTHY,3,"ACT_MON_CONTINUE, ACT_MON_ENHANCED, ACT_INSP_SUBSYSTEM"
DS_MILL_HEALTHY_237,cnc_mill,HEALTHY,3,"ACT_MON_CONTINUE, ACT_MON_ENHANCED, ACT_INSP_SUBSYSTEM"
DS_MILL_HEALTHY_249,cnc_mill,HEALTHY,3,"ACT_MON_CONTINUE, ACT_MON_ENHANCED, ACT_INSP_SUBSYSTEM"
DS_MILL_HEALTHY_281,cnc_mill,HEALTHY,3,"ACT_MON_CONTINUE, ACT_MON_ENHANCED, ACT_INSP_SUBSYSTEM"
DS_MILL_HEALTHY_45,cnc_mill,HEALTHY,3,"ACT_MON_CONTINUE, ACT_MON_ENHANCED, ACT_INSP_SUBSYSTEM"
DS_MILL_HEALTHY_73,cnc_mill,HEALTHY,3,"ACT_MON_CONTINUE, ACT_MON_ENHANCED, ACT_INSP_SUBSYSTEM"
DS_MILL_WATCH_372,cnc_mill,WATCH,4,"ACT_MON_ENHANCED, ACT_MON_CONTINUE, ACT_INSP_TOOL_WEAR, ACT_OP_ADJUST_PARAMS"
DS_MILL_WATCH_405,cnc_mill,WATCH,4,"ACT_MON_ENHANCED, ACT_MON_CONTINUE, ACT_INSP_TOOL_WEAR, ACT_OP_ADJUST_PARAMS"
DS_MILL_WATCH_422,cnc_mill,WATCH,4,"ACT_MON_ENHANCED, ACT_MON_CONTINUE, ACT_INSP_TOOL_WEAR, ACT_OP_ADJUST_PARAMS"
DS_MILL_WATCH_463,cnc_mill,WATCH,4,"ACT_MON_ENHANCED, ACT_MON_CONTINUE, ACT_INSP_TOOL_WEAR, ACT_OP_ADJUST_PARAMS"
DS_MILL_WATCH_491,cnc_mill,WATCH,4,"ACT_MON_ENHANCED, ACT_MON_CONTINUE, ACT_INSP_TOOL_WEAR, ACT_OP_ADJUST_PARAMS"
DS_MILL_WATCH_531,cnc_mill,WATCH,4,"ACT_MON_ENHANCED, ACT_MON_CONTINUE, ACT_INSP_TOOL_WEAR, ACT_OP_ADJUST_PARAMS"
DS_MILL_WATCH_561,cnc_mill,WATCH,4,"ACT_MON_ENHANCED, ACT_MON_CONTINUE, ACT_INSP_TOOL_WEAR, ACT_OP_ADJUST_PARAMS"
DS_MILL_WATCH_627,cnc_mill,WATCH,4,"ACT_MON_ENHANCED, ACT_MON_CONTINUE, ACT_INSP_TOOL_WEAR, ACT_OP_ADJUST_PARAMS"
DS_MILL_WATCH_631,cnc_mill,WATCH,4,"ACT_MON_ENHANCED, ACT_MON_CONTINUE, ACT_INSP_TOOL_WEAR, ACT_OP_ADJUST_PARAMS"
DS_MILL_WATCH_672,cnc_mill,WATCH,4,"ACT_MON_ENHANCED, ACT_MON_CONTINUE, ACT_INSP_TOOL_WEAR, ACT_OP_ADJUST_PARAMS"
DS_MILL_WATCH_684,cnc_mill,WATCH,4,"ACT_MON_ENHANCED, ACT_MON_CONTINUE, ACT_INSP_TOOL_WEAR, ACT_OP_ADJUST_PARAMS"
DS_MILL_WATCH_699,cnc_mill,WATCH,4,"ACT_MON_ENHANCED, ACT_MON_CONTINUE, ACT_INSP_TOOL_WEAR, ACT_OP_ADJUST_PARAMS"
DS_MILL_WATCH_733,cnc_mill,WATCH,4,"ACT_MON_ENHANCED, ACT_MON_CONTINUE, ACT_INSP_TOOL_WEAR, ACT_OP_ADJUST_PARAMS"
DS_SMSTATIC_M001_1016,industrial_machine,WATCH,4,"ACT_MON_ENHANCED, ACT_MON_CONTINUE, ACT_INSP_VIBRATION, ACT_INSP_LUBRICATION"
DS_SMSTATIC_M001_1069,industrial_machine,CRITICAL,5,"ACT_REPL_BEARING, ACT_OP_CONTROLLED_SHUTDOWN, ACT_CORR_LUBRICATE, ACT_INSP_VIBRATION, ACT_MON_CONTINUE"
DS_SMSTATIC_M001_1187,industrial_machine,HEALTHY,3,"ACT_MON_CONTINUE, ACT_MON_ENHANCED, ACT_MON_PARAMETER_LOG"
DS_SMSTATIC_M001_1194,industrial_machine,WATCH,4,"ACT_MON_ENHANCED, ACT_MON_CONTINUE, ACT_INSP_VIBRATION, ACT_INSP_LUBRICATION"
DS_SMSTATIC_M001_1356,industrial_machine,HEALTHY,3,"ACT_MON_CONTINUE, ACT_MON_ENHANCED, ACT_MON_PARAMETER_LOG"
DS_SMSTATIC_M001_1391,industrial_machine,WATCH,4,"ACT_MON_ENHANCED, ACT_MON_CONTINUE, ACT_INSP_VIBRATION, ACT_INSP_LUBRICATION"
DS_SMSTATIC_M001_273,industrial_machine,WATCH,4,"ACT_MON_ENHANCED, ACT_MON_CONTINUE, ACT_INSP_VIBRATION, ACT_INSP_LUBRICATION"
DS_SMSTATIC_M001_282,industrial_machine,CRITICAL,5,"ACT_REPL_BEARING, ACT_OP_CONTROLLED_SHUTDOWN, ACT_CORR_LUBRICATE, ACT_INSP_VIBRATION, ACT_MON_CONTINUE"
DS_SMSTATIC_M001_331,industrial_machine,HEALTHY,3,"ACT_MON_CONTINUE, ACT_MON_ENHANCED, ACT_MON_PARAMETER_LOG"
DS_SMSTATIC_M001_42,industrial_machine,HEALTHY,3,"ACT_MON_CONTINUE, ACT_MON_ENHANCED, ACT_MON_PARAMETER_LOG"
DS_SMSTATIC_M001_459,industrial_machine,HEALTHY,3,"ACT_MON_CONTINUE, ACT_MON_ENHANCED, ACT_MON_PARAMETER_LOG"
DS_SMSTATIC_M001_476,industrial_machine,WATCH,4,"ACT_MON_ENHANCED, ACT_MON_CONTINUE, ACT_INSP_VIBRATION, ACT_INSP_LUBRICATION"
DS_SMSTATIC_M001_502,industrial_machine,CRITICAL,5,"ACT_REPL_BEARING, ACT_OP_CONTROLLED_SHUTDOWN, ACT_CORR_LUBRICATE, ACT_INSP_VIBRATION, ACT_MON_CONTINUE"
DS_SMSTATIC_M001_504,industrial_machine,WATCH,4,"ACT_MON_ENHANCED, ACT_MON_CONTINUE, ACT_INSP_VIBRATION, ACT_INSP_LUBRICATION"
DS_SMSTATIC_M001_752,industrial_machine,WATCH,4,"ACT_MON_ENHANCED, ACT_MON_CONTINUE, ACT_INSP_VIBRATION, ACT_INSP_LUBRICATION"
DS_SMSTATIC_M001_795,industrial_machine,CRITICAL,5,"ACT_REPL_BEARING, ACT_OP_CONTROLLED_SHUTDOWN, ACT_CORR_LUBRICATE, ACT_INSP_VIBRATION, ACT_MON_CONTINUE"
DS_SMSTATIC_M001_836,industrial_machine,WATCH,4,"ACT_MON_ENHANCED, ACT_MON_CONTINUE, ACT_INSP_VIBRATION, ACT_INSP_LUBRICATION"
DS_SMSTATIC_M001_919,industrial_machine,HEALTHY,3,"ACT_MON_CONTINUE, ACT_MON_ENHANCED, ACT_MON_PARAMETER_LOG"
DS_SMSTATIC_M002_158,industrial_machine,HEALTHY,3,"ACT_MON_CONTINUE, ACT_MON_ENHANCED, ACT_MON_PARAMETER_LOG"
DS_SMSTATIC_M002_245,industrial_machine,CRITICAL,5,"ACT_REPL_BEARING, ACT_OP_CONTROLLED_SHUTDOWN, ACT_CORR_LUBRICATE, ACT_INSP_VIBRATION, ACT_MON_CONTINUE"
DS_SMSTATIC_M002_383,industrial_machine,HEALTHY,3,"ACT_MON_CONTINUE, ACT_MON_ENHANCED, ACT_MON_PARAMETER_LOG"
DS_SMSTATIC_M002_499,industrial_machine,HEALTHY,3,"ACT_MON_CONTINUE, ACT_MON_ENHANCED, ACT_MON_PARAMETER_LOG"
DS_SMSTATIC_M002_734,industrial_machine,HEALTHY,3,"ACT_MON_CONTINUE, ACT_MON_ENHANCED, ACT_MON_PARAMETER_LOG"
DS_SMSTATIC_M002_93,industrial_machine,WATCH,4,"ACT_MON_ENHANCED, ACT_MON_CONTINUE, ACT_INSP_VIBRATION, ACT_INSP_LUBRICATION"
DS_SMSTATIC_M002_934,industrial_machine,WATCH,4,"ACT_MON_ENHANCED, ACT_MON_CONTINUE, ACT_INSP_VIBRATION, ACT_INSP_LUBRICATION"
DS_SMSTATIC_M003_1290,industrial_machine,CRITICAL,5,"ACT_REPL_BEARING, ACT_OP_CONTROLLED_SHUTDOWN, ACT_CORR_LUBRICATE, ACT_INSP_VIBRATION, ACT_MON_CONTINUE"
DS_SMSTATIC_M003_1387,industrial_machine,HEALTHY,3,"ACT_MON_CONTINUE, ACT_MON_ENHANCED, ACT_MON_PARAMETER_LOG"
DS_SMSTATIC_M003_338,industrial_machine,WATCH,4,"ACT_MON_ENHANCED, ACT_MON_CONTINUE, ACT_INSP_VIBRATION, ACT_INSP_LUBRICATION"
DS_SMSTATIC_M003_627,industrial_machine,WATCH,4,"ACT_MON_ENHANCED, ACT_MON_CONTINUE, ACT_INSP_VIBRATION, ACT_INSP_LUBRICATION"
DS_SMSTATIC_M003_914,industrial_machine,HEALTHY,3,"ACT_MON_CONTINUE, ACT_MON_ENHANCED, ACT_MON_PARAMETER_LOG"
DS_SMSTATIC_M003_959,industrial_machine,CRITICAL,5,"ACT_REPL_BEARING, ACT_OP_CONTROLLED_SHUTDOWN, ACT_CORR_LUBRICATE, ACT_INSP_VIBRATION, ACT_MON_CONTINUE"
DS_SMSTATIC_M004_1148,industrial_machine,WATCH,4,"ACT_MON_ENHANCED, ACT_MON_CONTINUE, ACT_INSP_VIBRATION, ACT_INSP_LUBRICATION"
DS_SMSTATIC_M004_208,industrial_machine,CRITICAL,5,"ACT_REPL_BEARING, ACT_OP_CONTROLLED_SHUTDOWN, ACT_CORR_LUBRICATE, ACT_INSP_VIBRATION, ACT_MON_CONTINUE"
DS_SMSTATIC_M004_214,industrial_machine,HEALTHY,3,"ACT_MON_CONTINUE, ACT_MON_ENHANCED, ACT_MON_PARAMETER_LOG"
DS_SMSTATIC_M004_330,industrial_machine,CRITICAL,5,"ACT_REPL_BEARING, ACT_OP_CONTROLLED_SHUTDOWN, ACT_CORR_LUBRICATE, ACT_INSP_VIBRATION, ACT_MON_CONTINUE"
DS_SMSTATIC_M004_495,industrial_machine,WATCH,4,"ACT_MON_ENHANCED, ACT_MON_CONTINUE, ACT_INSP_VIBRATION, ACT_INSP_LUBRICATION"
DS_SMSTATIC_M004_588,industrial_machine,WATCH,4,"ACT_MON_ENHANCED, ACT_MON_CONTINUE, ACT_INSP_VIBRATION, ACT_INSP_LUBRICATION"
DS_SMSTATIC_M004_610,industrial_machine,CRITICAL,5,"ACT_REPL_BEARING, ACT_OP_CONTROLLED_SHUTDOWN, ACT_CORR_LUBRICATE, ACT_INSP_VIBRATION, ACT_MON_CONTINUE"
DS_SMSTATIC_M004_624,industrial_machine,WATCH,4,"ACT_MON_ENHANCED, ACT_MON_CONTINUE, ACT_INSP_VIBRATION, ACT_INSP_LUBRICATION"
DS_SMSTATIC_M005_1045,industrial_machine,CRITICAL,5,"ACT_REPL_BEARING, ACT_OP_CONTROLLED_SHUTDOWN, ACT_CORR_LUBRICATE, ACT_INSP_VIBRATION, ACT_MON_CONTINUE"
DS_SMSTATIC_M005_1065,industrial_machine,WATCH,4,"ACT_MON_ENHANCED, ACT_MON_CONTINUE, ACT_INSP_VIBRATION, ACT_INSP_LUBRICATION"
DS_SMSTATIC_M005_140,industrial_machine,CRITICAL,5,"ACT_REPL_BEARING, ACT_OP_CONTROLLED_SHUTDOWN, ACT_CORR_LUBRICATE, ACT_INSP_VIBRATION, ACT_MON_CONTINUE"
DS_SMSTATIC_M005_206,industrial_machine,CRITICAL,5,"ACT_REPL_BEARING, ACT_OP_CONTROLLED_SHUTDOWN, ACT_CORR_LUBRICATE, ACT_INSP_VIBRATION, ACT_MON_CONTINUE"
DS_SMSTATIC_M005_294,industrial_machine,CRITICAL,5,"ACT_REPL_BEARING, ACT_OP_CONTROLLED_SHUTDOWN, ACT_CORR_LUBRICATE, ACT_INSP_VIBRATION, ACT_MON_CONTINUE"
DS_SMSTATIC_M005_429,industrial_machine,CRITICAL,5,"ACT_REPL_BEARING, ACT_OP_CONTROLLED_SHUTDOWN, ACT_CORR_LUBRICATE, ACT_INSP_VIBRATION, ACT_MON_CONTINUE"
DS_SMSTATIC_M005_742,industrial_machine,HEALTHY,3,"ACT_MON_CONTINUE, ACT_MON_ENHANCED, ACT_MON_PARAMETER_LOG"
DS_SMSTATIC_M005_765,industrial_machine,HEALTHY,3,"ACT_MON_CONTINUE, ACT_MON_ENHANCED, ACT_MON_PARAMETER_LOG"
DS_SMSTATIC_M005_812,industrial_machine,WATCH,4,"ACT_MON_ENHANCED, ACT_MON_CONTINUE, ACT_INSP_VIBRATION, ACT_INSP_LUBRICATION"
DS_SMSTATIC_M005_84,industrial_machine,HEALTHY,3,"ACT_MON_CONTINUE, ACT_MON_ENHANCED, ACT_MON_PARAMETER_LOG"
DS_SMSTATIC_M005_910,industrial_machine,HEALTHY,3,"ACT_MON_CONTINUE, ACT_MON_ENHANCED, ACT_MON_PARAMETER_LOG"
DS_SMSTATIC_M005_922,industrial_machine,CRITICAL,5,"ACT_REPL_BEARING, ACT_OP_CONTROLLED_SHUTDOWN, ACT_CORR_LUBRICATE, ACT_INSP_VIBRATION, ACT_MON_CONTINUE"
DS_SMSTATIC_M006_1192,industrial_machine,WATCH,4,"ACT_MON_ENHANCED, ACT_MON_CONTINUE, ACT_INSP_VIBRATION, ACT_INSP_LUBRICATION"
DS_SMSTATIC_M006_124,industrial_machine,HEALTHY,3,"ACT_MON_CONTINUE, ACT_MON_ENHANCED, ACT_MON_PARAMETER_LOG"
DS_SMSTATIC_M006_1316,industrial_machine,WATCH,4,"ACT_MON_ENHANCED, ACT_MON_CONTINUE, ACT_INSP_VIBRATION, ACT_INSP_LUBRICATION"
DS_SMSTATIC_M006_201,industrial_machine,HEALTHY,3,"ACT_MON_CONTINUE, ACT_MON_ENHANCED, ACT_MON_PARAMETER_LOG"
DS_SMSTATIC_M006_25,industrial_machine,CRITICAL,5,"ACT_REPL_BEARING, ACT_OP_CONTROLLED_SHUTDOWN, ACT_CORR_LUBRICATE, ACT_INSP_VIBRATION, ACT_MON_CONTINUE"
DS_SMSTATIC_M006_254,industrial_machine,HEALTHY,3,"ACT_MON_CONTINUE, ACT_MON_ENHANCED, ACT_MON_PARAMETER_LOG"
DS_SMSTATIC_M006_479,industrial_machine,HEALTHY,3,"ACT_MON_CONTINUE, ACT_MON_ENHANCED, ACT_MON_PARAMETER_LOG"
DS_SMSTATIC_M006_529,industrial_machine,CRITICAL,5,"ACT_REPL_BEARING, ACT_OP_CONTROLLED_SHUTDOWN, ACT_CORR_LUBRICATE, ACT_INSP_VIBRATION, ACT_MON_CONTINUE"
DS_SMSTATIC_M006_915,industrial_machine,WATCH,4,"ACT_MON_ENHANCED, ACT_MON_CONTINUE, ACT_INSP_VIBRATION, ACT_INSP_LUBRICATION"
DS_SMSTATIC_M006_968,industrial_machine,WATCH,4,"ACT_MON_ENHANCED, ACT_MON_CONTINUE, ACT_INSP_VIBRATION, ACT_INSP_LUBRICATION"
DS_SMSTATIC_M007_1076,industrial_machine,CRITICAL,5,"ACT_REPL_BEARING, ACT_OP_CONTROLLED_SHUTDOWN, ACT_CORR_LUBRICATE, ACT_INSP_VIBRATION, ACT_MON_CONTINUE"
DS_SMSTATIC_M007_1136,industrial_machine,HEALTHY,3,"ACT_MON_CONTINUE, ACT_MON_ENHANCED, ACT_MON_PARAMETER_LOG"
DS_SMSTATIC_M007_1230,industrial_machine,WATCH,4,"ACT_MON_ENHANCED, ACT_MON_CONTINUE, ACT_INSP_VIBRATION, ACT_INSP_LUBRICATION"
DS_SMSTATIC_M007_1405,industrial_machine,WATCH,4,"ACT_MON_ENHANCED, ACT_MON_CONTINUE, ACT_INSP_VIBRATION, ACT_INSP_LUBRICATION"
DS_SMSTATIC_M007_198,industrial_machine,CRITICAL,5,"ACT_REPL_BEARING, ACT_OP_CONTROLLED_SHUTDOWN, ACT_CORR_LUBRICATE, ACT_INSP_VIBRATION, ACT_MON_CONTINUE"
DS_SMSTATIC_M007_593,industrial_machine,CRITICAL,5,"ACT_REPL_BEARING, ACT_OP_CONTROLLED_SHUTDOWN, ACT_CORR_LUBRICATE, ACT_INSP_VIBRATION, ACT_MON_CONTINUE"
DS_SMSTATIC_M007_697,industrial_machine,HEALTHY,3,"ACT_MON_CONTINUE, ACT_MON_ENHANCED, ACT_MON_PARAMETER_LOG"
DS_SMSTATIC_M007_791,industrial_machine,CRITICAL,5,"ACT_REPL_BEARING, ACT_OP_CONTROLLED_SHUTDOWN, ACT_CORR_LUBRICATE, ACT_INSP_VIBRATION, ACT_MON_CONTINUE"
DS_SMSTATIC_M007_858,industrial_machine,CRITICAL,5,"ACT_REPL_BEARING, ACT_OP_CONTROLLED_SHUTDOWN, ACT_CORR_LUBRICATE, ACT_INSP_VIBRATION, ACT_MON_CONTINUE"
DS_SMSTATIC_M008_1077,industrial_machine,HEALTHY,3,"ACT_MON_CONTINUE, ACT_MON_ENHANCED, ACT_MON_PARAMETER_LOG"
DS_SMSTATIC_M008_1150,industrial_machine,CRITICAL,5,"ACT_REPL_BEARING, ACT_OP_CONTROLLED_SHUTDOWN, ACT_CORR_LUBRICATE, ACT_INSP_VIBRATION, ACT_MON_CONTINUE"
DS_SMSTATIC_M008_1151,industrial_machine,CRITICAL,5,"ACT_REPL_BEARING, ACT_OP_CONTROLLED_SHUTDOWN, ACT_CORR_LUBRICATE, ACT_INSP_VIBRATION, ACT_MON_CONTINUE"
DS_SMSTATIC_M008_1292,industrial_machine,CRITICAL,5,"ACT_REPL_BEARING, ACT_OP_CONTROLLED_SHUTDOWN, ACT_CORR_LUBRICATE, ACT_INSP_VIBRATION, ACT_MON_CONTINUE"
DS_SMSTATIC_M008_1321,industrial_machine,CRITICAL,5,"ACT_REPL_BEARING, ACT_OP_CONTROLLED_SHUTDOWN, ACT_CORR_LUBRICATE, ACT_INSP_VIBRATION, ACT_MON_CONTINUE"
DS_SMSTATIC_M008_1339,industrial_machine,WATCH,4,"ACT_MON_ENHANCED, ACT_MON_CONTINUE, ACT_INSP_VIBRATION, ACT_INSP_LUBRICATION"
DS_SMSTATIC_M008_1347,industrial_machine,HEALTHY,3,"ACT_MON_CONTINUE, ACT_MON_ENHANCED, ACT_MON_PARAMETER_LOG"
DS_SMSTATIC_M008_1421,industrial_machine,WATCH,4,"ACT_MON_ENHANCED, ACT_MON_CONTINUE, ACT_INSP_VIBRATION, ACT_INSP_LUBRICATION"
DS_SMSTATIC_M008_21,industrial_machine,HEALTHY,3,"ACT_MON_CONTINUE, ACT_MON_ENHANCED, ACT_MON_PARAMETER_LOG"
DS_SMSTATIC_M008_420,industrial_machine,HEALTHY,3,"ACT_MON_CONTINUE, ACT_MON_ENHANCED, ACT_MON_PARAMETER_LOG"
DS_SMSTATIC_M008_631,industrial_machine,HEALTHY,3,"ACT_MON_CONTINUE, ACT_MON_ENHANCED, ACT_MON_PARAMETER_LOG"
DS_SMSTATIC_M008_837,industrial_machine,HEALTHY,3,"ACT_MON_CONTINUE, ACT_MON_ENHANCED, ACT_MON_PARAMETER_LOG"
DS_SMSTATIC_M008_897,industrial_machine,WATCH,4,"ACT_MON_ENHANCED, ACT_MON_CONTINUE, ACT_INSP_VIBRATION, ACT_INSP_LUBRICATION"
DS_SMSTATIC_M009_101,industrial_machine,WATCH,4,"ACT_MON_ENHANCED, ACT_MON_CONTINUE, ACT_INSP_VIBRATION, ACT_INSP_LUBRICATION"
DS_SMSTATIC_M009_1176,industrial_machine,HEALTHY,3,"ACT_MON_CONTINUE, ACT_MON_ENHANCED, ACT_MON_PARAMETER_LOG"
DS_SMSTATIC_M009_1328,industrial_machine,CRITICAL,5,"ACT_REPL_BEARING, ACT_OP_CONTROLLED_SHUTDOWN, ACT_CORR_LUBRICATE, ACT_INSP_VIBRATION, ACT_MON_CONTINUE"
DS_SMSTATIC_M009_1375,industrial_machine,HEALTHY,3,"ACT_MON_CONTINUE, ACT_MON_ENHANCED, ACT_MON_PARAMETER_LOG"
DS_SMSTATIC_M009_183,industrial_machine,WATCH,4,"ACT_MON_ENHANCED, ACT_MON_CONTINUE, ACT_INSP_VIBRATION, ACT_INSP_LUBRICATION"
DS_SMSTATIC_M009_804,industrial_machine,CRITICAL,5,"ACT_REPL_BEARING, ACT_OP_CONTROLLED_SHUTDOWN, ACT_CORR_LUBRICATE, ACT_INSP_VIBRATION, ACT_MON_CONTINUE"
DS_SMSTATIC_M009_810,industrial_machine,CRITICAL,5,"ACT_REPL_BEARING, ACT_OP_CONTROLLED_SHUTDOWN, ACT_CORR_LUBRICATE, ACT_INSP_VIBRATION, ACT_MON_CONTINUE"
DS_SMSTATIC_M009_818,industrial_machine,WATCH,4,"ACT_MON_ENHANCED, ACT_MON_CONTINUE, ACT_INSP_VIBRATION, ACT_INSP_LUBRICATION"
DS_SMSTATIC_M010_1008,industrial_machine,WATCH,4,"ACT_MON_ENHANCED, ACT_MON_CONTINUE, ACT_INSP_VIBRATION, ACT_INSP_LUBRICATION"
DS_SMSTATIC_M010_1198,industrial_machine,HEALTHY,3,"ACT_MON_CONTINUE, ACT_MON_ENHANCED, ACT_MON_PARAMETER_LOG"
DS_SMSTATIC_M010_1426,industrial_machine,CRITICAL,5,"ACT_REPL_BEARING, ACT_OP_CONTROLLED_SHUTDOWN, ACT_CORR_LUBRICATE, ACT_INSP_VIBRATION, ACT_MON_CONTINUE"
DS_SMSTATIC_M010_22,industrial_machine,CRITICAL,5,"ACT_REPL_BEARING, ACT_OP_CONTROLLED_SHUTDOWN, ACT_CORR_LUBRICATE, ACT_INSP_VIBRATION, ACT_MON_CONTINUE"
DS_SMSTATIC_M010_415,industrial_machine,WATCH,4,"ACT_MON_ENHANCED, ACT_MON_CONTINUE, ACT_INSP_VIBRATION, ACT_INSP_LUBRICATION"
DS_SMSTATIC_M010_473,industrial_machine,CRITICAL,5,"ACT_REPL_BEARING, ACT_OP_CONTROLLED_SHUTDOWN, ACT_CORR_LUBRICATE, ACT_INSP_VIBRATION, ACT_MON_CONTINUE"
DS_SMSTATIC_M010_673,industrial_machine,WATCH,4,"ACT_MON_ENHANCED, ACT_MON_CONTINUE, ACT_INSP_VIBRATION, ACT_INSP_LUBRICATION"
DS_SMSTATIC_M010_843,industrial_machine,HEALTHY,3,"ACT_MON_CONTINUE, ACT_MON_ENHANCED, ACT_MON_PARAMETER_LOG"
DS_SMSTATIC_M010_975,industrial_machine,CRITICAL,5,"ACT_REPL_BEARING, ACT_OP_CONTROLLED_SHUTDOWN, ACT_CORR_LUBRICATE, ACT_INSP_VIBRATION, ACT_MON_CONTINUE"
DS_SMTS_CRIT_12062,industrial_machine,CRITICAL,5,"ACT_REPL_BEARING, ACT_OP_CONTROLLED_SHUTDOWN, ACT_CORR_LUBRICATE, ACT_INSP_VIBRATION, ACT_MON_CONTINUE"
DS_SMTS_CRIT_13901,industrial_machine,CRITICAL,5,"ACT_REPL_BEARING, ACT_OP_CONTROLLED_SHUTDOWN, ACT_CORR_LUBRICATE, ACT_INSP_VIBRATION, ACT_MON_CONTINUE"
DS_SMTS_CRIT_16235,industrial_machine,CRITICAL,5,"ACT_REPL_BEARING, ACT_OP_CONTROLLED_SHUTDOWN, ACT_CORR_LUBRICATE, ACT_INSP_VIBRATION, ACT_MON_CONTINUE"
DS_SMTS_CRIT_17062,industrial_machine,CRITICAL,5,"ACT_REPL_BEARING, ACT_OP_CONTROLLED_SHUTDOWN, ACT_CORR_LUBRICATE, ACT_INSP_VIBRATION, ACT_MON_CONTINUE"
DS_SMTS_CRIT_18454,industrial_machine,CRITICAL,5,"ACT_REPL_BEARING, ACT_OP_CONTROLLED_SHUTDOWN, ACT_CORR_LUBRICATE, ACT_INSP_VIBRATION, ACT_MON_CONTINUE"
DS_SMTS_CRIT_1894,industrial_machine,CRITICAL,5,"ACT_REPL_BEARING, ACT_OP_CONTROLLED_SHUTDOWN, ACT_CORR_LUBRICATE, ACT_INSP_VIBRATION, ACT_MON_CONTINUE"
DS_SMTS_CRIT_19697,industrial_machine,CRITICAL,5,"ACT_REPL_BEARING, ACT_OP_CONTROLLED_SHUTDOWN, ACT_CORR_LUBRICATE, ACT_INSP_VIBRATION, ACT_MON_CONTINUE"
DS_SMTS_CRIT_19704,industrial_machine,CRITICAL,5,"ACT_REPL_BEARING, ACT_OP_CONTROLLED_SHUTDOWN, ACT_CORR_LUBRICATE, ACT_INSP_VIBRATION, ACT_MON_CONTINUE"
DS_SMTS_CRIT_21091,industrial_machine,CRITICAL,5,"ACT_REPL_BEARING, ACT_OP_CONTROLLED_SHUTDOWN, ACT_CORR_LUBRICATE, ACT_INSP_VIBRATION, ACT_MON_CONTINUE"
DS_SMTS_CRIT_21552,industrial_machine,CRITICAL,5,"ACT_REPL_BEARING, ACT_OP_CONTROLLED_SHUTDOWN, ACT_CORR_LUBRICATE, ACT_INSP_VIBRATION, ACT_MON_CONTINUE"
DS_SMTS_CRIT_22340,industrial_machine,CRITICAL,5,"ACT_REPL_BEARING, ACT_OP_CONTROLLED_SHUTDOWN, ACT_CORR_LUBRICATE, ACT_INSP_VIBRATION, ACT_MON_CONTINUE"
DS_SMTS_CRIT_28971,industrial_machine,CRITICAL,5,"ACT_REPL_BEARING, ACT_OP_CONTROLLED_SHUTDOWN, ACT_CORR_LUBRICATE, ACT_INSP_VIBRATION, ACT_MON_CONTINUE"
DS_SMTS_CRIT_29988,industrial_machine,CRITICAL,5,"ACT_REPL_BEARING, ACT_OP_CONTROLLED_SHUTDOWN, ACT_CORR_LUBRICATE, ACT_INSP_VIBRATION, ACT_MON_CONTINUE"
DS_SMTS_CRIT_30969,industrial_machine,CRITICAL,5,"ACT_REPL_BEARING, ACT_OP_CONTROLLED_SHUTDOWN, ACT_CORR_LUBRICATE, ACT_INSP_VIBRATION, ACT_MON_CONTINUE"
DS_SMTS_CRIT_33352,industrial_machine,CRITICAL,5,"ACT_REPL_BEARING, ACT_OP_CONTROLLED_SHUTDOWN, ACT_CORR_LUBRICATE, ACT_INSP_VIBRATION, ACT_MON_CONTINUE"
DS_SMTS_CRIT_34783,industrial_machine,CRITICAL,5,"ACT_REPL_BEARING, ACT_OP_CONTROLLED_SHUTDOWN, ACT_CORR_LUBRICATE, ACT_INSP_VIBRATION, ACT_MON_CONTINUE"
DS_SMTS_CRIT_39037,industrial_machine,CRITICAL,5,"ACT_REPL_BEARING, ACT_OP_CONTROLLED_SHUTDOWN, ACT_CORR_LUBRICATE, ACT_INSP_VIBRATION, ACT_MON_CONTINUE"
DS_SMTS_CRIT_42457,industrial_machine,CRITICAL,5,"ACT_REPL_BEARING, ACT_OP_CONTROLLED_SHUTDOWN, ACT_CORR_LUBRICATE, ACT_INSP_VIBRATION, ACT_MON_CONTINUE"
DS_SMTS_CRIT_43505,industrial_machine,CRITICAL,5,"ACT_REPL_BEARING, ACT_OP_CONTROLLED_SHUTDOWN, ACT_CORR_LUBRICATE, ACT_INSP_VIBRATION, ACT_MON_CONTINUE"
DS_SMTS_CRIT_49536,industrial_machine,CRITICAL,5,"ACT_REPL_BEARING, ACT_OP_CONTROLLED_SHUTDOWN, ACT_CORR_LUBRICATE, ACT_INSP_VIBRATION, ACT_MON_CONTINUE"
DS_SMTS_CRIT_53442,industrial_machine,CRITICAL,5,"ACT_REPL_BEARING, ACT_OP_CONTROLLED_SHUTDOWN, ACT_CORR_LUBRICATE, ACT_INSP_VIBRATION, ACT_MON_CONTINUE"
DS_SMTS_CRIT_53944,industrial_machine,CRITICAL,5,"ACT_REPL_BEARING, ACT_OP_CONTROLLED_SHUTDOWN, ACT_CORR_LUBRICATE, ACT_INSP_VIBRATION, ACT_MON_CONTINUE"
DS_SMTS_CRIT_55942,industrial_machine,CRITICAL,5,"ACT_REPL_BEARING, ACT_OP_CONTROLLED_SHUTDOWN, ACT_CORR_LUBRICATE, ACT_INSP_VIBRATION, ACT_MON_CONTINUE"
DS_SMTS_CRIT_61852,industrial_machine,CRITICAL,5,"ACT_REPL_BEARING, ACT_OP_CONTROLLED_SHUTDOWN, ACT_CORR_LUBRICATE, ACT_INSP_VIBRATION, ACT_MON_CONTINUE"
DS_SMTS_CRIT_65804,industrial_machine,CRITICAL,5,"ACT_REPL_BEARING, ACT_OP_CONTROLLED_SHUTDOWN, ACT_CORR_LUBRICATE, ACT_INSP_VIBRATION, ACT_MON_CONTINUE"
DS_SMTS_CRIT_71053,industrial_machine,CRITICAL,5,"ACT_REPL_BEARING, ACT_OP_CONTROLLED_SHUTDOWN, ACT_CORR_LUBRICATE, ACT_INSP_VIBRATION, ACT_MON_CONTINUE"
DS_SMTS_CRIT_7254,industrial_machine,CRITICAL,5,"ACT_REPL_BEARING, ACT_OP_CONTROLLED_SHUTDOWN, ACT_CORR_LUBRICATE, ACT_INSP_VIBRATION, ACT_MON_CONTINUE"
DS_SMTS_CRIT_7263,industrial_machine,CRITICAL,5,"ACT_REPL_BEARING, ACT_OP_CONTROLLED_SHUTDOWN, ACT_CORR_LUBRICATE, ACT_INSP_VIBRATION, ACT_MON_CONTINUE"
DS_SMTS_CRIT_77315,industrial_machine,CRITICAL,5,"ACT_REPL_BEARING, ACT_OP_CONTROLLED_SHUTDOWN, ACT_CORR_LUBRICATE, ACT_INSP_VIBRATION, ACT_MON_CONTINUE"
DS_SMTS_CRIT_78432,industrial_machine,CRITICAL,5,"ACT_REPL_BEARING, ACT_OP_CONTROLLED_SHUTDOWN, ACT_CORR_LUBRICATE, ACT_INSP_VIBRATION, ACT_MON_CONTINUE"
DS_SMTS_CRIT_7973,industrial_machine,CRITICAL,5,"ACT_REPL_BEARING, ACT_OP_CONTROLLED_SHUTDOWN, ACT_CORR_LUBRICATE, ACT_INSP_VIBRATION, ACT_MON_CONTINUE"
DS_SMTS_CRIT_80356,industrial_machine,CRITICAL,5,"ACT_REPL_BEARING, ACT_OP_CONTROLLED_SHUTDOWN, ACT_CORR_LUBRICATE, ACT_INSP_VIBRATION, ACT_MON_CONTINUE"
DS_SMTS_CRIT_8648,industrial_machine,CRITICAL,5,"ACT_REPL_BEARING, ACT_OP_CONTROLLED_SHUTDOWN, ACT_CORR_LUBRICATE, ACT_INSP_VIBRATION, ACT_MON_CONTINUE"
DS_SMTS_CRIT_8806,industrial_machine,CRITICAL,5,"ACT_REPL_BEARING, ACT_OP_CONTROLLED_SHUTDOWN, ACT_CORR_LUBRICATE, ACT_INSP_VIBRATION, ACT_MON_CONTINUE"
DS_SMTS_CRIT_92019,industrial_machine,CRITICAL,5,"ACT_REPL_BEARING, ACT_OP_CONTROLLED_SHUTDOWN, ACT_CORR_LUBRICATE, ACT_INSP_VIBRATION, ACT_MON_CONTINUE"
DS_SMTS_CRIT_93727,industrial_machine,CRITICAL,5,"ACT_REPL_BEARING, ACT_OP_CONTROLLED_SHUTDOWN, ACT_CORR_LUBRICATE, ACT_INSP_VIBRATION, ACT_MON_CONTINUE"
DS_SMTS_CRIT_98371,industrial_machine,CRITICAL,5,"ACT_REPL_BEARING, ACT_OP_CONTROLLED_SHUTDOWN, ACT_CORR_LUBRICATE, ACT_INSP_VIBRATION, ACT_MON_CONTINUE"
DS_SMTS_HEALTHY_12172,industrial_machine,HEALTHY,3,"ACT_MON_CONTINUE, ACT_MON_ENHANCED, ACT_MON_PARAMETER_LOG"
DS_SMTS_HEALTHY_13171,industrial_machine,HEALTHY,3,"ACT_MON_CONTINUE, ACT_MON_ENHANCED, ACT_MON_PARAMETER_LOG"
DS_SMTS_HEALTHY_18968,industrial_machine,HEALTHY,3,"ACT_MON_CONTINUE, ACT_MON_ENHANCED, ACT_MON_PARAMETER_LOG"
DS_SMTS_HEALTHY_22595,industrial_machine,HEALTHY,3,"ACT_MON_CONTINUE, ACT_MON_ENHANCED, ACT_MON_PARAMETER_LOG"
DS_SMTS_HEALTHY_24216,industrial_machine,HEALTHY,3,"ACT_MON_CONTINUE, ACT_MON_ENHANCED, ACT_MON_PARAMETER_LOG"
DS_SMTS_HEALTHY_28834,industrial_machine,HEALTHY,3,"ACT_MON_CONTINUE, ACT_MON_ENHANCED, ACT_MON_PARAMETER_LOG"
DS_SMTS_HEALTHY_3989,industrial_machine,HEALTHY,3,"ACT_MON_CONTINUE, ACT_MON_ENHANCED, ACT_MON_PARAMETER_LOG"
DS_SMTS_HEALTHY_43919,industrial_machine,HEALTHY,3,"ACT_MON_CONTINUE, ACT_MON_ENHANCED, ACT_MON_PARAMETER_LOG"
DS_SMTS_HEALTHY_44277,industrial_machine,HEALTHY,3,"ACT_MON_CONTINUE, ACT_MON_ENHANCED, ACT_MON_PARAMETER_LOG"
DS_SMTS_HEALTHY_4854,industrial_machine,HEALTHY,3,"ACT_MON_CONTINUE, ACT_MON_ENHANCED, ACT_MON_PARAMETER_LOG"
DS_SMTS_HEALTHY_4887,industrial_machine,HEALTHY,3,"ACT_MON_CONTINUE, ACT_MON_ENHANCED, ACT_MON_PARAMETER_LOG"
DS_SMTS_HEALTHY_51098,industrial_machine,HEALTHY,3,"ACT_MON_CONTINUE, ACT_MON_ENHANCED, ACT_MON_PARAMETER_LOG"
DS_SMTS_HEALTHY_53389,industrial_machine,HEALTHY,3,"ACT_MON_CONTINUE, ACT_MON_ENHANCED, ACT_MON_PARAMETER_LOG"
DS_SMTS_HEALTHY_54047,industrial_machine,HEALTHY,3,"ACT_MON_CONTINUE, ACT_MON_ENHANCED, ACT_MON_PARAMETER_LOG"
DS_SMTS_HEALTHY_54320,industrial_machine,HEALTHY,3,"ACT_MON_CONTINUE, ACT_MON_ENHANCED, ACT_MON_PARAMETER_LOG"
DS_SMTS_HEALTHY_57204,industrial_machine,HEALTHY,3,"ACT_MON_CONTINUE, ACT_MON_ENHANCED, ACT_MON_PARAMETER_LOG"
DS_SMTS_HEALTHY_5844,industrial_machine,HEALTHY,3,"ACT_MON_CONTINUE, ACT_MON_ENHANCED, ACT_MON_PARAMETER_LOG"
DS_SMTS_HEALTHY_6162,industrial_machine,HEALTHY,3,"ACT_MON_CONTINUE, ACT_MON_ENHANCED, ACT_MON_PARAMETER_LOG"
DS_SMTS_HEALTHY_66165,industrial_machine,HEALTHY,3,"ACT_MON_CONTINUE, ACT_MON_ENHANCED, ACT_MON_PARAMETER_LOG"
DS_SMTS_HEALTHY_66999,industrial_machine,HEALTHY,3,"ACT_MON_CONTINUE, ACT_MON_ENHANCED, ACT_MON_PARAMETER_LOG"
DS_SMTS_HEALTHY_67149,industrial_machine,HEALTHY,3,"ACT_MON_CONTINUE, ACT_MON_ENHANCED, ACT_MON_PARAMETER_LOG"
DS_SMTS_HEALTHY_67178,industrial_machine,HEALTHY,3,"ACT_MON_CONTINUE, ACT_MON_ENHANCED, ACT_MON_PARAMETER_LOG"
DS_SMTS_HEALTHY_68108,industrial_machine,HEALTHY,3,"ACT_MON_CONTINUE, ACT_MON_ENHANCED, ACT_MON_PARAMETER_LOG"
DS_SMTS_HEALTHY_68615,industrial_machine,HEALTHY,3,"ACT_MON_CONTINUE, ACT_MON_ENHANCED, ACT_MON_PARAMETER_LOG"
DS_SMTS_HEALTHY_69837,industrial_machine,HEALTHY,3,"ACT_MON_CONTINUE, ACT_MON_ENHANCED, ACT_MON_PARAMETER_LOG"
DS_SMTS_HEALTHY_74884,industrial_machine,HEALTHY,3,"ACT_MON_CONTINUE, ACT_MON_ENHANCED, ACT_MON_PARAMETER_LOG"
DS_SMTS_HEALTHY_75945,industrial_machine,HEALTHY,3,"ACT_MON_CONTINUE, ACT_MON_ENHANCED, ACT_MON_PARAMETER_LOG"
DS_SMTS_HEALTHY_76851,industrial_machine,HEALTHY,3,"ACT_MON_CONTINUE, ACT_MON_ENHANCED, ACT_MON_PARAMETER_LOG"
DS_SMTS_HEALTHY_78228,industrial_machine,HEALTHY,3,"ACT_MON_CONTINUE, ACT_MON_ENHANCED, ACT_MON_PARAMETER_LOG"
DS_SMTS_HEALTHY_79056,industrial_machine,HEALTHY,3,"ACT_MON_CONTINUE, ACT_MON_ENHANCED, ACT_MON_PARAMETER_LOG"
DS_SMTS_HEALTHY_81966,industrial_machine,HEALTHY,3,"ACT_MON_CONTINUE, ACT_MON_ENHANCED, ACT_MON_PARAMETER_LOG"
DS_SMTS_HEALTHY_87502,industrial_machine,HEALTHY,3,"ACT_MON_CONTINUE, ACT_MON_ENHANCED, ACT_MON_PARAMETER_LOG"
DS_SMTS_HEALTHY_92036,industrial_machine,HEALTHY,3,"ACT_MON_CONTINUE, ACT_MON_ENHANCED, ACT_MON_PARAMETER_LOG"
DS_SMTS_HEALTHY_94212,industrial_machine,HEALTHY,3,"ACT_MON_CONTINUE, ACT_MON_ENHANCED, ACT_MON_PARAMETER_LOG"
DS_SMTS_HEALTHY_96629,industrial_machine,HEALTHY,3,"ACT_MON_CONTINUE, ACT_MON_ENHANCED, ACT_MON_PARAMETER_LOG"
DS_SMTS_HEALTHY_96762,industrial_machine,HEALTHY,3,"ACT_MON_CONTINUE, ACT_MON_ENHANCED, ACT_MON_PARAMETER_LOG"
DS_SMTS_HEALTHY_98675,industrial_machine,HEALTHY,3,"ACT_MON_CONTINUE, ACT_MON_ENHANCED, ACT_MON_PARAMETER_LOG"
DS_SMTS_WATCH_1414,industrial_machine,WATCH,4,"ACT_MON_ENHANCED, ACT_MON_CONTINUE, ACT_INSP_VIBRATION, ACT_INSP_LUBRICATION"
DS_SMTS_WATCH_15753,industrial_machine,WATCH,4,"ACT_MON_ENHANCED, ACT_MON_CONTINUE, ACT_INSP_VIBRATION, ACT_INSP_LUBRICATION"
DS_SMTS_WATCH_1816,industrial_machine,WATCH,4,"ACT_MON_ENHANCED, ACT_MON_CONTINUE, ACT_INSP_VIBRATION, ACT_INSP_LUBRICATION"
DS_SMTS_WATCH_20550,industrial_machine,WATCH,4,"ACT_MON_ENHANCED, ACT_MON_CONTINUE, ACT_INSP_VIBRATION, ACT_INSP_LUBRICATION"
DS_SMTS_WATCH_23441,industrial_machine,WATCH,4,"ACT_MON_ENHANCED, ACT_MON_CONTINUE, ACT_INSP_VIBRATION, ACT_INSP_LUBRICATION"
DS_SMTS_WATCH_24160,industrial_machine,WATCH,4,"ACT_MON_ENHANCED, ACT_MON_CONTINUE, ACT_INSP_VIBRATION, ACT_INSP_LUBRICATION"
DS_SMTS_WATCH_29253,industrial_machine,WATCH,4,"ACT_MON_ENHANCED, ACT_MON_CONTINUE, ACT_INSP_VIBRATION, ACT_INSP_LUBRICATION"
DS_SMTS_WATCH_3250,industrial_machine,WATCH,4,"ACT_MON_ENHANCED, ACT_MON_CONTINUE, ACT_INSP_VIBRATION, ACT_INSP_LUBRICATION"
DS_SMTS_WATCH_33710,industrial_machine,WATCH,4,"ACT_MON_ENHANCED, ACT_MON_CONTINUE, ACT_INSP_VIBRATION, ACT_INSP_LUBRICATION"
DS_SMTS_WATCH_39684,industrial_machine,WATCH,4,"ACT_MON_ENHANCED, ACT_MON_CONTINUE, ACT_INSP_VIBRATION, ACT_INSP_LUBRICATION"
DS_SMTS_WATCH_40191,industrial_machine,WATCH,4,"ACT_MON_ENHANCED, ACT_MON_CONTINUE, ACT_INSP_VIBRATION, ACT_INSP_LUBRICATION"
DS_SMTS_WATCH_47485,industrial_machine,WATCH,4,"ACT_MON_ENHANCED, ACT_MON_CONTINUE, ACT_INSP_VIBRATION, ACT_INSP_LUBRICATION"
DS_SMTS_WATCH_52392,industrial_machine,WATCH,4,"ACT_MON_ENHANCED, ACT_MON_CONTINUE, ACT_INSP_VIBRATION, ACT_INSP_LUBRICATION"
DS_SMTS_WATCH_53858,industrial_machine,WATCH,4,"ACT_MON_ENHANCED, ACT_MON_CONTINUE, ACT_INSP_VIBRATION, ACT_INSP_LUBRICATION"
DS_SMTS_WATCH_56344,industrial_machine,WATCH,4,"ACT_MON_ENHANCED, ACT_MON_CONTINUE, ACT_INSP_VIBRATION, ACT_INSP_LUBRICATION"
DS_SMTS_WATCH_56820,industrial_machine,WATCH,4,"ACT_MON_ENHANCED, ACT_MON_CONTINUE, ACT_INSP_VIBRATION, ACT_INSP_LUBRICATION"
DS_SMTS_WATCH_59245,industrial_machine,WATCH,4,"ACT_MON_ENHANCED, ACT_MON_CONTINUE, ACT_INSP_VIBRATION, ACT_INSP_LUBRICATION"
DS_SMTS_WATCH_59263,industrial_machine,WATCH,4,"ACT_MON_ENHANCED, ACT_MON_CONTINUE, ACT_INSP_VIBRATION, ACT_INSP_LUBRICATION"
DS_SMTS_WATCH_62244,industrial_machine,WATCH,4,"ACT_MON_ENHANCED, ACT_MON_CONTINUE, ACT_INSP_VIBRATION, ACT_INSP_LUBRICATION"
DS_SMTS_WATCH_6306,industrial_machine,WATCH,4,"ACT_MON_ENHANCED, ACT_MON_CONTINUE, ACT_INSP_VIBRATION, ACT_INSP_LUBRICATION"
DS_SMTS_WATCH_64036,industrial_machine,WATCH,4,"ACT_MON_ENHANCED, ACT_MON_CONTINUE, ACT_INSP_VIBRATION, ACT_INSP_LUBRICATION"
DS_SMTS_WATCH_64741,industrial_machine,WATCH,4,"ACT_MON_ENHANCED, ACT_MON_CONTINUE, ACT_INSP_VIBRATION, ACT_INSP_LUBRICATION"
DS_SMTS_WATCH_67580,industrial_machine,WATCH,4,"ACT_MON_ENHANCED, ACT_MON_CONTINUE, ACT_INSP_VIBRATION, ACT_INSP_LUBRICATION"
DS_SMTS_WATCH_67999,industrial_machine,WATCH,4,"ACT_MON_ENHANCED, ACT_MON_CONTINUE, ACT_INSP_VIBRATION, ACT_INSP_LUBRICATION"
DS_SMTS_WATCH_68295,industrial_machine,WATCH,4,"ACT_MON_ENHANCED, ACT_MON_CONTINUE, ACT_INSP_VIBRATION, ACT_INSP_LUBRICATION"
DS_SMTS_WATCH_71510,industrial_machine,WATCH,4,"ACT_MON_ENHANCED, ACT_MON_CONTINUE, ACT_INSP_VIBRATION, ACT_INSP_LUBRICATION"
DS_SMTS_WATCH_72440,industrial_machine,WATCH,4,"ACT_MON_ENHANCED, ACT_MON_CONTINUE, ACT_INSP_VIBRATION, ACT_INSP_LUBRICATION"
DS_SMTS_WATCH_77471,industrial_machine,WATCH,4,"ACT_MON_ENHANCED, ACT_MON_CONTINUE, ACT_INSP_VIBRATION, ACT_INSP_LUBRICATION"
DS_SMTS_WATCH_78466,industrial_machine,WATCH,4,"ACT_MON_ENHANCED, ACT_MON_CONTINUE, ACT_INSP_VIBRATION, ACT_INSP_LUBRICATION"
DS_SMTS_WATCH_78549,industrial_machine,WATCH,4,"ACT_MON_ENHANCED, ACT_MON_CONTINUE, ACT_INSP_VIBRATION, ACT_INSP_LUBRICATION"
DS_SMTS_WATCH_86791,industrial_machine,WATCH,4,"ACT_MON_ENHANCED, ACT_MON_CONTINUE, ACT_INSP_VIBRATION, ACT_INSP_LUBRICATION"
DS_SMTS_WATCH_89517,industrial_machine,WATCH,4,"ACT_MON_ENHANCED, ACT_MON_CONTINUE, ACT_INSP_VIBRATION, ACT_INSP_LUBRICATION"
DS_SMTS_WATCH_95199,industrial_machine,WATCH,4,"ACT_MON_ENHANCED, ACT_MON_CONTINUE, ACT_INSP_VIBRATION, ACT_INSP_LUBRICATION"
DS_SMTS_WATCH_95548,industrial_machine,WATCH,4,"ACT_MON_ENHANCED, ACT_MON_CONTINUE, ACT_INSP_VIBRATION, ACT_INSP_LUBRICATION"
DS_SMTS_WATCH_96985,industrial_machine,WATCH,4,"ACT_MON_ENHANCED, ACT_MON_CONTINUE, ACT_INSP_VIBRATION, ACT_INSP_LUBRICATION"
DS_SMTS_WATCH_99841,industrial_machine,WATCH,4,"ACT_MON_ENHANCED, ACT_MON_CONTINUE, ACT_INSP_VIBRATION, ACT_INSP_LUBRICATION"
DS_TEP_F0_1015322,chemical_plant,HEALTHY,3,"ACT_MON_CONTINUE, ACT_MON_ENHANCED, ACT_MON_PARAMETER_LOG"
DS_TEP_F0_1041587,chemical_plant,HEALTHY,3,"ACT_MON_CONTINUE, ACT_MON_ENHANCED, ACT_MON_PARAMETER_LOG"
DS_TEP_F0_125978,chemical_plant,HEALTHY,3,"ACT_MON_CONTINUE, ACT_MON_ENHANCED, ACT_MON_PARAMETER_LOG"
DS_TEP_F0_133783,chemical_plant,HEALTHY,3,"ACT_MON_CONTINUE, ACT_MON_ENHANCED, ACT_MON_PARAMETER_LOG"
DS_TEP_F0_146562,chemical_plant,HEALTHY,3,"ACT_MON_CONTINUE, ACT_MON_ENHANCED, ACT_MON_PARAMETER_LOG"
DS_TEP_F0_159122,chemical_plant,HEALTHY,3,"ACT_MON_CONTINUE, ACT_MON_ENHANCED, ACT_MON_PARAMETER_LOG"
DS_TEP_F0_163828,chemical_plant,HEALTHY,3,"ACT_MON_CONTINUE, ACT_MON_ENHANCED, ACT_MON_PARAMETER_LOG"
DS_TEP_F0_228477,chemical_plant,HEALTHY,3,"ACT_MON_CONTINUE, ACT_MON_ENHANCED, ACT_MON_PARAMETER_LOG"
DS_TEP_F0_315955,chemical_plant,HEALTHY,3,"ACT_MON_CONTINUE, ACT_MON_ENHANCED, ACT_MON_PARAMETER_LOG"
DS_TEP_F0_345538,chemical_plant,HEALTHY,3,"ACT_MON_CONTINUE, ACT_MON_ENHANCED, ACT_MON_PARAMETER_LOG"
DS_TEP_F0_369910,chemical_plant,HEALTHY,3,"ACT_MON_CONTINUE, ACT_MON_ENHANCED, ACT_MON_PARAMETER_LOG"
DS_TEP_F0_384539,chemical_plant,HEALTHY,3,"ACT_MON_CONTINUE, ACT_MON_ENHANCED, ACT_MON_PARAMETER_LOG"
DS_TEP_F0_45649,chemical_plant,HEALTHY,3,"ACT_MON_CONTINUE, ACT_MON_ENHANCED, ACT_MON_PARAMETER_LOG"
DS_TEP_F0_456818,chemical_plant,HEALTHY,3,"ACT_MON_CONTINUE, ACT_MON_ENHANCED, ACT_MON_PARAMETER_LOG"
DS_TEP_F0_478067,chemical_plant,HEALTHY,3,"ACT_MON_CONTINUE, ACT_MON_ENHANCED, ACT_MON_PARAMETER_LOG"
DS_TEP_F0_483124,chemical_plant,HEALTHY,3,"ACT_MON_CONTINUE, ACT_MON_ENHANCED, ACT_MON_PARAMETER_LOG"
DS_TEP_F0_549877,chemical_plant,HEALTHY,3,"ACT_MON_CONTINUE, ACT_MON_ENHANCED, ACT_MON_PARAMETER_LOG"
DS_TEP_F0_557802,chemical_plant,HEALTHY,3,"ACT_MON_CONTINUE, ACT_MON_ENHANCED, ACT_MON_PARAMETER_LOG"
DS_TEP_F0_589102,chemical_plant,HEALTHY,3,"ACT_MON_CONTINUE, ACT_MON_ENHANCED, ACT_MON_PARAMETER_LOG"
DS_TEP_F0_643630,chemical_plant,HEALTHY,3,"ACT_MON_CONTINUE, ACT_MON_ENHANCED, ACT_MON_PARAMETER_LOG"
DS_TEP_F0_6776,chemical_plant,HEALTHY,3,"ACT_MON_CONTINUE, ACT_MON_ENHANCED, ACT_MON_PARAMETER_LOG"
DS_TEP_F0_692265,chemical_plant,HEALTHY,3,"ACT_MON_CONTINUE, ACT_MON_ENHANCED, ACT_MON_PARAMETER_LOG"
DS_TEP_F0_801821,chemical_plant,HEALTHY,3,"ACT_MON_CONTINUE, ACT_MON_ENHANCED, ACT_MON_PARAMETER_LOG"
DS_TEP_F0_913019,chemical_plant,HEALTHY,3,"ACT_MON_CONTINUE, ACT_MON_ENHANCED, ACT_MON_PARAMETER_LOG"
DS_TEP_F0_970736,chemical_plant,HEALTHY,3,"ACT_MON_CONTINUE, ACT_MON_ENHANCED, ACT_MON_PARAMETER_LOG"
DS_TEP_F1.0_CRIT_351,chemical_plant,CRITICAL,5,"ACT_OP_CONTROLLED_SHUTDOWN, ACT_REPL_OVERHAUL, ACT_OP_DERATE_LOAD, ACT_INSP_SUBSYSTEM, ACT_MON_CONTINUE"
DS_TEP_F1.0_EARLY_161,chemical_plant,WATCH,4,"ACT_MON_ENHANCED, ACT_MON_CONTINUE, ACT_INSP_SUBSYSTEM, ACT_CORR_CALIBRATE"
DS_TEP_F10.0_CRIT_314,chemical_plant,CRITICAL,5,"ACT_OP_CONTROLLED_SHUTDOWN, ACT_REPL_OVERHAUL, ACT_OP_DERATE_LOAD, ACT_INSP_SUBSYSTEM, ACT_MON_CONTINUE"
DS_TEP_F10.0_CRIT_351,chemical_plant,CRITICAL,5,"ACT_OP_CONTROLLED_SHUTDOWN, ACT_REPL_OVERHAUL, ACT_OP_DERATE_LOAD, ACT_INSP_SUBSYSTEM, ACT_MON_CONTINUE"
DS_TEP_F11.0_CRIT_489,chemical_plant,CRITICAL,5,"ACT_OP_CONTROLLED_SHUTDOWN, ACT_REPL_OVERHAUL, ACT_OP_DERATE_LOAD, ACT_INSP_SUBSYSTEM, ACT_MON_CONTINUE"
DS_TEP_F11.0_EARLY_161,chemical_plant,WATCH,4,"ACT_MON_ENHANCED, ACT_MON_CONTINUE, ACT_INSP_SUBSYSTEM, ACT_CORR_CALIBRATE"
DS_TEP_F12.0_CRIT_278,chemical_plant,CRITICAL,5,"ACT_OP_CONTROLLED_SHUTDOWN, ACT_REPL_OVERHAUL, ACT_OP_DERATE_LOAD, ACT_INSP_SUBSYSTEM, ACT_MON_CONTINUE"
DS_TEP_F12.0_CRIT_351,chemical_plant,CRITICAL,5,"ACT_OP_CONTROLLED_SHUTDOWN, ACT_REPL_OVERHAUL, ACT_OP_DERATE_LOAD, ACT_INSP_SUBSYSTEM, ACT_MON_CONTINUE"
DS_TEP_F13.0_EARLY_161,chemical_plant,WATCH,4,"ACT_MON_ENHANCED, ACT_MON_CONTINUE, ACT_INSP_SUBSYSTEM, ACT_CORR_CALIBRATE"
DS_TEP_F14.0_CRIT_314,chemical_plant,CRITICAL,5,"ACT_OP_CONTROLLED_SHUTDOWN, ACT_REPL_OVERHAUL, ACT_OP_DERATE_LOAD, ACT_INSP_SUBSYSTEM, ACT_MON_CONTINUE"
DS_TEP_F14.0_CRIT_351,chemical_plant,CRITICAL,5,"ACT_OP_CONTROLLED_SHUTDOWN, ACT_REPL_OVERHAUL, ACT_OP_DERATE_LOAD, ACT_INSP_SUBSYSTEM, ACT_MON_CONTINUE"
DS_TEP_F14.0_EARLY_154,chemical_plant,WATCH,4,"ACT_MON_ENHANCED, ACT_MON_CONTINUE, ACT_INSP_SUBSYSTEM, ACT_CORR_CALIBRATE"
DS_TEP_F14.0_EARLY_161,chemical_plant,WATCH,4,"ACT_MON_ENHANCED, ACT_MON_CONTINUE, ACT_INSP_SUBSYSTEM, ACT_CORR_CALIBRATE"
DS_TEP_F15.0_CRIT_278,chemical_plant,CRITICAL,5,"ACT_OP_CONTROLLED_SHUTDOWN, ACT_REPL_OVERHAUL, ACT_OP_DERATE_LOAD, ACT_INSP_SUBSYSTEM, ACT_MON_CONTINUE"
DS_TEP_F15.0_CRIT_314,chemical_plant,CRITICAL,5,"ACT_OP_CONTROLLED_SHUTDOWN, ACT_REPL_OVERHAUL, ACT_OP_DERATE_LOAD, ACT_INSP_SUBSYSTEM, ACT_MON_CONTINUE"
DS_TEP_F17.0_CRIT_313,chemical_plant,CRITICAL,5,"ACT_OP_CONTROLLED_SHUTDOWN, ACT_REPL_OVERHAUL, ACT_OP_DERATE_LOAD, ACT_INSP_SUBSYSTEM, ACT_MON_CONTINUE"
DS_TEP_F17.0_CRIT_351,chemical_plant,CRITICAL,5,"ACT_OP_CONTROLLED_SHUTDOWN, ACT_REPL_OVERHAUL, ACT_OP_DERATE_LOAD, ACT_INSP_SUBSYSTEM, ACT_MON_CONTINUE"
DS_TEP_F17.0_EARLY_161,chemical_plant,WATCH,4,"ACT_MON_ENHANCED, ACT_MON_CONTINUE, ACT_INSP_SUBSYSTEM, ACT_CORR_CALIBRATE"
DS_TEP_F17.0_EARLY_196,chemical_plant,WATCH,4,"ACT_MON_ENHANCED, ACT_MON_CONTINUE, ACT_INSP_SUBSYSTEM, ACT_CORR_CALIBRATE"
DS_TEP_F18.0_CRIT_351,chemical_plant,CRITICAL,5,"ACT_OP_CONTROLLED_SHUTDOWN, ACT_REPL_OVERHAUL, ACT_OP_DERATE_LOAD, ACT_INSP_SUBSYSTEM, ACT_MON_CONTINUE"
DS_TEP_F18.0_EARLY_196,chemical_plant,WATCH,4,"ACT_MON_ENHANCED, ACT_MON_CONTINUE, ACT_INSP_SUBSYSTEM, ACT_CORR_CALIBRATE"
DS_TEP_F19.0_CRIT_351,chemical_plant,CRITICAL,5,"ACT_OP_CONTROLLED_SHUTDOWN, ACT_REPL_OVERHAUL, ACT_OP_DERATE_LOAD, ACT_INSP_SUBSYSTEM, ACT_MON_CONTINUE"
DS_TEP_F19.0_EARLY_161,chemical_plant,WATCH,4,"ACT_MON_ENHANCED, ACT_MON_CONTINUE, ACT_INSP_SUBSYSTEM, ACT_CORR_CALIBRATE"
DS_TEP_F2.0_CRIT_278,chemical_plant,CRITICAL,5,"ACT_OP_CONTROLLED_SHUTDOWN, ACT_REPL_OVERHAUL, ACT_OP_DERATE_LOAD, ACT_INSP_SUBSYSTEM, ACT_MON_CONTINUE"
DS_TEP_F2.0_CRIT_314,chemical_plant,CRITICAL,5,"ACT_OP_CONTROLLED_SHUTDOWN, ACT_REPL_OVERHAUL, ACT_OP_DERATE_LOAD, ACT_INSP_SUBSYSTEM, ACT_MON_CONTINUE"
DS_TEP_F2.0_CRIT_351,chemical_plant,CRITICAL,5,"ACT_OP_CONTROLLED_SHUTDOWN, ACT_REPL_OVERHAUL, ACT_OP_DERATE_LOAD, ACT_INSP_SUBSYSTEM, ACT_MON_CONTINUE"
DS_TEP_F2.0_EARLY_154,chemical_plant,WATCH,4,"ACT_MON_ENHANCED, ACT_MON_CONTINUE, ACT_INSP_SUBSYSTEM, ACT_CORR_CALIBRATE"
DS_TEP_F20.0_CRIT_278,chemical_plant,CRITICAL,5,"ACT_OP_CONTROLLED_SHUTDOWN, ACT_REPL_OVERHAUL, ACT_OP_DERATE_LOAD, ACT_INSP_SUBSYSTEM, ACT_MON_CONTINUE"
DS_TEP_F20.0_EARLY_196,chemical_plant,WATCH,4,"ACT_MON_ENHANCED, ACT_MON_CONTINUE, ACT_INSP_SUBSYSTEM, ACT_CORR_CALIBRATE"
DS_TEP_F20.0_EARLY_21,chemical_plant,WATCH,4,"ACT_MON_ENHANCED, ACT_MON_CONTINUE, ACT_INSP_SUBSYSTEM, ACT_CORR_CALIBRATE"
DS_TEP_F3.0_CRIT_278,chemical_plant,CRITICAL,5,"ACT_OP_CONTROLLED_SHUTDOWN, ACT_REPL_OVERHAUL, ACT_OP_DERATE_LOAD, ACT_INSP_SUBSYSTEM, ACT_MON_CONTINUE"
DS_TEP_F3.0_CRIT_489,chemical_plant,CRITICAL,5,"ACT_OP_CONTROLLED_SHUTDOWN, ACT_REPL_OVERHAUL, ACT_OP_DERATE_LOAD, ACT_INSP_SUBSYSTEM, ACT_MON_CONTINUE"
DS_TEP_F3.0_EARLY_161,chemical_plant,WATCH,4,"ACT_MON_ENHANCED, ACT_MON_CONTINUE, ACT_INSP_SUBSYSTEM, ACT_CORR_CALIBRATE"
DS_TEP_F3.0_EARLY_196,chemical_plant,WATCH,4,"ACT_MON_ENHANCED, ACT_MON_CONTINUE, ACT_INSP_SUBSYSTEM, ACT_CORR_CALIBRATE"
DS_TEP_F4.0_CRIT_351,chemical_plant,CRITICAL,5,"ACT_OP_CONTROLLED_SHUTDOWN, ACT_REPL_OVERHAUL, ACT_OP_DERATE_LOAD, ACT_INSP_SUBSYSTEM, ACT_MON_CONTINUE"
DS_TEP_F4.0_EARLY_161,chemical_plant,WATCH,4,"ACT_MON_ENHANCED, ACT_MON_CONTINUE, ACT_INSP_SUBSYSTEM, ACT_CORR_CALIBRATE"
DS_TEP_F5.0_EARLY_154,chemical_plant,WATCH,4,"ACT_MON_ENHANCED, ACT_MON_CONTINUE, ACT_INSP_SUBSYSTEM, ACT_CORR_CALIBRATE"
DS_TEP_F5.0_EARLY_196,chemical_plant,WATCH,4,"ACT_MON_ENHANCED, ACT_MON_CONTINUE, ACT_INSP_SUBSYSTEM, ACT_CORR_CALIBRATE"
DS_TEP_F6.0_CRIT_351,chemical_plant,CRITICAL,5,"ACT_OP_CONTROLLED_SHUTDOWN, ACT_REPL_OVERHAUL, ACT_OP_DERATE_LOAD, ACT_INSP_SUBSYSTEM, ACT_MON_CONTINUE"
DS_TEP_F6.0_CRIT_489,chemical_plant,CRITICAL,5,"ACT_OP_CONTROLLED_SHUTDOWN, ACT_REPL_OVERHAUL, ACT_OP_DERATE_LOAD, ACT_INSP_SUBSYSTEM, ACT_MON_CONTINUE"
DS_TEP_F6.0_EARLY_154,chemical_plant,WATCH,4,"ACT_MON_ENHANCED, ACT_MON_CONTINUE, ACT_INSP_SUBSYSTEM, ACT_CORR_CALIBRATE"
DS_TEP_F6.0_EARLY_161,chemical_plant,WATCH,4,"ACT_MON_ENHANCED, ACT_MON_CONTINUE, ACT_INSP_SUBSYSTEM, ACT_CORR_CALIBRATE"
DS_TEP_F6.0_EARLY_196,chemical_plant,WATCH,4,"ACT_MON_ENHANCED, ACT_MON_CONTINUE, ACT_INSP_SUBSYSTEM, ACT_CORR_CALIBRATE"
DS_TEP_F7.0_CRIT_489,chemical_plant,CRITICAL,5,"ACT_OP_CONTROLLED_SHUTDOWN, ACT_REPL_OVERHAUL, ACT_OP_DERATE_LOAD, ACT_INSP_SUBSYSTEM, ACT_MON_CONTINUE"
DS_TEP_F7.0_EARLY_21,chemical_plant,WATCH,4,"ACT_MON_ENHANCED, ACT_MON_CONTINUE, ACT_INSP_SUBSYSTEM, ACT_CORR_CALIBRATE"
DS_TEP_F8.0_EARLY_196,chemical_plant,WATCH,4,"ACT_MON_ENHANCED, ACT_MON_CONTINUE, ACT_INSP_SUBSYSTEM, ACT_CORR_CALIBRATE"
DS_TEP_F8.0_EARLY_21,chemical_plant,WATCH,4,"ACT_MON_ENHANCED, ACT_MON_CONTINUE, ACT_INSP_SUBSYSTEM, ACT_CORR_CALIBRATE"
DS_TEP_F9.0_CRIT_278,chemical_plant,CRITICAL,5,"ACT_OP_CONTROLLED_SHUTDOWN, ACT_REPL_OVERHAUL, ACT_OP_DERATE_LOAD, ACT_INSP_SUBSYSTEM, ACT_MON_CONTINUE"
DS_TEP_F9.0_EARLY_196,chemical_plant,WATCH,4,"ACT_MON_ENHANCED, ACT_MON_CONTINUE, ACT_INSP_SUBSYSTEM, ACT_CORR_CALIBRATE"
